id,product_kr,product_en,hook_key,hook_kr,overlay_text_kr,scene_kr,persona_kr,style_kr,color_kr,aspect_ratio,size,ig_format,image_prompt,negative_prompt,status,image_path
yg_0001,슬림,Slim,curiosity_gap,호기심 갭,왜 다들 침대를 두고 여기서 잘까?,한강 피크닉 잔디,게이머 청년,푹 꺼지는 모션 블러,크림 베이지,4:5,1080x1350,피드 세로,"A premium oversized bean bag sofa (좁은 폭의 빈백, 1인 라운지 체어 형태), 크림 베이지 fabric color, a young gamer with a controller, Hangang river park lawn picnic, outdoor daytime, motion-blur of a body sinking into the bean bag, dynamic, Korean home aesthetic, photorealistic, high-end interior photography, soft natural shadows, 8k, advertising quality, leave clean negative space at the top for a text overlay","logo, brand text, watermark, deformed limbs, extra fingers, low quality, blurry text, distorted face, cluttered, oversaturated, plastic look, duplicate furniture, broken perspective",pending,
yg_0002,펫,Pet,asmr_sensory,감각·ASMR,푹— 몸이 그대로 녹아드는 소리,감성 카페 라운지,책 읽는 학생,초근접 텍스처 클로즈업,차콜 그레이,4:5,1080x1350,피드 세로,"A premium oversized bean bag sofa (방수·항균·발톱 저항 커버의 반려동물용 빈백), 차콜 그레이 fabric color, a student reading a book, trendy cafe lounge interior, warm wood tones, extreme macro close-up of plush fabric texture, shallow depth of field, Korean home aesthetic, photorealistic, high-end interior photography, soft natural shadows, 8k, advertising quality, leave clean negative space at the top for a text overlay","logo, brand text, watermark, deformed limbs, extra fingers, low quality, blurry text, distorted face, cluttered, oversaturated, plastic look, duplicate furniture, broken perspective",pending,
yg_0003,팟엑스,Pod X,aspiration,동경·라이프스타일,"이런 주말, 가져본 적 있나요",감성 카페 라운지,20대 1인 가구 여성,오버헤드 부감,라벤더,9:16,1080x1920,릴스/스토리,"A premium oversized bean bag sofa (확장형 듀얼 라이너 빈백, 몸 굴곡에 반응하는 분절 패널), 라벤더 fabric color, a young woman in her 20s living alone, relaxed, trendy cafe lounge interior, warm wood tones, high overhead bird's-eye angle looking down, Korean home aesthetic, photorealistic, high-end interior photography, soft natural shadows, 8k, advertising quality, leave clean negative space at the top for a text overlay","logo, brand text, watermark, deformed limbs, extra fingers, low quality, blurry text, distorted face, cluttered, oversaturated, plastic look, duplicate furniture, broken perspective",pending,
yg_0004,팟엑스,Pod X,pattern_interrupt,패턴 인터럽트,이 자세 실화냐,감성 카페 라운지,게이머 청년,초근접 텍스처 클로즈업,머스타드 옐로,9:16,1080x1920,릴스/스토리,"A premium oversized bean bag sofa (확장형 듀얼 라이너 빈백, 몸 굴곡에 반응하는 분절 패널), 머스타드 옐로 fabric color, a young gamer with a controller, trendy cafe lounge interior, warm wood tones, extreme macro close-up of plush fabric texture, shallow depth of field, Korean home aesthetic, photorealistic, high-end interior photography, soft natural shadows, 8k, advertising quality, leave clean negative space at the top for a text overlay","logo, brand text, watermark, deformed limbs, extra fingers, low quality, blurry text, distorted face, cluttered, oversaturated, plastic look, duplicate furniture, broken perspective",pending,
yg_0005,드롭,Drop,before_after,비포·애프터,딱딱한 거실 → 3초 만에 라운지로,게이밍 셋업 방,반려견과 집사,라이프스타일 와이드,머스타드 옐로,4:5,1080x1350,피드 세로,"A premium oversized bean bag sofa (물방울 형태의 빈백 스툴, 발받침·보조 좌석용), 머스타드 옐로 fabric color, a person with a small dog cuddling, gaming room with RGB lights and a desk setup, wide lifestyle editorial shot, natural light, lived-in feel, Korean home aesthetic, photorealistic, high-end interior photography, soft natural shadows, 8k, advertising quality, leave clean negative space at the top for a text overlay","logo, brand text, watermark, deformed limbs, extra fingers, low quality, blurry text, distorted face, cluttered, oversaturated, plastic look, duplicate furniture, broken perspective",pending,
yg_0006,허기보,Hugibo,social_proof,사회적 증거,재구매율이 말해주는 편안함,감성 카페 라운지,게이머 청년,초근접 텍스처 클로즈업,라벤더,4:5,1080x1350,피드 세로,"A premium oversized bean bag sofa (끌어안는 바디필로우형 빈백, 수면·포옹감 강조), 라벤더 fabric color, a young gamer with a controller, trendy cafe lounge interior, warm wood tones, extreme macro close-up of plush fabric texture, shallow depth of field, Korean home aesthetic, photorealistic, high-end interior photography, soft natural shadows, 8k, advertising quality, leave clean negative space at the top for a text overlay","logo, brand text, watermark, deformed limbs, extra fingers, low quality, blurry text, distorted face, cluttered, oversaturated, plastic look, duplicate furniture, broken perspective",pending,
yg_0007,서포트,Support,asmr_sensory,감각·ASMR,"오늘 밤, 여기로 사라지고 싶다",재택 홈오피스,게이머 청년,파스텔 팝 컬러블록,더스티 핑크,1:1,1080x1080,피드 정방,"A premium oversized bean bag sofa (U자형 받침 쿠션, 빈백과 결합해 리클라이너로 변신), 더스티 핑크 fabric color, a young gamer with a controller, work-from-home office corner, laptop on a low table, pastel pop color-block background, playful graphic style, Korean home aesthetic, photorealistic, high-end interior photography, soft natural shadows, 8k, advertising quality, leave clean negative space at the top for a text overlay","logo, brand text, watermark, deformed limbs, extra fingers, low quality, blurry text, distorted face, cluttered, oversaturated, plastic look, duplicate furniture, broken perspective",pending,
yg_0008,팟,Pod,price_value,가치·합리화,"10년 쓰는 소파, 커버만 갈면 새것",아늑한 원룸,20대 1인 가구 여성,파스텔 팝 컬러블록,올리브 그린,4:5,1080x1350,피드 세로,"A premium oversized bean bag sofa (둥근 1인 의자형 빈백, 감싸는 듯한 곡선 실루엣), 올리브 그린 fabric color, a young woman in her 20s living alone, relaxed, cozy compact studio apartment, minimal Korean interior, pastel pop color-block background, playful graphic style, Korean home aesthetic, photorealistic, high-end interior photography, soft natural shadows, 8k, advertising quality, leave clean negative space at the top for a text overlay","logo, brand text, watermark, deformed limbs, extra fingers, low quality, blurry text, distorted face, cluttered, oversaturated, plastic look, duplicate furniture, broken perspective",pending,
yg_0009,팟엑스,Pod X,asmr_sensory,감각·ASMR,무중력으로 가라앉는 30초,캠핑·차박 텐트 안,게이머 청년,다크 무드 라이팅,크림 베이지,9:16,1080x1920,릴스/스토리,"A premium oversized bean bag sofa (확장형 듀얼 라이너 빈백, 몸 굴곡에 반응하는 분절 패널), 크림 베이지 fabric color, a young gamer with a controller, inside a camping tent / car-camping setup, lantern light, dark moody lighting with a single warm light source, Korean home aesthetic, photorealistic, high-end interior photography, soft natural shadows, 8k, advertising quality, leave clean negative space at the top for a text overlay","logo, brand text, watermark, deformed limbs, extra fingers, low quality, blurry text, distorted face, cluttered, oversaturated, plastic look, duplicate furniture, broken perspective",pending,
yg_0010,허기보,Hugibo,problem_agitate,문제 자극,소파에서 자고 일어나면 허리 아픈 당신에게,펜션·풀빌라 거실,게이머 청년,한 손 스케일 비교,오트밀 화이트,1:1,1080x1080,피드 정방,"A premium oversized bean bag sofa (끌어안는 바디필로우형 빈백, 수면·포옹감 강조), 오트밀 화이트 fabric color, a young gamer with a controller, vacation pension living room, premium resort vibe, hand or person for scale, emphasizing size and softness, Korean home aesthetic, photorealistic, high-end interior photography, soft natural shadows, 8k, advertising quality, leave clean negative space at the top for a text overlay","logo, brand text, watermark, deformed limbs, extra fingers, low quality, blurry text, distorted face, cluttered, oversaturated, plastic look, duplicate furniture, broken perspective",pending,
yg_0011,미니,Mini,aspiration,동경·라이프스타일,퇴근하고 싶어지는 집의 비밀,한강 피크닉 잔디,아이와 부모 가족,탑다운 플랫레이,머스타드 옐로,4:5,1080x1350,피드 세로,"A premium oversized bean bag sofa (1인용 소형 빈백, 가볍고 어디든 옮기는 컴팩트 사이즈), 머스타드 옐로 fabric color, a parent and a child playing, Hangang river park lawn picnic, outdoor daytime, top-down flat lay composition, neatly arranged, Korean home aesthetic, photorealistic, high-end interior photography, soft natural shadows, 8k, advertising quality, leave clean negative space at the top for a text overlay","logo, brand text, watermark, deformed limbs, extra fingers, low quality, blurry text, distorted face, cluttered, oversaturated, plastic look, duplicate furniture, broken perspective",pending,
yg_0012,펫,Pet,problem_agitate,문제 자극,"비싼 소파, 커버는 왜 못 빨까?",펜션·풀빌라 거실,반려견과 집사,초근접 텍스처 클로즈업,딥 네이비,9:16,1080x1920,릴스/스토리,"A premium oversized bean bag sofa (방수·항균·발톱 저항 커버의 반려동물용 빈백), 딥 네이비 fabric color, a person with a small dog cuddling, vacation pension living room, premium resort vibe, extreme macro close-up of plush fabric texture, shallow depth of field, Korean home aesthetic, photorealistic, high-end interior photography, soft natural shadows, 8k, advertising quality, leave clean negative space at the top for a text overlay","logo, brand text, watermark, deformed limbs, extra fingers, low quality, blurry text, distorted face, cluttered, oversaturated, plastic look, duplicate furniture, broken perspective",pending,
yg_0013,서포트,Support,fomo_scarcity,FOMO·희소성,다들 이미 거실에 하나씩 들였대요,아늑한 원룸,아이와 부모 가족,로우앵글 임팩트,테라코타,1:1,1080x1080,피드 정방,"A premium oversized bean bag sofa (U자형 받침 쿠션, 빈백과 결합해 리클라이너로 변신), 테라코타 fabric color, a parent and a child playing, cozy compact studio apartment, minimal Korean interior, dramatic low angle, product looks grand and inviting, Korean home aesthetic, photorealistic, high-end interior photography, soft natural shadows, 8k, advertising quality, leave clean negative space at the top for a text overlay","logo, brand text, watermark, deformed limbs, extra fingers, low quality, blurry text, distorted face, cluttered, oversaturated, plastic look, duplicate furniture, broken perspective",pending,
yg_0014,온돌,Ondol,transformation,변신·다용도,접고 펴고 세우고 — 공간이 살아난다,펜션·풀빌라 거실,낮잠 자는 사람,탑다운 플랫레이,크림 베이지,4:5,1080x1350,피드 세로,"A premium oversized bean bag sofa (겨울 발열 커버형 빈백, 전기요 호환), 크림 베이지 fabric color, a person napping, eyes closed, blissful, vacation pension living room, premium resort vibe, top-down flat lay composition, neatly arranged, Korean home aesthetic, photorealistic, high-end interior photography, soft natural shadows, 8k, advertising quality, leave clean negative space at the top for a text overlay","logo, brand text, watermark, deformed limbs, extra fingers, low quality, blurry text, distorted face, cluttered, oversaturated, plastic look, duplicate furniture, broken perspective",pending,
yg_0015,펫,Pet,aspiration,동경·라이프스타일,퇴근하고 싶어지는 집의 비밀,서재 책장 앞,제품 단독(인물 없음),로우앵글 임팩트,오트밀 화이트,9:16,1080x1920,릴스/스토리,"A premium oversized bean bag sofa (방수·항균·발톱 저항 커버의 반려동물용 빈백), 오트밀 화이트 fabric color, home library nook in front of bookshelves, dramatic low angle, product looks grand and inviting, Korean home aesthetic, photorealistic, high-end interior photography, soft natural shadows, 8k, advertising quality, leave clean negative space at the top for a text overlay","logo, brand text, watermark, deformed limbs, extra fingers, low quality, blurry text, distorted face, cluttered, oversaturated, plastic look, duplicate furniture, broken perspective",pending,
yg_0016,허기보,Hugibo,problem_agitate,문제 자극,소파에서 자고 일어나면 허리 아픈 당신에게,무드등 켜진 밤 침실,시니어 부모님,다크 무드 라이팅,딥 네이비,4:5,1080x1350,피드 세로,"A premium oversized bean bag sofa (끌어안는 바디필로우형 빈백, 수면·포옹감 강조), 딥 네이비 fabric color, an elderly parent resting comfortably, dim bedroom at night with warm mood lighting, dark moody lighting with a single warm light source, Korean home aesthetic, photorealistic, high-end interior photography, soft natural shadows, 8k, advertising quality, leave clean negative space at the top for a text overlay","logo, brand text, watermark, deformed limbs, extra fingers, low quality, blurry text, distorted face, cluttered, oversaturated, plastic look, duplicate furniture, broken perspective",pending,
yg_0017,미디,Midi,season_hook,시즌·타이밍,"이사 시즌, 소파 대신 이것",무드등 켜진 밤 침실,친구들 홈파티,미니멀 제품 히어로,차콜 그레이,9:16,1080x1920,릴스/스토리,"A premium oversized bean bag sofa (맥스의 컴팩트 버전, 청소년·소형 공간용 중형 빈백), 차콜 그레이 fabric color, a few friends hanging out, casual home party, dim bedroom at night with warm mood lighting, minimal product hero shot, soft gradient backdrop, studio light, Korean home aesthetic, photorealistic, high-end interior photography, soft natural shadows, 8k, advertising quality, leave clean negative space at the top for a text overlay","logo, brand text, watermark, deformed limbs, extra fingers, low quality, blurry text, distorted face, cluttered, oversaturated, plastic look, duplicate furniture, broken perspective",pending,
yg_0018,서포트,Support,humor_relatable,유머·공감,‘잠깐만 누울게’ → 3시간 경과,키즈룸,시니어 부모님,스플릿 비교 컷,딥 네이비,1:1,1080x1080,피드 정방,"A premium oversized bean bag sofa (U자형 받침 쿠션, 빈백과 결합해 리클라이너로 변신), 딥 네이비 fabric color, an elderly parent resting comfortably, bright kids room with toys, playful pastel palette, split-screen before/after comparison layout, Korean home aesthetic, photorealistic, high-end interior photography, soft natural shadows, 8k, advertising quality, leave clean negative space at the top for a text overlay","logo, brand text, watermark, deformed limbs, extra fingers, low quality, blurry text, distorted face, cluttered, oversaturated, plastic look, duplicate furniture, broken perspective",pending,
yg_0019,슬림,Slim,season_hook,시즌·타이밍,환절기 허리에게 주는 선물,재택 홈오피스,게이머 청년,파스텔 팝 컬러블록,차콜 그레이,4:5,1080x1350,피드 세로,"A premium oversized bean bag sofa (좁은 폭의 빈백, 1인 라운지 체어 형태), 차콜 그레이 fabric color, a young gamer with a controller, work-from-home office corner, laptop on a low table, pastel pop color-block background, playful graphic style, Korean home aesthetic, photorealistic, high-end interior photography, soft natural shadows, 8k, advertising quality, leave clean negative space at the top for a text overlay","logo, brand text, watermark, deformed limbs, extra fingers, low quality, blurry text, distorted face, cluttered, oversaturated, plastic look, duplicate furniture, broken perspective",pending,
yg_0020,미니 K,Mini K,before_after,비포·애프터,소파 있을 때 vs 요기보 들인 후,키즈룸,20대 1인 가구 여성,한 손 스케일 비교,라벤더,4:5,1080x1350,피드 세로,"A premium oversized bean bag sofa (원룸·15평 이하 전용 초소형 빈백), 라벤더 fabric color, a young woman in her 20s living alone, relaxed, bright kids room with toys, playful pastel palette, hand or person for scale, emphasizing size and softness, Korean home aesthetic, photorealistic, high-end interior photography, soft natural shadows, 8k, advertising quality, leave clean negative space at the top for a text overlay","logo, brand text, watermark, deformed limbs, extra fingers, low quality, blurry text, distorted face, cluttered, oversaturated, plastic look, duplicate furniture, broken perspective",pending,
yg_0021,키즈,Kids,asmr_sensory,감각·ASMR,"오늘 밤, 여기로 사라지고 싶다",겨울 러그 깔린 마루,친구들 홈파티,스플릿 비교 컷,오트밀 화이트,4:5,1080x1350,피드 세로,"A premium oversized bean bag sofa (유아·아동 안전 인증 소형 빈백, 밝은 컬러), 오트밀 화이트 fabric color, a few friends hanging out, casual home party, winter living room with rug, cozy ondol floor warmth, split-screen before/after comparison layout, Korean home aesthetic, photorealistic, high-end interior photography, soft natural shadows, 8k, advertising quality, leave clean negative space at the top for a text overlay","logo, brand text, watermark, deformed limbs, extra fingers, low quality, blurry text, distorted face, cluttered, oversaturated, plastic look, duplicate furniture, broken perspective",pending,
yg_0022,미디,Midi,social_proof,사회적 증거,한 번 산 사람은 색깔만 늘린다,미니멀 화이트 스튜디오,다정한 커플,오버헤드 부감,딥 네이비,1:1,1080x1080,피드 정방,"A premium oversized bean bag sofa (맥스의 컴팩트 버전, 청소년·소형 공간용 중형 빈백), 딥 네이비 fabric color, a cozy couple lounging together, clean white photo studio, seamless backdrop, high overhead bird's-eye angle looking down, Korean home aesthetic, photorealistic, high-end interior photography, soft natural shadows, 8k, advertising quality, leave clean negative space at the top for a text overlay","logo, brand text, watermark, deformed limbs, extra fingers, low quality, blurry text, distorted face, cluttered, oversaturated, plastic look, duplicate furniture, broken perspective",pending,
yg_0023,피라미드,Pyramid,pattern_interrupt,패턴 인터럽트,끝까지 안 보면 손해,햇살 드는 거실 창가,재택근무 직장인,골든아워 시네마틱,테라코타,4:5,1080x1350,피드 세로,"A premium oversized bean bag sofa (삼각 쿠션형 빈백, 등·허리 받침용 보조 쿠션), 테라코타 fabric color, a remote worker taking a break, sunlit living room by a large window, soft daylight, golden hour cinematic lighting, warm glow, film look, Korean home aesthetic, photorealistic, high-end interior photography, soft natural shadows, 8k, advertising quality, leave clean negative space at the top for a text overlay","logo, brand text, watermark, deformed limbs, extra fingers, low quality, blurry text, distorted face, cluttered, oversaturated, plastic look, duplicate furniture, broken perspective",pending,
yg_0024,팟엑스,Pod X,humor_relatable,유머·공감,강아지에게 자리 뺏긴 1인,아늑한 원룸,재택근무 직장인,한 손 스케일 비교,차콜 그레이,9:16,1080x1920,릴스/스토리,"A premium oversized bean bag sofa (확장형 듀얼 라이너 빈백, 몸 굴곡에 반응하는 분절 패널), 차콜 그레이 fabric color, a remote worker taking a break, cozy compact studio apartment, minimal Korean interior, hand or person for scale, emphasizing size and softness, Korean home aesthetic, photorealistic, high-end interior photography, soft natural shadows, 8k, advertising quality, leave clean negative space at the top for a text overlay","logo, brand text, watermark, deformed limbs, extra fingers, low quality, blurry text, distorted face, cluttered, oversaturated, plastic look, duplicate furniture, broken perspective",pending,
yg_0025,미디,Midi,before_after,비포·애프터,퇴근 전 vs 퇴근 후 내 모습,펜션·풀빌라 거실,낮잠 자는 사람,오버헤드 부감,올리브 그린,9:16,1080x1920,릴스/스토리,"A premium oversized bean bag sofa (맥스의 컴팩트 버전, 청소년·소형 공간용 중형 빈백), 올리브 그린 fabric color, a person napping, eyes closed, blissful, vacation pension living room, premium resort vibe, high overhead bird's-eye angle looking down, Korean home aesthetic, photorealistic, high-end interior photography, soft natural shadows, 8k, advertising quality, leave clean negative space at the top for a text overlay","logo, brand text, watermark, deformed limbs, extra fingers, low quality, blurry text, distorted face, cluttered, oversaturated, plastic look, duplicate furniture, broken perspective",pending,
yg_0026,미니 K,Mini K,problem_agitate,문제 자극,"비싼 소파, 커버는 왜 못 빨까?",재택 홈오피스,제품 단독(인물 없음),한 손 스케일 비교,올리브 그린,9:16,1080x1920,릴스/스토리,"A premium oversized bean bag sofa (원룸·15평 이하 전용 초소형 빈백), 올리브 그린 fabric color, work-from-home office corner, laptop on a low table, hand or person for scale, emphasizing size and softness, Korean home aesthetic, photorealistic, high-end interior photography, soft natural shadows, 8k, advertising quality, leave clean negative space at the top for a text overlay","logo, brand text, watermark, deformed limbs, extra fingers, low quality, blurry text, distorted face, cluttered, oversaturated, plastic look, duplicate furniture, broken perspective",pending,
yg_0027,허기보,Hugibo,pattern_interrupt,패턴 인터럽트,이 자세 실화냐,재택 홈오피스,낮잠 자는 사람,라이프스타일 와이드,테라코타,4:5,1080x1350,피드 세로,"A premium oversized bean bag sofa (끌어안는 바디필로우형 빈백, 수면·포옹감 강조), 테라코타 fabric color, a person napping, eyes closed, blissful, work-from-home office corner, laptop on a low table, wide lifestyle editorial shot, natural light, lived-in feel, Korean home aesthetic, photorealistic, high-end interior photography, soft natural shadows, 8k, advertising quality, leave clean negative space at the top for a text overlay","logo, brand text, watermark, deformed limbs, extra fingers, low quality, blurry text, distorted face, cluttered, oversaturated, plastic look, duplicate furniture, broken perspective",pending,
yg_0028,피라미드,Pyramid,curiosity_gap,호기심 갭,이게 소파라고? 끝까지 보면 놀람,감성 카페 라운지,시니어 부모님,푹 꺼지는 모션 블러,테라코타,4:5,1080x1350,피드 세로,"A premium oversized bean bag sofa (삼각 쿠션형 빈백, 등·허리 받침용 보조 쿠션), 테라코타 fabric color, an elderly parent resting comfortably, trendy cafe lounge interior, warm wood tones, motion-blur of a body sinking into the bean bag, dynamic, Korean home aesthetic, photorealistic, high-end interior photography, soft natural shadows, 8k, advertising quality, leave clean negative space at the top for a text overlay","logo, brand text, watermark, deformed limbs, extra fingers, low quality, blurry text, distorted face, cluttered, oversaturated, plastic look, duplicate furniture, broken perspective",pending,
yg_0029,프라임,Prime,price_value,가치·합리화,"소파 + 침대 + 의자, 가격은 하나",펜션·풀빌라 거실,20대 1인 가구 여성,푹 꺼지는 모션 블러,딥 네이비,9:16,1080x1920,릴스/스토리,"A premium oversized bean bag sofa (슬림한 등받이형 빈백, 의자처럼 세워 앉기 좋은 형태), 딥 네이비 fabric color, a young woman in her 20s living alone, relaxed, vacation pension living room, premium resort vibe, motion-blur of a body sinking into the bean bag, dynamic, Korean home aesthetic, photorealistic, high-end interior photography, soft natural shadows, 8k, advertising quality, leave clean negative space at the top for a text overlay","logo, brand text, watermark, deformed limbs, extra fingers, low quality, blurry text, distorted face, cluttered, oversaturated, plastic look, duplicate furniture, broken perspective",pending,
yg_0030,프라임,Prime,aspiration,동경·라이프스타일,퇴근하고 싶어지는 집의 비밀,게이밍 셋업 방,게이머 청년,파스텔 팝 컬러블록,테라코타,9:16,1080x1920,릴스/스토리,"A premium oversized bean bag sofa (슬림한 등받이형 빈백, 의자처럼 세워 앉기 좋은 형태), 테라코타 fabric color, a young gamer with a controller, gaming room with RGB lights and a desk setup, pastel pop color-block background, playful graphic style, Korean home aesthetic, photorealistic, high-end interior photography, soft natural shadows, 8k, advertising quality, leave clean negative space at the top for a text overlay","logo, brand text, watermark, deformed limbs, extra fingers, low quality, blurry text, distorted face, cluttered, oversaturated, plastic look, duplicate furniture, broken perspective",pending,
yg_0031,미디,Midi,price_value,가치·합리화,"10년 쓰는 소파, 커버만 갈면 새것",감성 카페 라운지,반려묘와 함께,다크 무드 라이팅,코발트 블루,9:16,1080x1920,릴스/스토리,"A premium oversized bean bag sofa (맥스의 컴팩트 버전, 청소년·소형 공간용 중형 빈백), 코발트 블루 fabric color, a person with a cat curled up nearby, trendy cafe lounge interior, warm wood tones, dark moody lighting with a single warm light source, Korean home aesthetic, photorealistic, high-end interior photography, soft natural shadows, 8k, advertising quality, leave clean negative space at the top for a text overlay","logo, brand text, watermark, deformed limbs, extra fingers, low quality, blurry text, distorted face, cluttered, oversaturated, plastic look, duplicate furniture, broken perspective",pending,
yg_0032,팟,Pod,asmr_sensory,감각·ASMR,무중력으로 가라앉는 30초,아늑한 원룸,친구들 홈파티,미니멀 제품 히어로,머스타드 옐로,9:16,1080x1920,릴스/스토리,"A premium oversized bean bag sofa (둥근 1인 의자형 빈백, 감싸는 듯한 곡선 실루엣), 머스타드 옐로 fabric color, a few friends hanging out, casual home party, cozy compact studio apartment, minimal Korean interior, minimal product hero shot, soft gradient backdrop, studio light, Korean home aesthetic, photorealistic, high-end interior photography, soft natural shadows, 8k, advertising quality, leave clean negative space at the top for a text overlay","logo, brand text, watermark, deformed limbs, extra fingers, low quality, blurry text, distorted face, cluttered, oversaturated, plastic look, duplicate furniture, broken perspective",pending,
yg_0033,플로어,Floor,price_value,가치·합리화,"소파 + 침대 + 의자, 가격은 하나",햇살 드는 거실 창가,친구들 홈파티,파스텔 팝 컬러블록,딥 네이비,9:16,1080x1920,릴스/스토리,"A premium oversized bean bag sofa (좌식 문화 맞춤 초저높이 빈백), 딥 네이비 fabric color, a few friends hanging out, casual home party, sunlit living room by a large window, soft daylight, pastel pop color-block background, playful graphic style, Korean home aesthetic, photorealistic, high-end interior photography, soft natural shadows, 8k, advertising quality, leave clean negative space at the top for a text overlay","logo, brand text, watermark, deformed limbs, extra fingers, low quality, blurry text, distorted face, cluttered, oversaturated, plastic look, duplicate furniture, broken perspective",pending,
yg_0034,피라미드,Pyramid,asmr_sensory,감각·ASMR,"오늘 밤, 여기로 사라지고 싶다",게이밍 셋업 방,아이와 부모 가족,푹 꺼지는 모션 블러,코발트 블루,4:5,1080x1350,피드 세로,"A premium oversized bean bag sofa (삼각 쿠션형 빈백, 등·허리 받침용 보조 쿠션), 코발트 블루 fabric color, a parent and a child playing, gaming room with RGB lights and a desk setup, motion-blur of a body sinking into the bean bag, dynamic, Korean home aesthetic, photorealistic, high-end interior photography, soft natural shadows, 8k, advertising quality, leave clean negative space at the top for a text overlay","logo, brand text, watermark, deformed limbs, extra fingers, low quality, blurry text, distorted face, cluttered, oversaturated, plastic look, duplicate furniture, broken perspective",pending,
yg_0035,미니 K,Mini K,before_after,비포·애프터,딱딱한 거실 → 3초 만에 라운지로,서재 책장 앞,낮잠 자는 사람,푹 꺼지는 모션 블러,코발트 블루,9:16,1080x1920,릴스/스토리,"A premium oversized bean bag sofa (원룸·15평 이하 전용 초소형 빈백), 코발트 블루 fabric color, a person napping, eyes closed, blissful, home library nook in front of bookshelves, motion-blur of a body sinking into the bean bag, dynamic, Korean home aesthetic, photorealistic, high-end interior photography, soft natural shadows, 8k, advertising quality, leave clean negative space at the top for a text overlay","logo, brand text, watermark, deformed limbs, extra fingers, low quality, blurry text, distorted face, cluttered, oversaturated, plastic look, duplicate furniture, broken perspective",pending,
yg_0036,슬림,Slim,curiosity_gap,호기심 갭,"이 소파, 3초만 앉으면 못 일어나는 이유",펜션·풀빌라 거실,시니어 부모님,초근접 텍스처 클로즈업,테라코타,4:5,1080x1350,피드 세로,"A premium oversized bean bag sofa (좁은 폭의 빈백, 1인 라운지 체어 형태), 테라코타 fabric color, an elderly parent resting comfortably, vacation pension living room, premium resort vibe, extreme macro close-up of plush fabric texture, shallow depth of field, Korean home aesthetic, photorealistic, high-end interior photography, soft natural shadows, 8k, advertising quality, leave clean negative space at the top for a text overlay","logo, brand text, watermark, deformed limbs, extra fingers, low quality, blurry text, distorted face, cluttered, oversaturated, plastic look, duplicate furniture, broken perspective",pending,
yg_0037,미니 K,Mini K,pattern_interrupt,패턴 인터럽트,"잠깐, 저 사람 지금 소파 안으로 빨려 들어감",키즈룸,아이와 부모 가족,미니멀 제품 히어로,크림 베이지,9:16,1080x1920,릴스/스토리,"A premium oversized bean bag sofa (원룸·15평 이하 전용 초소형 빈백), 크림 베이지 fabric color, a parent and a child playing, bright kids room with toys, playful pastel palette, minimal product hero shot, soft gradient backdrop, studio light, Korean home aesthetic, photorealistic, high-end interior photography, soft natural shadows, 8k, advertising quality, leave clean negative space at the top for a text overlay","logo, brand text, watermark, deformed limbs, extra fingers, low quality, blurry text, distorted face, cluttered, oversaturated, plastic look, duplicate furniture, broken perspective",pending,
yg_0038,맥스,Max,transformation,변신·다용도,"1개로 5가지 자세, 직접 보세요",서재 책장 앞,낮잠 자는 사람,스플릿 비교 컷,라벤더,1:1,1080x1080,피드 정방,"A premium oversized bean bag sofa (6피트 풀사이즈 빈백 소파, 1인이 완전히 누울 수 있는 길이), 라벤더 fabric color, a person napping, eyes closed, blissful, home library nook in front of bookshelves, split-screen before/after comparison layout, Korean home aesthetic, photorealistic, high-end interior photography, soft natural shadows, 8k, advertising quality, leave clean negative space at the top for a text overlay","logo, brand text, watermark, deformed limbs, extra fingers, low quality, blurry text, distorted face, cluttered, oversaturated, plastic look, duplicate furniture, broken perspective",pending,
yg_0039,온돌,Ondol,before_after,비포·애프터,딱딱한 거실 → 3초 만에 라운지로,게이밍 셋업 방,게이머 청년,푹 꺼지는 모션 블러,오트밀 화이트,9:16,1080x1920,릴스/스토리,"A premium oversized bean bag sofa (겨울 발열 커버형 빈백, 전기요 호환), 오트밀 화이트 fabric color, a young gamer with a controller, gaming room with RGB lights and a desk setup, motion-blur of a body sinking into the bean bag, dynamic, Korean home aesthetic, photorealistic, high-end interior photography, soft natural shadows, 8k, advertising quality, leave clean negative space at the top for a text overlay","logo, brand text, watermark, deformed limbs, extra fingers, low quality, blurry text, distorted face, cluttered, oversaturated, plastic look, duplicate furniture, broken perspective",pending,
yg_0040,더블,Double,price_value,가치·합리화,한 번 사면 왜 안 바꾸는지 알게 됨,발코니·테라스,20대 1인 가구 여성,초근접 텍스처 클로즈업,코발트 블루,9:16,1080x1920,릴스/스토리,"A premium oversized bean bag sofa (맥스 2배 폭의 초대형 빈백, 커플·가족용 침대 겸용), 코발트 블루 fabric color, a young woman in her 20s living alone, relaxed, apartment balcony with plants and city view, extreme macro close-up of plush fabric texture, shallow depth of field, Korean home aesthetic, photorealistic, high-end interior photography, soft natural shadows, 8k, advertising quality, leave clean negative space at the top for a text overlay","logo, brand text, watermark, deformed limbs, extra fingers, low quality, blurry text, distorted face, cluttered, oversaturated, plastic look, duplicate furniture, broken perspective",pending,
yg_0041,키즈,Kids,before_after,비포·애프터,퇴근 전 vs 퇴근 후 내 모습,햇살 드는 거실 창가,시니어 부모님,라이프스타일 와이드,차콜 그레이,1:1,1080x1080,피드 정방,"A premium oversized bean bag sofa (유아·아동 안전 인증 소형 빈백, 밝은 컬러), 차콜 그레이 fabric color, an elderly parent resting comfortably, sunlit living room by a large window, soft daylight, wide lifestyle editorial shot, natural light, lived-in feel, Korean home aesthetic, photorealistic, high-end interior photography, soft natural shadows, 8k, advertising quality, leave clean negative space at the top for a text overlay","logo, brand text, watermark, deformed limbs, extra fingers, low quality, blurry text, distorted face, cluttered, oversaturated, plastic look, duplicate furniture, broken perspective",pending,
yg_0042,프라임,Prime,season_hook,시즌·타이밍,"장마철, 집이 가장 좋아지는 이유",겨울 러그 깔린 마루,아이와 부모 가족,미니멀 제품 히어로,오트밀 화이트,4:5,1080x1350,피드 세로,"A premium oversized bean bag sofa (슬림한 등받이형 빈백, 의자처럼 세워 앉기 좋은 형태), 오트밀 화이트 fabric color, a parent and a child playing, winter living room with rug, cozy ondol floor warmth, minimal product hero shot, soft gradient backdrop, studio light, Korean home aesthetic, photorealistic, high-end interior photography, soft natural shadows, 8k, advertising quality, leave clean negative space at the top for a text overlay","logo, brand text, watermark, deformed limbs, extra fingers, low quality, blurry text, distorted face, cluttered, oversaturated, plastic look, duplicate furniture, broken perspective",pending,
yg_0043,더블,Double,humor_relatable,유머·공감,‘잠깐만 누울게’ → 3시간 경과,아늑한 원룸,책 읽는 학생,파스텔 팝 컬러블록,오트밀 화이트,9:16,1080x1920,릴스/스토리,"A premium oversized bean bag sofa (맥스 2배 폭의 초대형 빈백, 커플·가족용 침대 겸용), 오트밀 화이트 fabric color, a student reading a book, cozy compact studio apartment, minimal Korean interior, pastel pop color-block background, playful graphic style, Korean home aesthetic, photorealistic, high-end interior photography, soft natural shadows, 8k, advertising quality, leave clean negative space at the top for a text overlay","logo, brand text, watermark, deformed limbs, extra fingers, low quality, blurry text, distorted face, cluttered, oversaturated, plastic look, duplicate furniture, broken perspective",pending,
yg_0044,피라미드,Pyramid,fomo_scarcity,FOMO·희소성,다들 이미 거실에 하나씩 들였대요,게이밍 셋업 방,친구들 홈파티,한 손 스케일 비교,테라코타,4:5,1080x1350,피드 세로,"A premium oversized bean bag sofa (삼각 쿠션형 빈백, 등·허리 받침용 보조 쿠션), 테라코타 fabric color, a few friends hanging out, casual home party, gaming room with RGB lights and a desk setup, hand or person for scale, emphasizing size and softness, Korean home aesthetic, photorealistic, high-end interior photography, soft natural shadows, 8k, advertising quality, leave clean negative space at the top for a text overlay","logo, brand text, watermark, deformed limbs, extra fingers, low quality, blurry text, distorted face, cluttered, oversaturated, plastic look, duplicate furniture, broken perspective",pending,
yg_0045,서포트,Support,before_after,비포·애프터,어제의 허리 vs 오늘의 허리,펜션·풀빌라 거실,친구들 홈파티,스플릿 비교 컷,더스티 핑크,4:5,1080x1350,피드 세로,"A premium oversized bean bag sofa (U자형 받침 쿠션, 빈백과 결합해 리클라이너로 변신), 더스티 핑크 fabric color, a few friends hanging out, casual home party, vacation pension living room, premium resort vibe, split-screen before/after comparison layout, Korean home aesthetic, photorealistic, high-end interior photography, soft natural shadows, 8k, advertising quality, leave clean negative space at the top for a text overlay","logo, brand text, watermark, deformed limbs, extra fingers, low quality, blurry text, distorted face, cluttered, oversaturated, plastic look, duplicate furniture, broken perspective",pending,
yg_0046,맥스,Max,pattern_interrupt,패턴 인터럽트,"잠깐, 저 사람 지금 소파 안으로 빨려 들어감",감성 카페 라운지,반려묘와 함께,라이프스타일 와이드,라벤더,4:5,1080x1350,피드 세로,"A premium oversized bean bag sofa (6피트 풀사이즈 빈백 소파, 1인이 완전히 누울 수 있는 길이), 라벤더 fabric color, a person with a cat curled up nearby, trendy cafe lounge interior, warm wood tones, wide lifestyle editorial shot, natural light, lived-in feel, Korean home aesthetic, photorealistic, high-end interior photography, soft natural shadows, 8k, advertising quality, leave clean negative space at the top for a text overlay","logo, brand text, watermark, deformed limbs, extra fingers, low quality, blurry text, distorted face, cluttered, oversaturated, plastic look, duplicate furniture, broken perspective",pending,
yg_0047,키즈,Kids,fomo_scarcity,FOMO·희소성,한정 컬러 — 재입고 없음,무드등 켜진 밤 침실,반려견과 집사,라이프스타일 와이드,더스티 핑크,4:5,1080x1350,피드 세로,"A premium oversized bean bag sofa (유아·아동 안전 인증 소형 빈백, 밝은 컬러), 더스티 핑크 fabric color, a person with a small dog cuddling, dim bedroom at night with warm mood lighting, wide lifestyle editorial shot, natural light, lived-in feel, Korean home aesthetic, photorealistic, high-end interior photography, soft natural shadows, 8k, advertising quality, leave clean negative space at the top for a text overlay","logo, brand text, watermark, deformed limbs, extra fingers, low quality, blurry text, distorted face, cluttered, oversaturated, plastic look, duplicate furniture, broken perspective",pending,
yg_0048,미니,Mini,pattern_interrupt,패턴 인터럽트,끝까지 안 보면 손해,겨울 러그 깔린 마루,시니어 부모님,한 손 스케일 비교,오트밀 화이트,1:1,1080x1080,피드 정방,"A premium oversized bean bag sofa (1인용 소형 빈백, 가볍고 어디든 옮기는 컴팩트 사이즈), 오트밀 화이트 fabric color, an elderly parent resting comfortably, winter living room with rug, cozy ondol floor warmth, hand or person for scale, emphasizing size and softness, Korean home aesthetic, photorealistic, high-end interior photography, soft natural shadows, 8k, advertising quality, leave clean negative space at the top for a text overlay","logo, brand text, watermark, deformed limbs, extra fingers, low quality, blurry text, distorted face, cluttered, oversaturated, plastic look, duplicate furniture, broken perspective",pending,
yg_0049,키즈,Kids,curiosity_gap,호기심 갭,"이 소파, 3초만 앉으면 못 일어나는 이유",펜션·풀빌라 거실,시니어 부모님,스플릿 비교 컷,크림 베이지,4:5,1080x1350,피드 세로,"A premium oversized bean bag sofa (유아·아동 안전 인증 소형 빈백, 밝은 컬러), 크림 베이지 fabric color, an elderly parent resting comfortably, vacation pension living room, premium resort vibe, split-screen before/after comparison layout, Korean home aesthetic, photorealistic, high-end interior photography, soft natural shadows, 8k, advertising quality, leave clean negative space at the top for a text overlay","logo, brand text, watermark, deformed limbs, extra fingers, low quality, blurry text, distorted face, cluttered, oversaturated, plastic look, duplicate furniture, broken perspective",pending,
yg_0050,슬림,Slim,asmr_sensory,감각·ASMR,무중력으로 가라앉는 30초,한강 피크닉 잔디,시니어 부모님,탑다운 플랫레이,올리브 그린,1:1,1080x1080,피드 정방,"A premium oversized bean bag sofa (좁은 폭의 빈백, 1인 라운지 체어 형태), 올리브 그린 fabric color, an elderly parent resting comfortably, Hangang river park lawn picnic, outdoor daytime, top-down flat lay composition, neatly arranged, Korean home aesthetic, photorealistic, high-end interior photography, soft natural shadows, 8k, advertising quality, leave clean negative space at the top for a text overlay","logo, brand text, watermark, deformed limbs, extra fingers, low quality, blurry text, distorted face, cluttered, oversaturated, plastic look, duplicate furniture, broken perspective",pending,
yg_0051,팟,Pod,price_value,가치·합리화,버리는 소파 vs 평생 가는 소파,발코니·테라스,아이와 부모 가족,파스텔 팝 컬러블록,라벤더,9:16,1080x1920,릴스/스토리,"A premium oversized bean bag sofa (둥근 1인 의자형 빈백, 감싸는 듯한 곡선 실루엣), 라벤더 fabric color, a parent and a child playing, apartment balcony with plants and city view, pastel pop color-block background, playful graphic style, Korean home aesthetic, photorealistic, high-end interior photography, soft natural shadows, 8k, advertising quality, leave clean negative space at the top for a text overlay","logo, brand text, watermark, deformed limbs, extra fingers, low quality, blurry text, distorted face, cluttered, oversaturated, plastic look, duplicate furniture, broken perspective",pending,
yg_0052,드롭,Drop,curiosity_gap,호기심 갭,이걸 본 사람들이 소파를 버렸습니다,아늑한 원룸,친구들 홈파티,미니멀 제품 히어로,딥 네이비,4:5,1080x1350,피드 세로,"A premium oversized bean bag sofa (물방울 형태의 빈백 스툴, 발받침·보조 좌석용), 딥 네이비 fabric color, a few friends hanging out, casual home party, cozy compact studio apartment, minimal Korean interior, minimal product hero shot, soft gradient backdrop, studio light, Korean home aesthetic, photorealistic, high-end interior photography, soft natural shadows, 8k, advertising quality, leave clean negative space at the top for a text overlay","logo, brand text, watermark, deformed limbs, extra fingers, low quality, blurry text, distorted face, cluttered, oversaturated, plastic look, duplicate furniture, broken perspective",pending,
yg_0053,피라미드,Pyramid,before_after,비포·애프터,어제의 허리 vs 오늘의 허리,펜션·풀빌라 거실,게이머 청년,탑다운 플랫레이,라벤더,9:16,1080x1920,릴스/스토리,"A premium oversized bean bag sofa (삼각 쿠션형 빈백, 등·허리 받침용 보조 쿠션), 라벤더 fabric color, a young gamer with a controller, vacation pension living room, premium resort vibe, top-down flat lay composition, neatly arranged, Korean home aesthetic, photorealistic, high-end interior photography, soft natural shadows, 8k, advertising quality, leave clean negative space at the top for a text overlay","logo, brand text, watermark, deformed limbs, extra fingers, low quality, blurry text, distorted face, cluttered, oversaturated, plastic look, duplicate furniture, broken perspective",pending,
yg_0054,펫,Pet,curiosity_gap,호기심 갭,왜 다들 침대를 두고 여기서 잘까?,아늑한 원룸,재택근무 직장인,한 손 스케일 비교,라벤더,4:5,1080x1350,피드 세로,"A premium oversized bean bag sofa (방수·항균·발톱 저항 커버의 반려동물용 빈백), 라벤더 fabric color, a remote worker taking a break, cozy compact studio apartment, minimal Korean interior, hand or person for scale, emphasizing size and softness, Korean home aesthetic, photorealistic, high-end interior photography, soft natural shadows, 8k, advertising quality, leave clean negative space at the top for a text overlay","logo, brand text, watermark, deformed limbs, extra fingers, low quality, blurry text, distorted face, cluttered, oversaturated, plastic look, duplicate furniture, broken perspective",pending,
yg_0055,허기보,Hugibo,humor_relatable,유머·공감,약속 취소되자마자 향한 곳,재택 홈오피스,다정한 커플,미니멀 제품 히어로,딥 네이비,4:5,1080x1350,피드 세로,"A premium oversized bean bag sofa (끌어안는 바디필로우형 빈백, 수면·포옹감 강조), 딥 네이비 fabric color, a cozy couple lounging together, work-from-home office corner, laptop on a low table, minimal product hero shot, soft gradient backdrop, studio light, Korean home aesthetic, photorealistic, high-end interior photography, soft natural shadows, 8k, advertising quality, leave clean negative space at the top for a text overlay","logo, brand text, watermark, deformed limbs, extra fingers, low quality, blurry text, distorted face, cluttered, oversaturated, plastic look, duplicate furniture, broken perspective",pending,
yg_0056,허기보,Hugibo,curiosity_gap,호기심 갭,왜 다들 침대를 두고 여기서 잘까?,발코니·테라스,아이와 부모 가족,파스텔 팝 컬러블록,차콜 그레이,9:16,1080x1920,릴스/스토리,"A premium oversized bean bag sofa (끌어안는 바디필로우형 빈백, 수면·포옹감 강조), 차콜 그레이 fabric color, a parent and a child playing, apartment balcony with plants and city view, pastel pop color-block background, playful graphic style, Korean home aesthetic, photorealistic, high-end interior photography, soft natural shadows, 8k, advertising quality, leave clean negative space at the top for a text overlay","logo, brand text, watermark, deformed limbs, extra fingers, low quality, blurry text, distorted face, cluttered, oversaturated, plastic look, duplicate furniture, broken perspective",pending,
yg_0057,펫,Pet,transformation,변신·다용도,하나로 거실 전체를 바꾸는 법,감성 카페 라운지,제품 단독(인물 없음),탑다운 플랫레이,크림 베이지,4:5,1080x1350,피드 세로,"A premium oversized bean bag sofa (방수·항균·발톱 저항 커버의 반려동물용 빈백), 크림 베이지 fabric color, trendy cafe lounge interior, warm wood tones, top-down flat lay composition, neatly arranged, Korean home aesthetic, photorealistic, high-end interior photography, soft natural shadows, 8k, advertising quality, leave clean negative space at the top for a text overlay","logo, brand text, watermark, deformed limbs, extra fingers, low quality, blurry text, distorted face, cluttered, oversaturated, plastic look, duplicate furniture, broken perspective",pending,
yg_0058,미니 K,Mini K,curiosity_gap,호기심 갭,사람을 망치는 소파가 있다는데…,무드등 켜진 밤 침실,제품 단독(인물 없음),골든아워 시네마틱,테라코타,4:5,1080x1350,피드 세로,"A premium oversized bean bag sofa (원룸·15평 이하 전용 초소형 빈백), 테라코타 fabric color, dim bedroom at night with warm mood lighting, golden hour cinematic lighting, warm glow, film look, Korean home aesthetic, photorealistic, high-end interior photography, soft natural shadows, 8k, advertising quality, leave clean negative space at the top for a text overlay","logo, brand text, watermark, deformed limbs, extra fingers, low quality, blurry text, distorted face, cluttered, oversaturated, plastic look, duplicate furniture, broken perspective",pending,
yg_0059,미니,Mini,price_value,가치·합리화,비싸 보이지만 1평도 안 차지,아늑한 원룸,책 읽는 학생,초근접 텍스처 클로즈업,테라코타,4:5,1080x1350,피드 세로,"A premium oversized bean bag sofa (1인용 소형 빈백, 가볍고 어디든 옮기는 컴팩트 사이즈), 테라코타 fabric color, a student reading a book, cozy compact studio apartment, minimal Korean interior, extreme macro close-up of plush fabric texture, shallow depth of field, Korean home aesthetic, photorealistic, high-end interior photography, soft natural shadows, 8k, advertising quality, leave clean negative space at the top for a text overlay","logo, brand text, watermark, deformed limbs, extra fingers, low quality, blurry text, distorted face, cluttered, oversaturated, plastic look, duplicate furniture, broken perspective",pending,
yg_0060,플로어,Floor,social_proof,사회적 증거,"리뷰 10,000개가 말하는 그 소파",서재 책장 앞,아이와 부모 가족,푹 꺼지는 모션 블러,테라코타,9:16,1080x1920,릴스/스토리,"A premium oversized bean bag sofa (좌식 문화 맞춤 초저높이 빈백), 테라코타 fabric color, a parent and a child playing, home library nook in front of bookshelves, motion-blur of a body sinking into the bean bag, dynamic, Korean home aesthetic, photorealistic, high-end interior photography, soft natural shadows, 8k, advertising quality, leave clean negative space at the top for a text overlay","logo, brand text, watermark, deformed limbs, extra fingers, low quality, blurry text, distorted face, cluttered, oversaturated, plastic look, duplicate furniture, broken perspective",pending,
yg_0061,피라미드,Pyramid,fomo_scarcity,FOMO·희소성,다들 이미 거실에 하나씩 들였대요,겨울 러그 깔린 마루,재택근무 직장인,스플릿 비교 컷,라벤더,9:16,1080x1920,릴스/스토리,"A premium oversized bean bag sofa (삼각 쿠션형 빈백, 등·허리 받침용 보조 쿠션), 라벤더 fabric color, a remote worker taking a break, winter living room with rug, cozy ondol floor warmth, split-screen before/after comparison layout, Korean home aesthetic, photorealistic, high-end interior photography, soft natural shadows, 8k, advertising quality, leave clean negative space at the top for a text overlay","logo, brand text, watermark, deformed limbs, extra fingers, low quality, blurry text, distorted face, cluttered, oversaturated, plastic look, duplicate furniture, broken perspective",pending,
yg_0062,펫,Pet,social_proof,사회적 증거,연예인 자취방에 다 있다는 그것,햇살 드는 거실 창가,재택근무 직장인,스플릿 비교 컷,오트밀 화이트,4:5,1080x1350,피드 세로,"A premium oversized bean bag sofa (방수·항균·발톱 저항 커버의 반려동물용 빈백), 오트밀 화이트 fabric color, a remote worker taking a break, sunlit living room by a large window, soft daylight, split-screen before/after comparison layout, Korean home aesthetic, photorealistic, high-end interior photography, soft natural shadows, 8k, advertising quality, leave clean negative space at the top for a text overlay","logo, brand text, watermark, deformed limbs, extra fingers, low quality, blurry text, distorted face, cluttered, oversaturated, plastic look, duplicate furniture, broken perspective",pending,
yg_0063,더블,Double,asmr_sensory,감각·ASMR,무중력으로 가라앉는 30초,감성 카페 라운지,책 읽는 학생,골든아워 시네마틱,머스타드 옐로,1:1,1080x1080,피드 정방,"A premium oversized bean bag sofa (맥스 2배 폭의 초대형 빈백, 커플·가족용 침대 겸용), 머스타드 옐로 fabric color, a student reading a book, trendy cafe lounge interior, warm wood tones, golden hour cinematic lighting, warm glow, film look, Korean home aesthetic, photorealistic, high-end interior photography, soft natural shadows, 8k, advertising quality, leave clean negative space at the top for a text overlay","logo, brand text, watermark, deformed limbs, extra fingers, low quality, blurry text, distorted face, cluttered, oversaturated, plastic look, duplicate furniture, broken perspective",pending,
yg_0064,키즈,Kids,asmr_sensory,감각·ASMR,무중력으로 가라앉는 30초,캠핑·차박 텐트 안,반려묘와 함께,푹 꺼지는 모션 블러,딥 네이비,9:16,1080x1920,릴스/스토리,"A premium oversized bean bag sofa (유아·아동 안전 인증 소형 빈백, 밝은 컬러), 딥 네이비 fabric color, a person with a cat curled up nearby, inside a camping tent / car-camping setup, lantern light, motion-blur of a body sinking into the bean bag, dynamic, Korean home aesthetic, photorealistic, high-end interior photography, soft natural shadows, 8k, advertising quality, leave clean negative space at the top for a text overlay","logo, brand text, watermark, deformed limbs, extra fingers, low quality, blurry text, distorted face, cluttered, oversaturated, plastic look, duplicate furniture, broken perspective",pending,
yg_0065,맥스,Max,aspiration,동경·라이프스타일,"이런 주말, 가져본 적 있나요",미니멀 화이트 스튜디오,시니어 부모님,파스텔 팝 컬러블록,더스티 핑크,9:16,1080x1920,릴스/스토리,"A premium oversized bean bag sofa (6피트 풀사이즈 빈백 소파, 1인이 완전히 누울 수 있는 길이), 더스티 핑크 fabric color, an elderly parent resting comfortably, clean white photo studio, seamless backdrop, pastel pop color-block background, playful graphic style, Korean home aesthetic, photorealistic, high-end interior photography, soft natural shadows, 8k, advertising quality, leave clean negative space at the top for a text overlay","logo, brand text, watermark, deformed limbs, extra fingers, low quality, blurry text, distorted face, cluttered, oversaturated, plastic look, duplicate furniture, broken perspective",pending,
yg_0066,프라임,Prime,season_hook,시즌·타이밍,"장마철, 집이 가장 좋아지는 이유",발코니·테라스,반려묘와 함께,골든아워 시네마틱,올리브 그린,9:16,1080x1920,릴스/스토리,"A premium oversized bean bag sofa (슬림한 등받이형 빈백, 의자처럼 세워 앉기 좋은 형태), 올리브 그린 fabric color, a person with a cat curled up nearby, apartment balcony with plants and city view, golden hour cinematic lighting, warm glow, film look, Korean home aesthetic, photorealistic, high-end interior photography, soft natural shadows, 8k, advertising quality, leave clean negative space at the top for a text overlay","logo, brand text, watermark, deformed limbs, extra fingers, low quality, blurry text, distorted face, cluttered, oversaturated, plastic look, duplicate furniture, broken perspective",pending,
yg_0067,라운저,Lounger,season_hook,시즌·타이밍,환절기 허리에게 주는 선물,캠핑·차박 텐트 안,반려견과 집사,미니멀 제품 히어로,라벤더,4:5,1080x1350,피드 세로,"A premium oversized bean bag sofa (등받이가 높은 1인 라운지형 빈백, 독서·휴식용), 라벤더 fabric color, a person with a small dog cuddling, inside a camping tent / car-camping setup, lantern light, minimal product hero shot, soft gradient backdrop, studio light, Korean home aesthetic, photorealistic, high-end interior photography, soft natural shadows, 8k, advertising quality, leave clean negative space at the top for a text overlay","logo, brand text, watermark, deformed limbs, extra fingers, low quality, blurry text, distorted face, cluttered, oversaturated, plastic look, duplicate furniture, broken perspective",pending,
yg_0068,팟,Pod,transformation,변신·다용도,하나로 거실 전체를 바꾸는 법,펜션·풀빌라 거실,책 읽는 학생,파스텔 팝 컬러블록,오트밀 화이트,1:1,1080x1080,피드 정방,"A premium oversized bean bag sofa (둥근 1인 의자형 빈백, 감싸는 듯한 곡선 실루엣), 오트밀 화이트 fabric color, a student reading a book, vacation pension living room, premium resort vibe, pastel pop color-block background, playful graphic style, Korean home aesthetic, photorealistic, high-end interior photography, soft natural shadows, 8k, advertising quality, leave clean negative space at the top for a text overlay","logo, brand text, watermark, deformed limbs, extra fingers, low quality, blurry text, distorted face, cluttered, oversaturated, plastic look, duplicate furniture, broken perspective",pending,
yg_0069,라운저,Lounger,transformation,변신·다용도,접고 펴고 세우고 — 공간이 살아난다,재택 홈오피스,20대 1인 가구 여성,스플릿 비교 컷,테라코타,9:16,1080x1920,릴스/스토리,"A premium oversized bean bag sofa (등받이가 높은 1인 라운지형 빈백, 독서·휴식용), 테라코타 fabric color, a young woman in her 20s living alone, relaxed, work-from-home office corner, laptop on a low table, split-screen before/after comparison layout, Korean home aesthetic, photorealistic, high-end interior photography, soft natural shadows, 8k, advertising quality, leave clean negative space at the top for a text overlay","logo, brand text, watermark, deformed limbs, extra fingers, low quality, blurry text, distorted face, cluttered, oversaturated, plastic look, duplicate furniture, broken perspective",pending,
yg_0070,피라미드,Pyramid,pattern_interrupt,패턴 인터럽트,이 자세 실화냐,키즈룸,낮잠 자는 사람,파스텔 팝 컬러블록,라벤더,9:16,1080x1920,릴스/스토리,"A premium oversized bean bag sofa (삼각 쿠션형 빈백, 등·허리 받침용 보조 쿠션), 라벤더 fabric color, a person napping, eyes closed, blissful, bright kids room with toys, playful pastel palette, pastel pop color-block background, playful graphic style, Korean home aesthetic, photorealistic, high-end interior photography, soft natural shadows, 8k, advertising quality, leave clean negative space at the top for a text overlay","logo, brand text, watermark, deformed limbs, extra fingers, low quality, blurry text, distorted face, cluttered, oversaturated, plastic look, duplicate furniture, broken perspective",pending,
yg_0071,미니,Mini,season_hook,시즌·타이밍,"이사 시즌, 소파 대신 이것",아늑한 원룸,게이머 청년,오버헤드 부감,더스티 핑크,4:5,1080x1350,피드 세로,"A premium oversized bean bag sofa (1인용 소형 빈백, 가볍고 어디든 옮기는 컴팩트 사이즈), 더스티 핑크 fabric color, a young gamer with a controller, cozy compact studio apartment, minimal Korean interior, high overhead bird's-eye angle looking down, Korean home aesthetic, photorealistic, high-end interior photography, soft natural shadows, 8k, advertising quality, leave clean negative space at the top for a text overlay","logo, brand text, watermark, deformed limbs, extra fingers, low quality, blurry text, distorted face, cluttered, oversaturated, plastic look, duplicate furniture, broken perspective",pending,
yg_0072,팟엑스,Pod X,season_hook,시즌·타이밍,올여름 에어컨 앞 명당 자리,서재 책장 앞,아이와 부모 가족,푹 꺼지는 모션 블러,딥 네이비,4:5,1080x1350,피드 세로,"A premium oversized bean bag sofa (확장형 듀얼 라이너 빈백, 몸 굴곡에 반응하는 분절 패널), 딥 네이비 fabric color, a parent and a child playing, home library nook in front of bookshelves, motion-blur of a body sinking into the bean bag, dynamic, Korean home aesthetic, photorealistic, high-end interior photography, soft natural shadows, 8k, advertising quality, leave clean negative space at the top for a text overlay","logo, brand text, watermark, deformed limbs, extra fingers, low quality, blurry text, distorted face, cluttered, oversaturated, plastic look, duplicate furniture, broken perspective",pending,
yg_0073,팟엑스,Pod X,pattern_interrupt,패턴 인터럽트,이런 식으로 앉는 거 처음 봄,감성 카페 라운지,재택근무 직장인,다크 무드 라이팅,오트밀 화이트,4:5,1080x1350,피드 세로,"A premium oversized bean bag sofa (확장형 듀얼 라이너 빈백, 몸 굴곡에 반응하는 분절 패널), 오트밀 화이트 fabric color, a remote worker taking a break, trendy cafe lounge interior, warm wood tones, dark moody lighting with a single warm light source, Korean home aesthetic, photorealistic, high-end interior photography, soft natural shadows, 8k, advertising quality, leave clean negative space at the top for a text overlay","logo, brand text, watermark, deformed limbs, extra fingers, low quality, blurry text, distorted face, cluttered, oversaturated, plastic look, duplicate furniture, broken perspective",pending,
yg_0074,서포트,Support,pattern_interrupt,패턴 인터럽트,"잠깐, 저 사람 지금 소파 안으로 빨려 들어감",캠핑·차박 텐트 안,아이와 부모 가족,탑다운 플랫레이,차콜 그레이,9:16,1080x1920,릴스/스토리,"A premium oversized bean bag sofa (U자형 받침 쿠션, 빈백과 결합해 리클라이너로 변신), 차콜 그레이 fabric color, a parent and a child playing, inside a camping tent / car-camping setup, lantern light, top-down flat lay composition, neatly arranged, Korean home aesthetic, photorealistic, high-end interior photography, soft natural shadows, 8k, advertising quality, leave clean negative space at the top for a text overlay","logo, brand text, watermark, deformed limbs, extra fingers, low quality, blurry text, distorted face, cluttered, oversaturated, plastic look, duplicate furniture, broken perspective",pending,
yg_0075,팟엑스,Pod X,before_after,비포·애프터,어제의 허리 vs 오늘의 허리,미니멀 화이트 스튜디오,제품 단독(인물 없음),오버헤드 부감,딥 네이비,9:16,1080x1920,릴스/스토리,"A premium oversized bean bag sofa (확장형 듀얼 라이너 빈백, 몸 굴곡에 반응하는 분절 패널), 딥 네이비 fabric color, clean white photo studio, seamless backdrop, high overhead bird's-eye angle looking down, Korean home aesthetic, photorealistic, high-end interior photography, soft natural shadows, 8k, advertising quality, leave clean negative space at the top for a text overlay","logo, brand text, watermark, deformed limbs, extra fingers, low quality, blurry text, distorted face, cluttered, oversaturated, plastic look, duplicate furniture, broken perspective",pending,
yg_0076,팟엑스,Pod X,asmr_sensory,감각·ASMR,"오늘 밤, 여기로 사라지고 싶다",키즈룸,다정한 커플,다크 무드 라이팅,라벤더,1:1,1080x1080,피드 정방,"A premium oversized bean bag sofa (확장형 듀얼 라이너 빈백, 몸 굴곡에 반응하는 분절 패널), 라벤더 fabric color, a cozy couple lounging together, bright kids room with toys, playful pastel palette, dark moody lighting with a single warm light source, Korean home aesthetic, photorealistic, high-end interior photography, soft natural shadows, 8k, advertising quality, leave clean negative space at the top for a text overlay","logo, brand text, watermark, deformed limbs, extra fingers, low quality, blurry text, distorted face, cluttered, oversaturated, plastic look, duplicate furniture, broken perspective",pending,
yg_0077,피라미드,Pyramid,pattern_interrupt,패턴 인터럽트,이런 식으로 앉는 거 처음 봄,감성 카페 라운지,제품 단독(인물 없음),오버헤드 부감,라벤더,9:16,1080x1920,릴스/스토리,"A premium oversized bean bag sofa (삼각 쿠션형 빈백, 등·허리 받침용 보조 쿠션), 라벤더 fabric color, trendy cafe lounge interior, warm wood tones, high overhead bird's-eye angle looking down, Korean home aesthetic, photorealistic, high-end interior photography, soft natural shadows, 8k, advertising quality, leave clean negative space at the top for a text overlay","logo, brand text, watermark, deformed limbs, extra fingers, low quality, blurry text, distorted face, cluttered, oversaturated, plastic look, duplicate furniture, broken perspective",pending,
yg_0078,미니,Mini,price_value,가치·합리화,버리는 소파 vs 평생 가는 소파,겨울 러그 깔린 마루,낮잠 자는 사람,다크 무드 라이팅,테라코타,1:1,1080x1080,피드 정방,"A premium oversized bean bag sofa (1인용 소형 빈백, 가볍고 어디든 옮기는 컴팩트 사이즈), 테라코타 fabric color, a person napping, eyes closed, blissful, winter living room with rug, cozy ondol floor warmth, dark moody lighting with a single warm light source, Korean home aesthetic, photorealistic, high-end interior photography, soft natural shadows, 8k, advertising quality, leave clean negative space at the top for a text overlay","logo, brand text, watermark, deformed limbs, extra fingers, low quality, blurry text, distorted face, cluttered, oversaturated, plastic look, duplicate furniture, broken perspective",pending,
yg_0079,드롭,Drop,aspiration,동경·라이프스타일,햇살 + 요기보 = 완벽한 일요일,키즈룸,친구들 홈파티,푹 꺼지는 모션 블러,코발트 블루,4:5,1080x1350,피드 세로,"A premium oversized bean bag sofa (물방울 형태의 빈백 스툴, 발받침·보조 좌석용), 코발트 블루 fabric color, a few friends hanging out, casual home party, bright kids room with toys, playful pastel palette, motion-blur of a body sinking into the bean bag, dynamic, Korean home aesthetic, photorealistic, high-end interior photography, soft natural shadows, 8k, advertising quality, leave clean negative space at the top for a text overlay","logo, brand text, watermark, deformed limbs, extra fingers, low quality, blurry text, distorted face, cluttered, oversaturated, plastic look, duplicate furniture, broken perspective",pending,
yg_0080,라운저,Lounger,problem_agitate,문제 자극,"게이밍 의자, 오래 앉으면 배기지 않나요?",서재 책장 앞,반려견과 집사,골든아워 시네마틱,차콜 그레이,4:5,1080x1350,피드 세로,"A premium oversized bean bag sofa (등받이가 높은 1인 라운지형 빈백, 독서·휴식용), 차콜 그레이 fabric color, a person with a small dog cuddling, home library nook in front of bookshelves, golden hour cinematic lighting, warm glow, film look, Korean home aesthetic, photorealistic, high-end interior photography, soft natural shadows, 8k, advertising quality, leave clean negative space at the top for a text overlay","logo, brand text, watermark, deformed limbs, extra fingers, low quality, blurry text, distorted face, cluttered, oversaturated, plastic look, duplicate furniture, broken perspective",pending,
yg_0081,미디,Midi,problem_agitate,문제 자극,"비싼 소파, 커버는 왜 못 빨까?",캠핑·차박 텐트 안,제품 단독(인물 없음),탑다운 플랫레이,차콜 그레이,9:16,1080x1920,릴스/스토리,"A premium oversized bean bag sofa (맥스의 컴팩트 버전, 청소년·소형 공간용 중형 빈백), 차콜 그레이 fabric color, inside a camping tent / car-camping setup, lantern light, top-down flat lay composition, neatly arranged, Korean home aesthetic, photorealistic, high-end interior photography, soft natural shadows, 8k, advertising quality, leave clean negative space at the top for a text overlay","logo, brand text, watermark, deformed limbs, extra fingers, low quality, blurry text, distorted face, cluttered, oversaturated, plastic look, duplicate furniture, broken perspective",pending,
yg_0082,미니 K,Mini K,social_proof,사회적 증거,"리뷰 10,000개가 말하는 그 소파",재택 홈오피스,낮잠 자는 사람,미니멀 제품 히어로,테라코타,9:16,1080x1920,릴스/스토리,"A premium oversized bean bag sofa (원룸·15평 이하 전용 초소형 빈백), 테라코타 fabric color, a person napping, eyes closed, blissful, work-from-home office corner, laptop on a low table, minimal product hero shot, soft gradient backdrop, studio light, Korean home aesthetic, photorealistic, high-end interior photography, soft natural shadows, 8k, advertising quality, leave clean negative space at the top for a text overlay","logo, brand text, watermark, deformed limbs, extra fingers, low quality, blurry text, distorted face, cluttered, oversaturated, plastic look, duplicate furniture, broken perspective",pending,
yg_0083,서포트,Support,humor_relatable,유머·공감,강아지에게 자리 뺏긴 1인,한강 피크닉 잔디,20대 1인 가구 여성,로우앵글 임팩트,코발트 블루,4:5,1080x1350,피드 세로,"A premium oversized bean bag sofa (U자형 받침 쿠션, 빈백과 결합해 리클라이너로 변신), 코발트 블루 fabric color, a young woman in her 20s living alone, relaxed, Hangang river park lawn picnic, outdoor daytime, dramatic low angle, product looks grand and inviting, Korean home aesthetic, photorealistic, high-end interior photography, soft natural shadows, 8k, advertising quality, leave clean negative space at the top for a text overlay","logo, brand text, watermark, deformed limbs, extra fingers, low quality, blurry text, distorted face, cluttered, oversaturated, plastic look, duplicate furniture, broken perspective",pending,
yg_0084,허기보,Hugibo,fomo_scarcity,FOMO·희소성,지금 안 보면 다음은 내년,미니멀 화이트 스튜디오,책 읽는 학생,미니멀 제품 히어로,라벤더,1:1,1080x1080,피드 정방,"A premium oversized bean bag sofa (끌어안는 바디필로우형 빈백, 수면·포옹감 강조), 라벤더 fabric color, a student reading a book, clean white photo studio, seamless backdrop, minimal product hero shot, soft gradient backdrop, studio light, Korean home aesthetic, photorealistic, high-end interior photography, soft natural shadows, 8k, advertising quality, leave clean negative space at the top for a text overlay","logo, brand text, watermark, deformed limbs, extra fingers, low quality, blurry text, distorted face, cluttered, oversaturated, plastic look, duplicate furniture, broken perspective",pending,
yg_0085,팟엑스,Pod X,pattern_interrupt,패턴 인터럽트,이런 식으로 앉는 거 처음 봄,게이밍 셋업 방,게이머 청년,미니멀 제품 히어로,딥 네이비,9:16,1080x1920,릴스/스토리,"A premium oversized bean bag sofa (확장형 듀얼 라이너 빈백, 몸 굴곡에 반응하는 분절 패널), 딥 네이비 fabric color, a young gamer with a controller, gaming room with RGB lights and a desk setup, minimal product hero shot, soft gradient backdrop, studio light, Korean home aesthetic, photorealistic, high-end interior photography, soft natural shadows, 8k, advertising quality, leave clean negative space at the top for a text overlay","logo, brand text, watermark, deformed limbs, extra fingers, low quality, blurry text, distorted face, cluttered, oversaturated, plastic look, duplicate furniture, broken perspective",pending,
yg_0086,피라미드,Pyramid,season_hook,시즌·타이밍,올여름 에어컨 앞 명당 자리,펜션·풀빌라 거실,책 읽는 학생,한 손 스케일 비교,코발트 블루,4:5,1080x1350,피드 세로,"A premium oversized bean bag sofa (삼각 쿠션형 빈백, 등·허리 받침용 보조 쿠션), 코발트 블루 fabric color, a student reading a book, vacation pension living room, premium resort vibe, hand or person for scale, emphasizing size and softness, Korean home aesthetic, photorealistic, high-end interior photography, soft natural shadows, 8k, advertising quality, leave clean negative space at the top for a text overlay","logo, brand text, watermark, deformed limbs, extra fingers, low quality, blurry text, distorted face, cluttered, oversaturated, plastic look, duplicate furniture, broken perspective",pending,
yg_0087,펫,Pet,curiosity_gap,호기심 갭,"이 소파, 3초만 앉으면 못 일어나는 이유",캠핑·차박 텐트 안,반려묘와 함께,로우앵글 임팩트,차콜 그레이,1:1,1080x1080,피드 정방,"A premium oversized bean bag sofa (방수·항균·발톱 저항 커버의 반려동물용 빈백), 차콜 그레이 fabric color, a person with a cat curled up nearby, inside a camping tent / car-camping setup, lantern light, dramatic low angle, product looks grand and inviting, Korean home aesthetic, photorealistic, high-end interior photography, soft natural shadows, 8k, advertising quality, leave clean negative space at the top for a text overlay","logo, brand text, watermark, deformed limbs, extra fingers, low quality, blurry text, distorted face, cluttered, oversaturated, plastic look, duplicate furniture, broken perspective",pending,
yg_0088,미니 K,Mini K,before_after,비포·애프터,딱딱한 거실 → 3초 만에 라운지로,겨울 러그 깔린 마루,낮잠 자는 사람,탑다운 플랫레이,올리브 그린,9:16,1080x1920,릴스/스토리,"A premium oversized bean bag sofa (원룸·15평 이하 전용 초소형 빈백), 올리브 그린 fabric color, a person napping, eyes closed, blissful, winter living room with rug, cozy ondol floor warmth, top-down flat lay composition, neatly arranged, Korean home aesthetic, photorealistic, high-end interior photography, soft natural shadows, 8k, advertising quality, leave clean negative space at the top for a text overlay","logo, brand text, watermark, deformed limbs, extra fingers, low quality, blurry text, distorted face, cluttered, oversaturated, plastic look, duplicate furniture, broken perspective",pending,
yg_0089,피라미드,Pyramid,problem_agitate,문제 자극,원룸이라 소파는 포기했다고요?,키즈룸,반려견과 집사,골든아워 시네마틱,올리브 그린,9:16,1080x1920,릴스/스토리,"A premium oversized bean bag sofa (삼각 쿠션형 빈백, 등·허리 받침용 보조 쿠션), 올리브 그린 fabric color, a person with a small dog cuddling, bright kids room with toys, playful pastel palette, golden hour cinematic lighting, warm glow, film look, Korean home aesthetic, photorealistic, high-end interior photography, soft natural shadows, 8k, advertising quality, leave clean negative space at the top for a text overlay","logo, brand text, watermark, deformed limbs, extra fingers, low quality, blurry text, distorted face, cluttered, oversaturated, plastic look, duplicate furniture, broken perspective",pending,
yg_0090,드롭,Drop,asmr_sensory,감각·ASMR,"오늘 밤, 여기로 사라지고 싶다",키즈룸,20대 1인 가구 여성,한 손 스케일 비교,딥 네이비,9:16,1080x1920,릴스/스토리,"A premium oversized bean bag sofa (물방울 형태의 빈백 스툴, 발받침·보조 좌석용), 딥 네이비 fabric color, a young woman in her 20s living alone, relaxed, bright kids room with toys, playful pastel palette, hand or person for scale, emphasizing size and softness, Korean home aesthetic, photorealistic, high-end interior photography, soft natural shadows, 8k, advertising quality, leave clean negative space at the top for a text overlay","logo, brand text, watermark, deformed limbs, extra fingers, low quality, blurry text, distorted face, cluttered, oversaturated, plastic look, duplicate furniture, broken perspective",pending,
yg_0091,팟엑스,Pod X,season_hook,시즌·타이밍,"장마철, 집이 가장 좋아지는 이유",아늑한 원룸,친구들 홈파티,초근접 텍스처 클로즈업,테라코타,4:5,1080x1350,피드 세로,"A premium oversized bean bag sofa (확장형 듀얼 라이너 빈백, 몸 굴곡에 반응하는 분절 패널), 테라코타 fabric color, a few friends hanging out, casual home party, cozy compact studio apartment, minimal Korean interior, extreme macro close-up of plush fabric texture, shallow depth of field, Korean home aesthetic, photorealistic, high-end interior photography, soft natural shadows, 8k, advertising quality, leave clean negative space at the top for a text overlay","logo, brand text, watermark, deformed limbs, extra fingers, low quality, blurry text, distorted face, cluttered, oversaturated, plastic look, duplicate furniture, broken perspective",pending,
yg_0092,맥스,Max,humor_relatable,유머·공감,강아지에게 자리 뺏긴 1인,무드등 켜진 밤 침실,아이와 부모 가족,탑다운 플랫레이,차콜 그레이,1:1,1080x1080,피드 정방,"A premium oversized bean bag sofa (6피트 풀사이즈 빈백 소파, 1인이 완전히 누울 수 있는 길이), 차콜 그레이 fabric color, a parent and a child playing, dim bedroom at night with warm mood lighting, top-down flat lay composition, neatly arranged, Korean home aesthetic, photorealistic, high-end interior photography, soft natural shadows, 8k, advertising quality, leave clean negative space at the top for a text overlay","logo, brand text, watermark, deformed limbs, extra fingers, low quality, blurry text, distorted face, cluttered, oversaturated, plastic look, duplicate furniture, broken perspective",pending,
yg_0093,팟,Pod,pattern_interrupt,패턴 인터럽트,이 자세 실화냐,한강 피크닉 잔디,게이머 청년,골든아워 시네마틱,오트밀 화이트,1:1,1080x1080,피드 정방,"A premium oversized bean bag sofa (둥근 1인 의자형 빈백, 감싸는 듯한 곡선 실루엣), 오트밀 화이트 fabric color, a young gamer with a controller, Hangang river park lawn picnic, outdoor daytime, golden hour cinematic lighting, warm glow, film look, Korean home aesthetic, photorealistic, high-end interior photography, soft natural shadows, 8k, advertising quality, leave clean negative space at the top for a text overlay","logo, brand text, watermark, deformed limbs, extra fingers, low quality, blurry text, distorted face, cluttered, oversaturated, plastic look, duplicate furniture, broken perspective",pending,
yg_0094,슬림,Slim,before_after,비포·애프터,딱딱한 거실 → 3초 만에 라운지로,서재 책장 앞,재택근무 직장인,로우앵글 임팩트,올리브 그린,1:1,1080x1080,피드 정방,"A premium oversized bean bag sofa (좁은 폭의 빈백, 1인 라운지 체어 형태), 올리브 그린 fabric color, a remote worker taking a break, home library nook in front of bookshelves, dramatic low angle, product looks grand and inviting, Korean home aesthetic, photorealistic, high-end interior photography, soft natural shadows, 8k, advertising quality, leave clean negative space at the top for a text overlay","logo, brand text, watermark, deformed limbs, extra fingers, low quality, blurry text, distorted face, cluttered, oversaturated, plastic look, duplicate furniture, broken perspective",pending,
yg_0095,서포트,Support,transformation,변신·다용도,"낮엔 소파, 밤엔 침대",한강 피크닉 잔디,아이와 부모 가족,라이프스타일 와이드,테라코타,4:5,1080x1350,피드 세로,"A premium oversized bean bag sofa (U자형 받침 쿠션, 빈백과 결합해 리클라이너로 변신), 테라코타 fabric color, a parent and a child playing, Hangang river park lawn picnic, outdoor daytime, wide lifestyle editorial shot, natural light, lived-in feel, Korean home aesthetic, photorealistic, high-end interior photography, soft natural shadows, 8k, advertising quality, leave clean negative space at the top for a text overlay","logo, brand text, watermark, deformed limbs, extra fingers, low quality, blurry text, distorted face, cluttered, oversaturated, plastic look, duplicate furniture, broken perspective",pending,
yg_0096,라운저,Lounger,season_hook,시즌·타이밍,"장마철, 집이 가장 좋아지는 이유",감성 카페 라운지,재택근무 직장인,로우앵글 임팩트,더스티 핑크,9:16,1080x1920,릴스/스토리,"A premium oversized bean bag sofa (등받이가 높은 1인 라운지형 빈백, 독서·휴식용), 더스티 핑크 fabric color, a remote worker taking a break, trendy cafe lounge interior, warm wood tones, dramatic low angle, product looks grand and inviting, Korean home aesthetic, photorealistic, high-end interior photography, soft natural shadows, 8k, advertising quality, leave clean negative space at the top for a text overlay","logo, brand text, watermark, deformed limbs, extra fingers, low quality, blurry text, distorted face, cluttered, oversaturated, plastic look, duplicate furniture, broken perspective",pending,
yg_0097,미니 K,Mini K,season_hook,시즌·타이밍,환절기 허리에게 주는 선물,발코니·테라스,재택근무 직장인,오버헤드 부감,딥 네이비,9:16,1080x1920,릴스/스토리,"A premium oversized bean bag sofa (원룸·15평 이하 전용 초소형 빈백), 딥 네이비 fabric color, a remote worker taking a break, apartment balcony with plants and city view, high overhead bird's-eye angle looking down, Korean home aesthetic, photorealistic, high-end interior photography, soft natural shadows, 8k, advertising quality, leave clean negative space at the top for a text overlay","logo, brand text, watermark, deformed limbs, extra fingers, low quality, blurry text, distorted face, cluttered, oversaturated, plastic look, duplicate furniture, broken perspective",pending,
yg_0098,온돌,Ondol,asmr_sensory,감각·ASMR,손이 닿는 순간 멈추는 마법의 촉감,캠핑·차박 텐트 안,반려견과 집사,파스텔 팝 컬러블록,크림 베이지,9:16,1080x1920,릴스/스토리,"A premium oversized bean bag sofa (겨울 발열 커버형 빈백, 전기요 호환), 크림 베이지 fabric color, a person with a small dog cuddling, inside a camping tent / car-camping setup, lantern light, pastel pop color-block background, playful graphic style, Korean home aesthetic, photorealistic, high-end interior photography, soft natural shadows, 8k, advertising quality, leave clean negative space at the top for a text overlay","logo, brand text, watermark, deformed limbs, extra fingers, low quality, blurry text, distorted face, cluttered, oversaturated, plastic look, duplicate furniture, broken perspective",pending,
yg_0099,미니,Mini,price_value,가치·합리화,한 번 사면 왜 안 바꾸는지 알게 됨,재택 홈오피스,친구들 홈파티,스플릿 비교 컷,라벤더,9:16,1080x1920,릴스/스토리,"A premium oversized bean bag sofa (1인용 소형 빈백, 가볍고 어디든 옮기는 컴팩트 사이즈), 라벤더 fabric color, a few friends hanging out, casual home party, work-from-home office corner, laptop on a low table, split-screen before/after comparison layout, Korean home aesthetic, photorealistic, high-end interior photography, soft natural shadows, 8k, advertising quality, leave clean negative space at the top for a text overlay","logo, brand text, watermark, deformed limbs, extra fingers, low quality, blurry text, distorted face, cluttered, oversaturated, plastic look, duplicate furniture, broken perspective",pending,
yg_0100,플로어,Floor,transformation,변신·다용도,접고 펴고 세우고 — 공간이 살아난다,겨울 러그 깔린 마루,제품 단독(인물 없음),로우앵글 임팩트,더스티 핑크,4:5,1080x1350,피드 세로,"A premium oversized bean bag sofa (좌식 문화 맞춤 초저높이 빈백), 더스티 핑크 fabric color, winter living room with rug, cozy ondol floor warmth, dramatic low angle, product looks grand and inviting, Korean home aesthetic, photorealistic, high-end interior photography, soft natural shadows, 8k, advertising quality, leave clean negative space at the top for a text overlay","logo, brand text, watermark, deformed limbs, extra fingers, low quality, blurry text, distorted face, cluttered, oversaturated, plastic look, duplicate furniture, broken perspective",pending,
yg_0101,프라임,Prime,fomo_scarcity,FOMO·희소성,지금 안 보면 다음은 내년,키즈룸,아이와 부모 가족,다크 무드 라이팅,오트밀 화이트,1:1,1080x1080,피드 정방,"A premium oversized bean bag sofa (슬림한 등받이형 빈백, 의자처럼 세워 앉기 좋은 형태), 오트밀 화이트 fabric color, a parent and a child playing, bright kids room with toys, playful pastel palette, dark moody lighting with a single warm light source, Korean home aesthetic, photorealistic, high-end interior photography, soft natural shadows, 8k, advertising quality, leave clean negative space at the top for a text overlay","logo, brand text, watermark, deformed limbs, extra fingers, low quality, blurry text, distorted face, cluttered, oversaturated, plastic look, duplicate furniture, broken perspective",pending,
yg_0102,서포트,Support,social_proof,사회적 증거,연예인 자취방에 다 있다는 그것,햇살 드는 거실 창가,낮잠 자는 사람,골든아워 시네마틱,코발트 블루,4:5,1080x1350,피드 세로,"A premium oversized bean bag sofa (U자형 받침 쿠션, 빈백과 결합해 리클라이너로 변신), 코발트 블루 fabric color, a person napping, eyes closed, blissful, sunlit living room by a large window, soft daylight, golden hour cinematic lighting, warm glow, film look, Korean home aesthetic, photorealistic, high-end interior photography, soft natural shadows, 8k, advertising quality, leave clean negative space at the top for a text overlay","logo, brand text, watermark, deformed limbs, extra fingers, low quality, blurry text, distorted face, cluttered, oversaturated, plastic look, duplicate furniture, broken perspective",pending,
yg_0103,허기보,Hugibo,fomo_scarcity,FOMO·희소성,다들 이미 거실에 하나씩 들였대요,발코니·테라스,게이머 청년,로우앵글 임팩트,라벤더,4:5,1080x1350,피드 세로,"A premium oversized bean bag sofa (끌어안는 바디필로우형 빈백, 수면·포옹감 강조), 라벤더 fabric color, a young gamer with a controller, apartment balcony with plants and city view, dramatic low angle, product looks grand and inviting, Korean home aesthetic, photorealistic, high-end interior photography, soft natural shadows, 8k, advertising quality, leave clean negative space at the top for a text overlay","logo, brand text, watermark, deformed limbs, extra fingers, low quality, blurry text, distorted face, cluttered, oversaturated, plastic look, duplicate furniture, broken perspective",pending,
yg_0104,키즈,Kids,problem_agitate,문제 자극,원룸이라 소파는 포기했다고요?,아늑한 원룸,아이와 부모 가족,한 손 스케일 비교,코발트 블루,9:16,1080x1920,릴스/스토리,"A premium oversized bean bag sofa (유아·아동 안전 인증 소형 빈백, 밝은 컬러), 코발트 블루 fabric color, a parent and a child playing, cozy compact studio apartment, minimal Korean interior, hand or person for scale, emphasizing size and softness, Korean home aesthetic, photorealistic, high-end interior photography, soft natural shadows, 8k, advertising quality, leave clean negative space at the top for a text overlay","logo, brand text, watermark, deformed limbs, extra fingers, low quality, blurry text, distorted face, cluttered, oversaturated, plastic look, duplicate furniture, broken perspective",pending,
yg_0105,팟엑스,Pod X,price_value,가치·합리화,비싸 보이지만 1평도 안 차지,키즈룸,친구들 홈파티,한 손 스케일 비교,코발트 블루,4:5,1080x1350,피드 세로,"A premium oversized bean bag sofa (확장형 듀얼 라이너 빈백, 몸 굴곡에 반응하는 분절 패널), 코발트 블루 fabric color, a few friends hanging out, casual home party, bright kids room with toys, playful pastel palette, hand or person for scale, emphasizing size and softness, Korean home aesthetic, photorealistic, high-end interior photography, soft natural shadows, 8k, advertising quality, leave clean negative space at the top for a text overlay","logo, brand text, watermark, deformed limbs, extra fingers, low quality, blurry text, distorted face, cluttered, oversaturated, plastic look, duplicate furniture, broken perspective",pending,
yg_0106,프라임,Prime,fomo_scarcity,FOMO·희소성,한정 컬러 — 재입고 없음,게이밍 셋업 방,책 읽는 학생,한 손 스케일 비교,올리브 그린,1:1,1080x1080,피드 정방,"A premium oversized bean bag sofa (슬림한 등받이형 빈백, 의자처럼 세워 앉기 좋은 형태), 올리브 그린 fabric color, a student reading a book, gaming room with RGB lights and a desk setup, hand or person for scale, emphasizing size and softness, Korean home aesthetic, photorealistic, high-end interior photography, soft natural shadows, 8k, advertising quality, leave clean negative space at the top for a text overlay","logo, brand text, watermark, deformed limbs, extra fingers, low quality, blurry text, distorted face, cluttered, oversaturated, plastic look, duplicate furniture, broken perspective",pending,
yg_0107,허기보,Hugibo,pattern_interrupt,패턴 인터럽트,이런 식으로 앉는 거 처음 봄,재택 홈오피스,시니어 부모님,골든아워 시네마틱,라벤더,9:16,1080x1920,릴스/스토리,"A premium oversized bean bag sofa (끌어안는 바디필로우형 빈백, 수면·포옹감 강조), 라벤더 fabric color, an elderly parent resting comfortably, work-from-home office corner, laptop on a low table, golden hour cinematic lighting, warm glow, film look, Korean home aesthetic, photorealistic, high-end interior photography, soft natural shadows, 8k, advertising quality, leave clean negative space at the top for a text overlay","logo, brand text, watermark, deformed limbs, extra fingers, low quality, blurry text, distorted face, cluttered, oversaturated, plastic look, duplicate furniture, broken perspective",pending,
yg_0108,허기보,Hugibo,price_value,가치·합리화,버리는 소파 vs 평생 가는 소파,키즈룸,게이머 청년,스플릿 비교 컷,테라코타,4:5,1080x1350,피드 세로,"A premium oversized bean bag sofa (끌어안는 바디필로우형 빈백, 수면·포옹감 강조), 테라코타 fabric color, a young gamer with a controller, bright kids room with toys, playful pastel palette, split-screen before/after comparison layout, Korean home aesthetic, photorealistic, high-end interior photography, soft natural shadows, 8k, advertising quality, leave clean negative space at the top for a text overlay","logo, brand text, watermark, deformed limbs, extra fingers, low quality, blurry text, distorted face, cluttered, oversaturated, plastic look, duplicate furniture, broken perspective",pending,
yg_0109,팟,Pod,social_proof,사회적 증거,연예인 자취방에 다 있다는 그것,아늑한 원룸,제품 단독(인물 없음),오버헤드 부감,테라코타,4:5,1080x1350,피드 세로,"A premium oversized bean bag sofa (둥근 1인 의자형 빈백, 감싸는 듯한 곡선 실루엣), 테라코타 fabric color, cozy compact studio apartment, minimal Korean interior, high overhead bird's-eye angle looking down, Korean home aesthetic, photorealistic, high-end interior photography, soft natural shadows, 8k, advertising quality, leave clean negative space at the top for a text overlay","logo, brand text, watermark, deformed limbs, extra fingers, low quality, blurry text, distorted face, cluttered, oversaturated, plastic look, duplicate furniture, broken perspective",pending,
yg_0110,온돌,Ondol,fomo_scarcity,FOMO·희소성,지금 안 보면 다음은 내년,한강 피크닉 잔디,반려묘와 함께,오버헤드 부감,올리브 그린,4:5,1080x1350,피드 세로,"A premium oversized bean bag sofa (겨울 발열 커버형 빈백, 전기요 호환), 올리브 그린 fabric color, a person with a cat curled up nearby, Hangang river park lawn picnic, outdoor daytime, high overhead bird's-eye angle looking down, Korean home aesthetic, photorealistic, high-end interior photography, soft natural shadows, 8k, advertising quality, leave clean negative space at the top for a text overlay","logo, brand text, watermark, deformed limbs, extra fingers, low quality, blurry text, distorted face, cluttered, oversaturated, plastic look, duplicate furniture, broken perspective",pending,
yg_0111,팟,Pod,fomo_scarcity,FOMO·희소성,다들 이미 거실에 하나씩 들였대요,게이밍 셋업 방,반려견과 집사,탑다운 플랫레이,딥 네이비,9:16,1080x1920,릴스/스토리,"A premium oversized bean bag sofa (둥근 1인 의자형 빈백, 감싸는 듯한 곡선 실루엣), 딥 네이비 fabric color, a person with a small dog cuddling, gaming room with RGB lights and a desk setup, top-down flat lay composition, neatly arranged, Korean home aesthetic, photorealistic, high-end interior photography, soft natural shadows, 8k, advertising quality, leave clean negative space at the top for a text overlay","logo, brand text, watermark, deformed limbs, extra fingers, low quality, blurry text, distorted face, cluttered, oversaturated, plastic look, duplicate furniture, broken perspective",pending,
yg_0112,미디,Midi,fomo_scarcity,FOMO·희소성,다들 이미 거실에 하나씩 들였대요,햇살 드는 거실 창가,20대 1인 가구 여성,오버헤드 부감,크림 베이지,1:1,1080x1080,피드 정방,"A premium oversized bean bag sofa (맥스의 컴팩트 버전, 청소년·소형 공간용 중형 빈백), 크림 베이지 fabric color, a young woman in her 20s living alone, relaxed, sunlit living room by a large window, soft daylight, high overhead bird's-eye angle looking down, Korean home aesthetic, photorealistic, high-end interior photography, soft natural shadows, 8k, advertising quality, leave clean negative space at the top for a text overlay","logo, brand text, watermark, deformed limbs, extra fingers, low quality, blurry text, distorted face, cluttered, oversaturated, plastic look, duplicate furniture, broken perspective",pending,
yg_0113,온돌,Ondol,asmr_sensory,감각·ASMR,무중력으로 가라앉는 30초,겨울 러그 깔린 마루,20대 1인 가구 여성,로우앵글 임팩트,코발트 블루,9:16,1080x1920,릴스/스토리,"A premium oversized bean bag sofa (겨울 발열 커버형 빈백, 전기요 호환), 코발트 블루 fabric color, a young woman in her 20s living alone, relaxed, winter living room with rug, cozy ondol floor warmth, dramatic low angle, product looks grand and inviting, Korean home aesthetic, photorealistic, high-end interior photography, soft natural shadows, 8k, advertising quality, leave clean negative space at the top for a text overlay","logo, brand text, watermark, deformed limbs, extra fingers, low quality, blurry text, distorted face, cluttered, oversaturated, plastic look, duplicate furniture, broken perspective",pending,
yg_0114,플로어,Floor,social_proof,사회적 증거,재구매율이 말해주는 편안함,무드등 켜진 밤 침실,20대 1인 가구 여성,스플릿 비교 컷,차콜 그레이,4:5,1080x1350,피드 세로,"A premium oversized bean bag sofa (좌식 문화 맞춤 초저높이 빈백), 차콜 그레이 fabric color, a young woman in her 20s living alone, relaxed, dim bedroom at night with warm mood lighting, split-screen before/after comparison layout, Korean home aesthetic, photorealistic, high-end interior photography, soft natural shadows, 8k, advertising quality, leave clean negative space at the top for a text overlay","logo, brand text, watermark, deformed limbs, extra fingers, low quality, blurry text, distorted face, cluttered, oversaturated, plastic look, duplicate furniture, broken perspective",pending,
yg_0115,서포트,Support,pattern_interrupt,패턴 인터럽트,"잠깐, 저 사람 지금 소파 안으로 빨려 들어감",아늑한 원룸,반려묘와 함께,파스텔 팝 컬러블록,크림 베이지,4:5,1080x1350,피드 세로,"A premium oversized bean bag sofa (U자형 받침 쿠션, 빈백과 결합해 리클라이너로 변신), 크림 베이지 fabric color, a person with a cat curled up nearby, cozy compact studio apartment, minimal Korean interior, pastel pop color-block background, playful graphic style, Korean home aesthetic, photorealistic, high-end interior photography, soft natural shadows, 8k, advertising quality, leave clean negative space at the top for a text overlay","logo, brand text, watermark, deformed limbs, extra fingers, low quality, blurry text, distorted face, cluttered, oversaturated, plastic look, duplicate furniture, broken perspective",pending,
yg_0116,라운저,Lounger,asmr_sensory,감각·ASMR,손이 닿는 순간 멈추는 마법의 촉감,게이밍 셋업 방,재택근무 직장인,오버헤드 부감,오트밀 화이트,1:1,1080x1080,피드 정방,"A premium oversized bean bag sofa (등받이가 높은 1인 라운지형 빈백, 독서·휴식용), 오트밀 화이트 fabric color, a remote worker taking a break, gaming room with RGB lights and a desk setup, high overhead bird's-eye angle looking down, Korean home aesthetic, photorealistic, high-end interior photography, soft natural shadows, 8k, advertising quality, leave clean negative space at the top for a text overlay","logo, brand text, watermark, deformed limbs, extra fingers, low quality, blurry text, distorted face, cluttered, oversaturated, plastic look, duplicate furniture, broken perspective",pending,
yg_0117,팟엑스,Pod X,aspiration,동경·라이프스타일,햇살 + 요기보 = 완벽한 일요일,캠핑·차박 텐트 안,낮잠 자는 사람,다크 무드 라이팅,오트밀 화이트,9:16,1080x1920,릴스/스토리,"A premium oversized bean bag sofa (확장형 듀얼 라이너 빈백, 몸 굴곡에 반응하는 분절 패널), 오트밀 화이트 fabric color, a person napping, eyes closed, blissful, inside a camping tent / car-camping setup, lantern light, dark moody lighting with a single warm light source, Korean home aesthetic, photorealistic, high-end interior photography, soft natural shadows, 8k, advertising quality, leave clean negative space at the top for a text overlay","logo, brand text, watermark, deformed limbs, extra fingers, low quality, blurry text, distorted face, cluttered, oversaturated, plastic look, duplicate furniture, broken perspective",pending,
yg_0118,라운저,Lounger,humor_relatable,유머·공감,주말의 나: 요기보와 한 몸,감성 카페 라운지,20대 1인 가구 여성,로우앵글 임팩트,테라코타,1:1,1080x1080,피드 정방,"A premium oversized bean bag sofa (등받이가 높은 1인 라운지형 빈백, 독서·휴식용), 테라코타 fabric color, a young woman in her 20s living alone, relaxed, trendy cafe lounge interior, warm wood tones, dramatic low angle, product looks grand and inviting, Korean home aesthetic, photorealistic, high-end interior photography, soft natural shadows, 8k, advertising quality, leave clean negative space at the top for a text overlay","logo, brand text, watermark, deformed limbs, extra fingers, low quality, blurry text, distorted face, cluttered, oversaturated, plastic look, duplicate furniture, broken perspective",pending,
yg_0119,팟,Pod,fomo_scarcity,FOMO·희소성,한정 컬러 — 재입고 없음,펜션·풀빌라 거실,재택근무 직장인,탑다운 플랫레이,크림 베이지,9:16,1080x1920,릴스/스토리,"A premium oversized bean bag sofa (둥근 1인 의자형 빈백, 감싸는 듯한 곡선 실루엣), 크림 베이지 fabric color, a remote worker taking a break, vacation pension living room, premium resort vibe, top-down flat lay composition, neatly arranged, Korean home aesthetic, photorealistic, high-end interior photography, soft natural shadows, 8k, advertising quality, leave clean negative space at the top for a text overlay","logo, brand text, watermark, deformed limbs, extra fingers, low quality, blurry text, distorted face, cluttered, oversaturated, plastic look, duplicate furniture, broken perspective",pending,
yg_0120,프라임,Prime,before_after,비포·애프터,혼자 살기 전 → 혼자 살고 난 후의 거실,햇살 드는 거실 창가,책 읽는 학생,다크 무드 라이팅,코발트 블루,4:5,1080x1350,피드 세로,"A premium oversized bean bag sofa (슬림한 등받이형 빈백, 의자처럼 세워 앉기 좋은 형태), 코발트 블루 fabric color, a student reading a book, sunlit living room by a large window, soft daylight, dark moody lighting with a single warm light source, Korean home aesthetic, photorealistic, high-end interior photography, soft natural shadows, 8k, advertising quality, leave clean negative space at the top for a text overlay","logo, brand text, watermark, deformed limbs, extra fingers, low quality, blurry text, distorted face, cluttered, oversaturated, plastic look, duplicate furniture, broken perspective",pending,
yg_0121,더블,Double,problem_agitate,문제 자극,원룸이라 소파는 포기했다고요?,서재 책장 앞,제품 단독(인물 없음),스플릿 비교 컷,차콜 그레이,1:1,1080x1080,피드 정방,"A premium oversized bean bag sofa (맥스 2배 폭의 초대형 빈백, 커플·가족용 침대 겸용), 차콜 그레이 fabric color, home library nook in front of bookshelves, split-screen before/after comparison layout, Korean home aesthetic, photorealistic, high-end interior photography, soft natural shadows, 8k, advertising quality, leave clean negative space at the top for a text overlay","logo, brand text, watermark, deformed limbs, extra fingers, low quality, blurry text, distorted face, cluttered, oversaturated, plastic look, duplicate furniture, broken perspective",pending,
yg_0122,팟엑스,Pod X,fomo_scarcity,FOMO·희소성,한정 컬러 — 재입고 없음,미니멀 화이트 스튜디오,친구들 홈파티,로우앵글 임팩트,머스타드 옐로,4:5,1080x1350,피드 세로,"A premium oversized bean bag sofa (확장형 듀얼 라이너 빈백, 몸 굴곡에 반응하는 분절 패널), 머스타드 옐로 fabric color, a few friends hanging out, casual home party, clean white photo studio, seamless backdrop, dramatic low angle, product looks grand and inviting, Korean home aesthetic, photorealistic, high-end interior photography, soft natural shadows, 8k, advertising quality, leave clean negative space at the top for a text overlay","logo, brand text, watermark, deformed limbs, extra fingers, low quality, blurry text, distorted face, cluttered, oversaturated, plastic look, duplicate furniture, broken perspective",pending,
yg_0123,펫,Pet,problem_agitate,문제 자극,"비싼 소파, 커버는 왜 못 빨까?",펜션·풀빌라 거실,다정한 커플,스플릿 비교 컷,차콜 그레이,4:5,1080x1350,피드 세로,"A premium oversized bean bag sofa (방수·항균·발톱 저항 커버의 반려동물용 빈백), 차콜 그레이 fabric color, a cozy couple lounging together, vacation pension living room, premium resort vibe, split-screen before/after comparison layout, Korean home aesthetic, photorealistic, high-end interior photography, soft natural shadows, 8k, advertising quality, leave clean negative space at the top for a text overlay","logo, brand text, watermark, deformed limbs, extra fingers, low quality, blurry text, distorted face, cluttered, oversaturated, plastic look, duplicate furniture, broken perspective",pending,
yg_0124,미니,Mini,fomo_scarcity,FOMO·희소성,다들 이미 거실에 하나씩 들였대요,감성 카페 라운지,제품 단독(인물 없음),로우앵글 임팩트,코발트 블루,4:5,1080x1350,피드 세로,"A premium oversized bean bag sofa (1인용 소형 빈백, 가볍고 어디든 옮기는 컴팩트 사이즈), 코발트 블루 fabric color, trendy cafe lounge interior, warm wood tones, dramatic low angle, product looks grand and inviting, Korean home aesthetic, photorealistic, high-end interior photography, soft natural shadows, 8k, advertising quality, leave clean negative space at the top for a text overlay","logo, brand text, watermark, deformed limbs, extra fingers, low quality, blurry text, distorted face, cluttered, oversaturated, plastic look, duplicate furniture, broken perspective",pending,
yg_0125,플로어,Floor,price_value,가치·합리화,버리는 소파 vs 평생 가는 소파,서재 책장 앞,제품 단독(인물 없음),미니멀 제품 히어로,라벤더,9:16,1080x1920,릴스/스토리,"A premium oversized bean bag sofa (좌식 문화 맞춤 초저높이 빈백), 라벤더 fabric color, home library nook in front of bookshelves, minimal product hero shot, soft gradient backdrop, studio light, Korean home aesthetic, photorealistic, high-end interior photography, soft natural shadows, 8k, advertising quality, leave clean negative space at the top for a text overlay","logo, brand text, watermark, deformed limbs, extra fingers, low quality, blurry text, distorted face, cluttered, oversaturated, plastic look, duplicate furniture, broken perspective",pending,
yg_0126,온돌,Ondol,pattern_interrupt,패턴 인터럽트,이런 식으로 앉는 거 처음 봄,아늑한 원룸,반려묘와 함께,초근접 텍스처 클로즈업,더스티 핑크,1:1,1080x1080,피드 정방,"A premium oversized bean bag sofa (겨울 발열 커버형 빈백, 전기요 호환), 더스티 핑크 fabric color, a person with a cat curled up nearby, cozy compact studio apartment, minimal Korean interior, extreme macro close-up of plush fabric texture, shallow depth of field, Korean home aesthetic, photorealistic, high-end interior photography, soft natural shadows, 8k, advertising quality, leave clean negative space at the top for a text overlay","logo, brand text, watermark, deformed limbs, extra fingers, low quality, blurry text, distorted face, cluttered, oversaturated, plastic look, duplicate furniture, broken perspective",pending,
yg_0127,드롭,Drop,curiosity_gap,호기심 갭,이게 소파라고? 끝까지 보면 놀람,아늑한 원룸,아이와 부모 가족,파스텔 팝 컬러블록,오트밀 화이트,4:5,1080x1350,피드 세로,"A premium oversized bean bag sofa (물방울 형태의 빈백 스툴, 발받침·보조 좌석용), 오트밀 화이트 fabric color, a parent and a child playing, cozy compact studio apartment, minimal Korean interior, pastel pop color-block background, playful graphic style, Korean home aesthetic, photorealistic, high-end interior photography, soft natural shadows, 8k, advertising quality, leave clean negative space at the top for a text overlay","logo, brand text, watermark, deformed limbs, extra fingers, low quality, blurry text, distorted face, cluttered, oversaturated, plastic look, duplicate furniture, broken perspective",pending,
yg_0128,드롭,Drop,humor_relatable,유머·공감,‘잠깐만 누울게’ → 3시간 경과,햇살 드는 거실 창가,다정한 커플,다크 무드 라이팅,코발트 블루,4:5,1080x1350,피드 세로,"A premium oversized bean bag sofa (물방울 형태의 빈백 스툴, 발받침·보조 좌석용), 코발트 블루 fabric color, a cozy couple lounging together, sunlit living room by a large window, soft daylight, dark moody lighting with a single warm light source, Korean home aesthetic, photorealistic, high-end interior photography, soft natural shadows, 8k, advertising quality, leave clean negative space at the top for a text overlay","logo, brand text, watermark, deformed limbs, extra fingers, low quality, blurry text, distorted face, cluttered, oversaturated, plastic look, duplicate furniture, broken perspective",pending,
yg_0129,미니,Mini,humor_relatable,유머·공감,주말의 나: 요기보와 한 몸,캠핑·차박 텐트 안,친구들 홈파티,다크 무드 라이팅,코발트 블루,9:16,1080x1920,릴스/스토리,"A premium oversized bean bag sofa (1인용 소형 빈백, 가볍고 어디든 옮기는 컴팩트 사이즈), 코발트 블루 fabric color, a few friends hanging out, casual home party, inside a camping tent / car-camping setup, lantern light, dark moody lighting with a single warm light source, Korean home aesthetic, photorealistic, high-end interior photography, soft natural shadows, 8k, advertising quality, leave clean negative space at the top for a text overlay","logo, brand text, watermark, deformed limbs, extra fingers, low quality, blurry text, distorted face, cluttered, oversaturated, plastic look, duplicate furniture, broken perspective",pending,
yg_0130,미니 K,Mini K,social_proof,사회적 증거,연예인 자취방에 다 있다는 그것,발코니·테라스,친구들 홈파티,라이프스타일 와이드,더스티 핑크,9:16,1080x1920,릴스/스토리,"A premium oversized bean bag sofa (원룸·15평 이하 전용 초소형 빈백), 더스티 핑크 fabric color, a few friends hanging out, casual home party, apartment balcony with plants and city view, wide lifestyle editorial shot, natural light, lived-in feel, Korean home aesthetic, photorealistic, high-end interior photography, soft natural shadows, 8k, advertising quality, leave clean negative space at the top for a text overlay","logo, brand text, watermark, deformed limbs, extra fingers, low quality, blurry text, distorted face, cluttered, oversaturated, plastic look, duplicate furniture, broken perspective",pending,
yg_0131,온돌,Ondol,fomo_scarcity,FOMO·희소성,"이 컬러, 곧 사라집니다",펜션·풀빌라 거실,책 읽는 학생,오버헤드 부감,코발트 블루,4:5,1080x1350,피드 세로,"A premium oversized bean bag sofa (겨울 발열 커버형 빈백, 전기요 호환), 코발트 블루 fabric color, a student reading a book, vacation pension living room, premium resort vibe, high overhead bird's-eye angle looking down, Korean home aesthetic, photorealistic, high-end interior photography, soft natural shadows, 8k, advertising quality, leave clean negative space at the top for a text overlay","logo, brand text, watermark, deformed limbs, extra fingers, low quality, blurry text, distorted face, cluttered, oversaturated, plastic look, duplicate furniture, broken perspective",pending,
yg_0132,피라미드,Pyramid,fomo_scarcity,FOMO·희소성,지금 안 보면 다음은 내년,발코니·테라스,재택근무 직장인,미니멀 제품 히어로,딥 네이비,1:1,1080x1080,피드 정방,"A premium oversized bean bag sofa (삼각 쿠션형 빈백, 등·허리 받침용 보조 쿠션), 딥 네이비 fabric color, a remote worker taking a break, apartment balcony with plants and city view, minimal product hero shot, soft gradient backdrop, studio light, Korean home aesthetic, photorealistic, high-end interior photography, soft natural shadows, 8k, advertising quality, leave clean negative space at the top for a text overlay","logo, brand text, watermark, deformed limbs, extra fingers, low quality, blurry text, distorted face, cluttered, oversaturated, plastic look, duplicate furniture, broken perspective",pending,
yg_0133,펫,Pet,pattern_interrupt,패턴 인터럽트,3초 뒤 반전 주의,캠핑·차박 텐트 안,20대 1인 가구 여성,푹 꺼지는 모션 블러,더스티 핑크,1:1,1080x1080,피드 정방,"A premium oversized bean bag sofa (방수·항균·발톱 저항 커버의 반려동물용 빈백), 더스티 핑크 fabric color, a young woman in her 20s living alone, relaxed, inside a camping tent / car-camping setup, lantern light, motion-blur of a body sinking into the bean bag, dynamic, Korean home aesthetic, photorealistic, high-end interior photography, soft natural shadows, 8k, advertising quality, leave clean negative space at the top for a text overlay","logo, brand text, watermark, deformed limbs, extra fingers, low quality, blurry text, distorted face, cluttered, oversaturated, plastic look, duplicate furniture, broken perspective",pending,
yg_0134,온돌,Ondol,season_hook,시즌·타이밍,환절기 허리에게 주는 선물,키즈룸,20대 1인 가구 여성,푹 꺼지는 모션 블러,라벤더,4:5,1080x1350,피드 세로,"A premium oversized bean bag sofa (겨울 발열 커버형 빈백, 전기요 호환), 라벤더 fabric color, a young woman in her 20s living alone, relaxed, bright kids room with toys, playful pastel palette, motion-blur of a body sinking into the bean bag, dynamic, Korean home aesthetic, photorealistic, high-end interior photography, soft natural shadows, 8k, advertising quality, leave clean negative space at the top for a text overlay","logo, brand text, watermark, deformed limbs, extra fingers, low quality, blurry text, distorted face, cluttered, oversaturated, plastic look, duplicate furniture, broken perspective",pending,
yg_0135,라운저,Lounger,pattern_interrupt,패턴 인터럽트,"잠깐, 저 사람 지금 소파 안으로 빨려 들어감",한강 피크닉 잔디,낮잠 자는 사람,라이프스타일 와이드,오트밀 화이트,4:5,1080x1350,피드 세로,"A premium oversized bean bag sofa (등받이가 높은 1인 라운지형 빈백, 독서·휴식용), 오트밀 화이트 fabric color, a person napping, eyes closed, blissful, Hangang river park lawn picnic, outdoor daytime, wide lifestyle editorial shot, natural light, lived-in feel, Korean home aesthetic, photorealistic, high-end interior photography, soft natural shadows, 8k, advertising quality, leave clean negative space at the top for a text overlay","logo, brand text, watermark, deformed limbs, extra fingers, low quality, blurry text, distorted face, cluttered, oversaturated, plastic look, duplicate furniture, broken perspective",pending,
yg_0136,미니,Mini,fomo_scarcity,FOMO·희소성,"올여름 품절 1순위, 미리 보세요",재택 홈오피스,20대 1인 가구 여성,오버헤드 부감,차콜 그레이,4:5,1080x1350,피드 세로,"A premium oversized bean bag sofa (1인용 소형 빈백, 가볍고 어디든 옮기는 컴팩트 사이즈), 차콜 그레이 fabric color, a young woman in her 20s living alone, relaxed, work-from-home office corner, laptop on a low table, high overhead bird's-eye angle looking down, Korean home aesthetic, photorealistic, high-end interior photography, soft natural shadows, 8k, advertising quality, leave clean negative space at the top for a text overlay","logo, brand text, watermark, deformed limbs, extra fingers, low quality, blurry text, distorted face, cluttered, oversaturated, plastic look, duplicate furniture, broken perspective",pending,
yg_0137,슬림,Slim,pattern_interrupt,패턴 인터럽트,이런 식으로 앉는 거 처음 봄,아늑한 원룸,친구들 홈파티,탑다운 플랫레이,올리브 그린,9:16,1080x1920,릴스/스토리,"A premium oversized bean bag sofa (좁은 폭의 빈백, 1인 라운지 체어 형태), 올리브 그린 fabric color, a few friends hanging out, casual home party, cozy compact studio apartment, minimal Korean interior, top-down flat lay composition, neatly arranged, Korean home aesthetic, photorealistic, high-end interior photography, soft natural shadows, 8k, advertising quality, leave clean negative space at the top for a text overlay","logo, brand text, watermark, deformed limbs, extra fingers, low quality, blurry text, distorted face, cluttered, oversaturated, plastic look, duplicate furniture, broken perspective",pending,
yg_0138,드롭,Drop,transformation,변신·다용도,하나로 거실 전체를 바꾸는 법,겨울 러그 깔린 마루,낮잠 자는 사람,다크 무드 라이팅,코발트 블루,9:16,1080x1920,릴스/스토리,"A premium oversized bean bag sofa (물방울 형태의 빈백 스툴, 발받침·보조 좌석용), 코발트 블루 fabric color, a person napping, eyes closed, blissful, winter living room with rug, cozy ondol floor warmth, dark moody lighting with a single warm light source, Korean home aesthetic, photorealistic, high-end interior photography, soft natural shadows, 8k, advertising quality, leave clean negative space at the top for a text overlay","logo, brand text, watermark, deformed limbs, extra fingers, low quality, blurry text, distorted face, cluttered, oversaturated, plastic look, duplicate furniture, broken perspective",pending,
yg_0139,미디,Midi,transformation,변신·다용도,하나로 거실 전체를 바꾸는 법,게이밍 셋업 방,반려묘와 함께,오버헤드 부감,차콜 그레이,4:5,1080x1350,피드 세로,"A premium oversized bean bag sofa (맥스의 컴팩트 버전, 청소년·소형 공간용 중형 빈백), 차콜 그레이 fabric color, a person with a cat curled up nearby, gaming room with RGB lights and a desk setup, high overhead bird's-eye angle looking down, Korean home aesthetic, photorealistic, high-end interior photography, soft natural shadows, 8k, advertising quality, leave clean negative space at the top for a text overlay","logo, brand text, watermark, deformed limbs, extra fingers, low quality, blurry text, distorted face, cluttered, oversaturated, plastic look, duplicate furniture, broken perspective",pending,
yg_0140,미니 K,Mini K,social_proof,사회적 증거,"리뷰 10,000개가 말하는 그 소파",미니멀 화이트 스튜디오,시니어 부모님,스플릿 비교 컷,올리브 그린,4:5,1080x1350,피드 세로,"A premium oversized bean bag sofa (원룸·15평 이하 전용 초소형 빈백), 올리브 그린 fabric color, an elderly parent resting comfortably, clean white photo studio, seamless backdrop, split-screen before/after comparison layout, Korean home aesthetic, photorealistic, high-end interior photography, soft natural shadows, 8k, advertising quality, leave clean negative space at the top for a text overlay","logo, brand text, watermark, deformed limbs, extra fingers, low quality, blurry text, distorted face, cluttered, oversaturated, plastic look, duplicate furniture, broken perspective",pending,
yg_0141,온돌,Ondol,before_after,비포·애프터,소파 있을 때 vs 요기보 들인 후,키즈룸,시니어 부모님,다크 무드 라이팅,더스티 핑크,9:16,1080x1920,릴스/스토리,"A premium oversized bean bag sofa (겨울 발열 커버형 빈백, 전기요 호환), 더스티 핑크 fabric color, an elderly parent resting comfortably, bright kids room with toys, playful pastel palette, dark moody lighting with a single warm light source, Korean home aesthetic, photorealistic, high-end interior photography, soft natural shadows, 8k, advertising quality, leave clean negative space at the top for a text overlay","logo, brand text, watermark, deformed limbs, extra fingers, low quality, blurry text, distorted face, cluttered, oversaturated, plastic look, duplicate furniture, broken perspective",pending,
yg_0142,펫,Pet,transformation,변신·다용도,하나로 거실 전체를 바꾸는 법,키즈룸,반려견과 집사,푹 꺼지는 모션 블러,오트밀 화이트,9:16,1080x1920,릴스/스토리,"A premium oversized bean bag sofa (방수·항균·발톱 저항 커버의 반려동물용 빈백), 오트밀 화이트 fabric color, a person with a small dog cuddling, bright kids room with toys, playful pastel palette, motion-blur of a body sinking into the bean bag, dynamic, Korean home aesthetic, photorealistic, high-end interior photography, soft natural shadows, 8k, advertising quality, leave clean negative space at the top for a text overlay","logo, brand text, watermark, deformed limbs, extra fingers, low quality, blurry text, distorted face, cluttered, oversaturated, plastic look, duplicate furniture, broken perspective",pending,
yg_0143,팟엑스,Pod X,transformation,변신·다용도,"1개로 5가지 자세, 직접 보세요",햇살 드는 거실 창가,반려견과 집사,한 손 스케일 비교,머스타드 옐로,9:16,1080x1920,릴스/스토리,"A premium oversized bean bag sofa (확장형 듀얼 라이너 빈백, 몸 굴곡에 반응하는 분절 패널), 머스타드 옐로 fabric color, a person with a small dog cuddling, sunlit living room by a large window, soft daylight, hand or person for scale, emphasizing size and softness, Korean home aesthetic, photorealistic, high-end interior photography, soft natural shadows, 8k, advertising quality, leave clean negative space at the top for a text overlay","logo, brand text, watermark, deformed limbs, extra fingers, low quality, blurry text, distorted face, cluttered, oversaturated, plastic look, duplicate furniture, broken perspective",pending,
yg_0144,미디,Midi,pattern_interrupt,패턴 인터럽트,3초 뒤 반전 주의,햇살 드는 거실 창가,다정한 커플,오버헤드 부감,더스티 핑크,4:5,1080x1350,피드 세로,"A premium oversized bean bag sofa (맥스의 컴팩트 버전, 청소년·소형 공간용 중형 빈백), 더스티 핑크 fabric color, a cozy couple lounging together, sunlit living room by a large window, soft daylight, high overhead bird's-eye angle looking down, Korean home aesthetic, photorealistic, high-end interior photography, soft natural shadows, 8k, advertising quality, leave clean negative space at the top for a text overlay","logo, brand text, watermark, deformed limbs, extra fingers, low quality, blurry text, distorted face, cluttered, oversaturated, plastic look, duplicate furniture, broken perspective",pending,
yg_0145,플로어,Floor,asmr_sensory,감각·ASMR,"이 촉감, 화면으로도 느껴지나요?",재택 홈오피스,낮잠 자는 사람,초근접 텍스처 클로즈업,머스타드 옐로,1:1,1080x1080,피드 정방,"A premium oversized bean bag sofa (좌식 문화 맞춤 초저높이 빈백), 머스타드 옐로 fabric color, a person napping, eyes closed, blissful, work-from-home office corner, laptop on a low table, extreme macro close-up of plush fabric texture, shallow depth of field, Korean home aesthetic, photorealistic, high-end interior photography, soft natural shadows, 8k, advertising quality, leave clean negative space at the top for a text overlay","logo, brand text, watermark, deformed limbs, extra fingers, low quality, blurry text, distorted face, cluttered, oversaturated, plastic look, duplicate furniture, broken perspective",pending,
yg_0146,미디,Midi,asmr_sensory,감각·ASMR,"오늘 밤, 여기로 사라지고 싶다",키즈룸,게이머 청년,골든아워 시네마틱,머스타드 옐로,1:1,1080x1080,피드 정방,"A premium oversized bean bag sofa (맥스의 컴팩트 버전, 청소년·소형 공간용 중형 빈백), 머스타드 옐로 fabric color, a young gamer with a controller, bright kids room with toys, playful pastel palette, golden hour cinematic lighting, warm glow, film look, Korean home aesthetic, photorealistic, high-end interior photography, soft natural shadows, 8k, advertising quality, leave clean negative space at the top for a text overlay","logo, brand text, watermark, deformed limbs, extra fingers, low quality, blurry text, distorted face, cluttered, oversaturated, plastic look, duplicate furniture, broken perspective",pending,
yg_0147,프라임,Prime,social_proof,사회적 증거,재구매율이 말해주는 편안함,겨울 러그 깔린 마루,친구들 홈파티,오버헤드 부감,더스티 핑크,1:1,1080x1080,피드 정방,"A premium oversized bean bag sofa (슬림한 등받이형 빈백, 의자처럼 세워 앉기 좋은 형태), 더스티 핑크 fabric color, a few friends hanging out, casual home party, winter living room with rug, cozy ondol floor warmth, high overhead bird's-eye angle looking down, Korean home aesthetic, photorealistic, high-end interior photography, soft natural shadows, 8k, advertising quality, leave clean negative space at the top for a text overlay","logo, brand text, watermark, deformed limbs, extra fingers, low quality, blurry text, distorted face, cluttered, oversaturated, plastic look, duplicate furniture, broken perspective",pending,
yg_0148,온돌,Ondol,aspiration,동경·라이프스타일,"이런 주말, 가져본 적 있나요",햇살 드는 거실 창가,반려묘와 함께,라이프스타일 와이드,올리브 그린,4:5,1080x1350,피드 세로,"A premium oversized bean bag sofa (겨울 발열 커버형 빈백, 전기요 호환), 올리브 그린 fabric color, a person with a cat curled up nearby, sunlit living room by a large window, soft daylight, wide lifestyle editorial shot, natural light, lived-in feel, Korean home aesthetic, photorealistic, high-end interior photography, soft natural shadows, 8k, advertising quality, leave clean negative space at the top for a text overlay","logo, brand text, watermark, deformed limbs, extra fingers, low quality, blurry text, distorted face, cluttered, oversaturated, plastic look, duplicate furniture, broken perspective",pending,
yg_0149,프라임,Prime,transformation,변신·다용도,"소파였다가, 침대였다가, 의자였다가",아늑한 원룸,친구들 홈파티,한 손 스케일 비교,코발트 블루,4:5,1080x1350,피드 세로,"A premium oversized bean bag sofa (슬림한 등받이형 빈백, 의자처럼 세워 앉기 좋은 형태), 코발트 블루 fabric color, a few friends hanging out, casual home party, cozy compact studio apartment, minimal Korean interior, hand or person for scale, emphasizing size and softness, Korean home aesthetic, photorealistic, high-end interior photography, soft natural shadows, 8k, advertising quality, leave clean negative space at the top for a text overlay","logo, brand text, watermark, deformed limbs, extra fingers, low quality, blurry text, distorted face, cluttered, oversaturated, plastic look, duplicate furniture, broken perspective",pending,
yg_0150,라운저,Lounger,curiosity_gap,호기심 갭,이걸 본 사람들이 소파를 버렸습니다,햇살 드는 거실 창가,반려견과 집사,초근접 텍스처 클로즈업,더스티 핑크,9:16,1080x1920,릴스/스토리,"A premium oversized bean bag sofa (등받이가 높은 1인 라운지형 빈백, 독서·휴식용), 더스티 핑크 fabric color, a person with a small dog cuddling, sunlit living room by a large window, soft daylight, extreme macro close-up of plush fabric texture, shallow depth of field, Korean home aesthetic, photorealistic, high-end interior photography, soft natural shadows, 8k, advertising quality, leave clean negative space at the top for a text overlay","logo, brand text, watermark, deformed limbs, extra fingers, low quality, blurry text, distorted face, cluttered, oversaturated, plastic look, duplicate furniture, broken perspective",pending,
yg_0151,미니 K,Mini K,before_after,비포·애프터,혼자 살기 전 → 혼자 살고 난 후의 거실,게이밍 셋업 방,시니어 부모님,미니멀 제품 히어로,크림 베이지,4:5,1080x1350,피드 세로,"A premium oversized bean bag sofa (원룸·15평 이하 전용 초소형 빈백), 크림 베이지 fabric color, an elderly parent resting comfortably, gaming room with RGB lights and a desk setup, minimal product hero shot, soft gradient backdrop, studio light, Korean home aesthetic, photorealistic, high-end interior photography, soft natural shadows, 8k, advertising quality, leave clean negative space at the top for a text overlay","logo, brand text, watermark, deformed limbs, extra fingers, low quality, blurry text, distorted face, cluttered, oversaturated, plastic look, duplicate furniture, broken perspective",pending,
yg_0152,미니,Mini,asmr_sensory,감각·ASMR,"이 촉감, 화면으로도 느껴지나요?",감성 카페 라운지,책 읽는 학생,로우앵글 임팩트,코발트 블루,1:1,1080x1080,피드 정방,"A premium oversized bean bag sofa (1인용 소형 빈백, 가볍고 어디든 옮기는 컴팩트 사이즈), 코발트 블루 fabric color, a student reading a book, trendy cafe lounge interior, warm wood tones, dramatic low angle, product looks grand and inviting, Korean home aesthetic, photorealistic, high-end interior photography, soft natural shadows, 8k, advertising quality, leave clean negative space at the top for a text overlay","logo, brand text, watermark, deformed limbs, extra fingers, low quality, blurry text, distorted face, cluttered, oversaturated, plastic look, duplicate furniture, broken perspective",pending,
yg_0153,미디,Midi,problem_agitate,문제 자극,원룸이라 소파는 포기했다고요?,키즈룸,친구들 홈파티,스플릿 비교 컷,올리브 그린,1:1,1080x1080,피드 정방,"A premium oversized bean bag sofa (맥스의 컴팩트 버전, 청소년·소형 공간용 중형 빈백), 올리브 그린 fabric color, a few friends hanging out, casual home party, bright kids room with toys, playful pastel palette, split-screen before/after comparison layout, Korean home aesthetic, photorealistic, high-end interior photography, soft natural shadows, 8k, advertising quality, leave clean negative space at the top for a text overlay","logo, brand text, watermark, deformed limbs, extra fingers, low quality, blurry text, distorted face, cluttered, oversaturated, plastic look, duplicate furniture, broken perspective",pending,
yg_0154,맥스,Max,pattern_interrupt,패턴 인터럽트,이 자세 실화냐,서재 책장 앞,친구들 홈파티,오버헤드 부감,차콜 그레이,9:16,1080x1920,릴스/스토리,"A premium oversized bean bag sofa (6피트 풀사이즈 빈백 소파, 1인이 완전히 누울 수 있는 길이), 차콜 그레이 fabric color, a few friends hanging out, casual home party, home library nook in front of bookshelves, high overhead bird's-eye angle looking down, Korean home aesthetic, photorealistic, high-end interior photography, soft natural shadows, 8k, advertising quality, leave clean negative space at the top for a text overlay","logo, brand text, watermark, deformed limbs, extra fingers, low quality, blurry text, distorted face, cluttered, oversaturated, plastic look, duplicate furniture, broken perspective",pending,
yg_0155,허기보,Hugibo,humor_relatable,유머·공감,결국 가족 모두가 노리는 자리,서재 책장 앞,친구들 홈파티,미니멀 제품 히어로,코발트 블루,4:5,1080x1350,피드 세로,"A premium oversized bean bag sofa (끌어안는 바디필로우형 빈백, 수면·포옹감 강조), 코발트 블루 fabric color, a few friends hanging out, casual home party, home library nook in front of bookshelves, minimal product hero shot, soft gradient backdrop, studio light, Korean home aesthetic, photorealistic, high-end interior photography, soft natural shadows, 8k, advertising quality, leave clean negative space at the top for a text overlay","logo, brand text, watermark, deformed limbs, extra fingers, low quality, blurry text, distorted face, cluttered, oversaturated, plastic look, duplicate furniture, broken perspective",pending,
yg_0156,팟,Pod,transformation,변신·다용도,하나로 거실 전체를 바꾸는 법,겨울 러그 깔린 마루,낮잠 자는 사람,라이프스타일 와이드,머스타드 옐로,1:1,1080x1080,피드 정방,"A premium oversized bean bag sofa (둥근 1인 의자형 빈백, 감싸는 듯한 곡선 실루엣), 머스타드 옐로 fabric color, a person napping, eyes closed, blissful, winter living room with rug, cozy ondol floor warmth, wide lifestyle editorial shot, natural light, lived-in feel, Korean home aesthetic, photorealistic, high-end interior photography, soft natural shadows, 8k, advertising quality, leave clean negative space at the top for a text overlay","logo, brand text, watermark, deformed limbs, extra fingers, low quality, blurry text, distorted face, cluttered, oversaturated, plastic look, duplicate furniture, broken perspective",pending,
yg_0157,허기보,Hugibo,humor_relatable,유머·공감,주말의 나: 요기보와 한 몸,서재 책장 앞,제품 단독(인물 없음),스플릿 비교 컷,머스타드 옐로,4:5,1080x1350,피드 세로,"A premium oversized bean bag sofa (끌어안는 바디필로우형 빈백, 수면·포옹감 강조), 머스타드 옐로 fabric color, home library nook in front of bookshelves, split-screen before/after comparison layout, Korean home aesthetic, photorealistic, high-end interior photography, soft natural shadows, 8k, advertising quality, leave clean negative space at the top for a text overlay","logo, brand text, watermark, deformed limbs, extra fingers, low quality, blurry text, distorted face, cluttered, oversaturated, plastic look, duplicate furniture, broken perspective",pending,
yg_0158,맥스,Max,humor_relatable,유머·공감,주말의 나: 요기보와 한 몸,겨울 러그 깔린 마루,친구들 홈파티,한 손 스케일 비교,오트밀 화이트,9:16,1080x1920,릴스/스토리,"A premium oversized bean bag sofa (6피트 풀사이즈 빈백 소파, 1인이 완전히 누울 수 있는 길이), 오트밀 화이트 fabric color, a few friends hanging out, casual home party, winter living room with rug, cozy ondol floor warmth, hand or person for scale, emphasizing size and softness, Korean home aesthetic, photorealistic, high-end interior photography, soft natural shadows, 8k, advertising quality, leave clean negative space at the top for a text overlay","logo, brand text, watermark, deformed limbs, extra fingers, low quality, blurry text, distorted face, cluttered, oversaturated, plastic look, duplicate furniture, broken perspective",pending,
yg_0159,라운저,Lounger,problem_agitate,문제 자극,"비싼 소파, 커버는 왜 못 빨까?",감성 카페 라운지,반려견과 집사,푹 꺼지는 모션 블러,오트밀 화이트,4:5,1080x1350,피드 세로,"A premium oversized bean bag sofa (등받이가 높은 1인 라운지형 빈백, 독서·휴식용), 오트밀 화이트 fabric color, a person with a small dog cuddling, trendy cafe lounge interior, warm wood tones, motion-blur of a body sinking into the bean bag, dynamic, Korean home aesthetic, photorealistic, high-end interior photography, soft natural shadows, 8k, advertising quality, leave clean negative space at the top for a text overlay","logo, brand text, watermark, deformed limbs, extra fingers, low quality, blurry text, distorted face, cluttered, oversaturated, plastic look, duplicate furniture, broken perspective",pending,
yg_0160,미디,Midi,season_hook,시즌·타이밍,"장마철, 집이 가장 좋아지는 이유",아늑한 원룸,친구들 홈파티,파스텔 팝 컬러블록,올리브 그린,9:16,1080x1920,릴스/스토리,"A premium oversized bean bag sofa (맥스의 컴팩트 버전, 청소년·소형 공간용 중형 빈백), 올리브 그린 fabric color, a few friends hanging out, casual home party, cozy compact studio apartment, minimal Korean interior, pastel pop color-block background, playful graphic style, Korean home aesthetic, photorealistic, high-end interior photography, soft natural shadows, 8k, advertising quality, leave clean negative space at the top for a text overlay","logo, brand text, watermark, deformed limbs, extra fingers, low quality, blurry text, distorted face, cluttered, oversaturated, plastic look, duplicate furniture, broken perspective",pending,
yg_0161,더블,Double,humor_relatable,유머·공감,주말의 나: 요기보와 한 몸,발코니·테라스,제품 단독(인물 없음),탑다운 플랫레이,올리브 그린,9:16,1080x1920,릴스/스토리,"A premium oversized bean bag sofa (맥스 2배 폭의 초대형 빈백, 커플·가족용 침대 겸용), 올리브 그린 fabric color, apartment balcony with plants and city view, top-down flat lay composition, neatly arranged, Korean home aesthetic, photorealistic, high-end interior photography, soft natural shadows, 8k, advertising quality, leave clean negative space at the top for a text overlay","logo, brand text, watermark, deformed limbs, extra fingers, low quality, blurry text, distorted face, cluttered, oversaturated, plastic look, duplicate furniture, broken perspective",pending,
yg_0162,미니 K,Mini K,before_after,비포·애프터,소파 있을 때 vs 요기보 들인 후,게이밍 셋업 방,다정한 커플,오버헤드 부감,라벤더,9:16,1080x1920,릴스/스토리,"A premium oversized bean bag sofa (원룸·15평 이하 전용 초소형 빈백), 라벤더 fabric color, a cozy couple lounging together, gaming room with RGB lights and a desk setup, high overhead bird's-eye angle looking down, Korean home aesthetic, photorealistic, high-end interior photography, soft natural shadows, 8k, advertising quality, leave clean negative space at the top for a text overlay","logo, brand text, watermark, deformed limbs, extra fingers, low quality, blurry text, distorted face, cluttered, oversaturated, plastic look, duplicate furniture, broken perspective",pending,
yg_0163,드롭,Drop,before_after,비포·애프터,소파 있을 때 vs 요기보 들인 후,서재 책장 앞,낮잠 자는 사람,스플릿 비교 컷,차콜 그레이,9:16,1080x1920,릴스/스토리,"A premium oversized bean bag sofa (물방울 형태의 빈백 스툴, 발받침·보조 좌석용), 차콜 그레이 fabric color, a person napping, eyes closed, blissful, home library nook in front of bookshelves, split-screen before/after comparison layout, Korean home aesthetic, photorealistic, high-end interior photography, soft natural shadows, 8k, advertising quality, leave clean negative space at the top for a text overlay","logo, brand text, watermark, deformed limbs, extra fingers, low quality, blurry text, distorted face, cluttered, oversaturated, plastic look, duplicate furniture, broken perspective",pending,
yg_0164,프라임,Prime,before_after,비포·애프터,어제의 허리 vs 오늘의 허리,미니멀 화이트 스튜디오,아이와 부모 가족,파스텔 팝 컬러블록,라벤더,9:16,1080x1920,릴스/스토리,"A premium oversized bean bag sofa (슬림한 등받이형 빈백, 의자처럼 세워 앉기 좋은 형태), 라벤더 fabric color, a parent and a child playing, clean white photo studio, seamless backdrop, pastel pop color-block background, playful graphic style, Korean home aesthetic, photorealistic, high-end interior photography, soft natural shadows, 8k, advertising quality, leave clean negative space at the top for a text overlay","logo, brand text, watermark, deformed limbs, extra fingers, low quality, blurry text, distorted face, cluttered, oversaturated, plastic look, duplicate furniture, broken perspective",pending,
yg_0165,프라임,Prime,transformation,변신·다용도,"소파였다가, 침대였다가, 의자였다가",햇살 드는 거실 창가,게이머 청년,오버헤드 부감,코발트 블루,9:16,1080x1920,릴스/스토리,"A premium oversized bean bag sofa (슬림한 등받이형 빈백, 의자처럼 세워 앉기 좋은 형태), 코발트 블루 fabric color, a young gamer with a controller, sunlit living room by a large window, soft daylight, high overhead bird's-eye angle looking down, Korean home aesthetic, photorealistic, high-end interior photography, soft natural shadows, 8k, advertising quality, leave clean negative space at the top for a text overlay","logo, brand text, watermark, deformed limbs, extra fingers, low quality, blurry text, distorted face, cluttered, oversaturated, plastic look, duplicate furniture, broken perspective",pending,
yg_0166,드롭,Drop,humor_relatable,유머·공감,주말의 나: 요기보와 한 몸,캠핑·차박 텐트 안,친구들 홈파티,골든아워 시네마틱,테라코타,9:16,1080x1920,릴스/스토리,"A premium oversized bean bag sofa (물방울 형태의 빈백 스툴, 발받침·보조 좌석용), 테라코타 fabric color, a few friends hanging out, casual home party, inside a camping tent / car-camping setup, lantern light, golden hour cinematic lighting, warm glow, film look, Korean home aesthetic, photorealistic, high-end interior photography, soft natural shadows, 8k, advertising quality, leave clean negative space at the top for a text overlay","logo, brand text, watermark, deformed limbs, extra fingers, low quality, blurry text, distorted face, cluttered, oversaturated, plastic look, duplicate furniture, broken perspective",pending,
yg_0167,맥스,Max,humor_relatable,유머·공감,약속 취소되자마자 향한 곳,재택 홈오피스,반려견과 집사,로우앵글 임팩트,차콜 그레이,1:1,1080x1080,피드 정방,"A premium oversized bean bag sofa (6피트 풀사이즈 빈백 소파, 1인이 완전히 누울 수 있는 길이), 차콜 그레이 fabric color, a person with a small dog cuddling, work-from-home office corner, laptop on a low table, dramatic low angle, product looks grand and inviting, Korean home aesthetic, photorealistic, high-end interior photography, soft natural shadows, 8k, advertising quality, leave clean negative space at the top for a text overlay","logo, brand text, watermark, deformed limbs, extra fingers, low quality, blurry text, distorted face, cluttered, oversaturated, plastic look, duplicate furniture, broken perspective",pending,
yg_0168,플로어,Floor,price_value,가치·합리화,"소파 + 침대 + 의자, 가격은 하나",서재 책장 앞,친구들 홈파티,미니멀 제품 히어로,크림 베이지,4:5,1080x1350,피드 세로,"A premium oversized bean bag sofa (좌식 문화 맞춤 초저높이 빈백), 크림 베이지 fabric color, a few friends hanging out, casual home party, home library nook in front of bookshelves, minimal product hero shot, soft gradient backdrop, studio light, Korean home aesthetic, photorealistic, high-end interior photography, soft natural shadows, 8k, advertising quality, leave clean negative space at the top for a text overlay","logo, brand text, watermark, deformed limbs, extra fingers, low quality, blurry text, distorted face, cluttered, oversaturated, plastic look, duplicate furniture, broken perspective",pending,
yg_0169,더블,Double,fomo_scarcity,FOMO·희소성,한정 컬러 — 재입고 없음,키즈룸,재택근무 직장인,라이프스타일 와이드,라벤더,4:5,1080x1350,피드 세로,"A premium oversized bean bag sofa (맥스 2배 폭의 초대형 빈백, 커플·가족용 침대 겸용), 라벤더 fabric color, a remote worker taking a break, bright kids room with toys, playful pastel palette, wide lifestyle editorial shot, natural light, lived-in feel, Korean home aesthetic, photorealistic, high-end interior photography, soft natural shadows, 8k, advertising quality, leave clean negative space at the top for a text overlay","logo, brand text, watermark, deformed limbs, extra fingers, low quality, blurry text, distorted face, cluttered, oversaturated, plastic look, duplicate furniture, broken perspective",pending,
yg_0170,서포트,Support,pattern_interrupt,패턴 인터럽트,3초 뒤 반전 주의,발코니·테라스,친구들 홈파티,한 손 스케일 비교,머스타드 옐로,1:1,1080x1080,피드 정방,"A premium oversized bean bag sofa (U자형 받침 쿠션, 빈백과 결합해 리클라이너로 변신), 머스타드 옐로 fabric color, a few friends hanging out, casual home party, apartment balcony with plants and city view, hand or person for scale, emphasizing size and softness, Korean home aesthetic, photorealistic, high-end interior photography, soft natural shadows, 8k, advertising quality, leave clean negative space at the top for a text overlay","logo, brand text, watermark, deformed limbs, extra fingers, low quality, blurry text, distorted face, cluttered, oversaturated, plastic look, duplicate furniture, broken perspective",pending,
yg_0171,미디,Midi,transformation,변신·다용도,"낮엔 소파, 밤엔 침대",펜션·풀빌라 거실,재택근무 직장인,다크 무드 라이팅,머스타드 옐로,4:5,1080x1350,피드 세로,"A premium oversized bean bag sofa (맥스의 컴팩트 버전, 청소년·소형 공간용 중형 빈백), 머스타드 옐로 fabric color, a remote worker taking a break, vacation pension living room, premium resort vibe, dark moody lighting with a single warm light source, Korean home aesthetic, photorealistic, high-end interior photography, soft natural shadows, 8k, advertising quality, leave clean negative space at the top for a text overlay","logo, brand text, watermark, deformed limbs, extra fingers, low quality, blurry text, distorted face, cluttered, oversaturated, plastic look, duplicate furniture, broken perspective",pending,
yg_0172,더블,Double,price_value,가치·합리화,비싸 보이지만 1평도 안 차지,발코니·테라스,아이와 부모 가족,다크 무드 라이팅,테라코타,9:16,1080x1920,릴스/스토리,"A premium oversized bean bag sofa (맥스 2배 폭의 초대형 빈백, 커플·가족용 침대 겸용), 테라코타 fabric color, a parent and a child playing, apartment balcony with plants and city view, dark moody lighting with a single warm light source, Korean home aesthetic, photorealistic, high-end interior photography, soft natural shadows, 8k, advertising quality, leave clean negative space at the top for a text overlay","logo, brand text, watermark, deformed limbs, extra fingers, low quality, blurry text, distorted face, cluttered, oversaturated, plastic look, duplicate furniture, broken perspective",pending,
yg_0173,슬림,Slim,season_hook,시즌·타이밍,환절기 허리에게 주는 선물,발코니·테라스,시니어 부모님,파스텔 팝 컬러블록,딥 네이비,9:16,1080x1920,릴스/스토리,"A premium oversized bean bag sofa (좁은 폭의 빈백, 1인 라운지 체어 형태), 딥 네이비 fabric color, an elderly parent resting comfortably, apartment balcony with plants and city view, pastel pop color-block background, playful graphic style, Korean home aesthetic, photorealistic, high-end interior photography, soft natural shadows, 8k, advertising quality, leave clean negative space at the top for a text overlay","logo, brand text, watermark, deformed limbs, extra fingers, low quality, blurry text, distorted face, cluttered, oversaturated, plastic look, duplicate furniture, broken perspective",pending,
yg_0174,드롭,Drop,problem_agitate,문제 자극,"비싼 소파, 커버는 왜 못 빨까?",아늑한 원룸,낮잠 자는 사람,라이프스타일 와이드,오트밀 화이트,4:5,1080x1350,피드 세로,"A premium oversized bean bag sofa (물방울 형태의 빈백 스툴, 발받침·보조 좌석용), 오트밀 화이트 fabric color, a person napping, eyes closed, blissful, cozy compact studio apartment, minimal Korean interior, wide lifestyle editorial shot, natural light, lived-in feel, Korean home aesthetic, photorealistic, high-end interior photography, soft natural shadows, 8k, advertising quality, leave clean negative space at the top for a text overlay","logo, brand text, watermark, deformed limbs, extra fingers, low quality, blurry text, distorted face, cluttered, oversaturated, plastic look, duplicate furniture, broken perspective",pending,
yg_0175,더블,Double,social_proof,사회적 증거,연예인 자취방에 다 있다는 그것,게이밍 셋업 방,다정한 커플,로우앵글 임팩트,차콜 그레이,9:16,1080x1920,릴스/스토리,"A premium oversized bean bag sofa (맥스 2배 폭의 초대형 빈백, 커플·가족용 침대 겸용), 차콜 그레이 fabric color, a cozy couple lounging together, gaming room with RGB lights and a desk setup, dramatic low angle, product looks grand and inviting, Korean home aesthetic, photorealistic, high-end interior photography, soft natural shadows, 8k, advertising quality, leave clean negative space at the top for a text overlay","logo, brand text, watermark, deformed limbs, extra fingers, low quality, blurry text, distorted face, cluttered, oversaturated, plastic look, duplicate furniture, broken perspective",pending,
yg_0176,팟,Pod,humor_relatable,유머·공감,약속 취소되자마자 향한 곳,게이밍 셋업 방,아이와 부모 가족,골든아워 시네마틱,오트밀 화이트,4:5,1080x1350,피드 세로,"A premium oversized bean bag sofa (둥근 1인 의자형 빈백, 감싸는 듯한 곡선 실루엣), 오트밀 화이트 fabric color, a parent and a child playing, gaming room with RGB lights and a desk setup, golden hour cinematic lighting, warm glow, film look, Korean home aesthetic, photorealistic, high-end interior photography, soft natural shadows, 8k, advertising quality, leave clean negative space at the top for a text overlay","logo, brand text, watermark, deformed limbs, extra fingers, low quality, blurry text, distorted face, cluttered, oversaturated, plastic look, duplicate furniture, broken perspective",pending,
yg_0177,드롭,Drop,before_after,비포·애프터,퇴근 전 vs 퇴근 후 내 모습,무드등 켜진 밤 침실,시니어 부모님,스플릿 비교 컷,차콜 그레이,1:1,1080x1080,피드 정방,"A premium oversized bean bag sofa (물방울 형태의 빈백 스툴, 발받침·보조 좌석용), 차콜 그레이 fabric color, an elderly parent resting comfortably, dim bedroom at night with warm mood lighting, split-screen before/after comparison layout, Korean home aesthetic, photorealistic, high-end interior photography, soft natural shadows, 8k, advertising quality, leave clean negative space at the top for a text overlay","logo, brand text, watermark, deformed limbs, extra fingers, low quality, blurry text, distorted face, cluttered, oversaturated, plastic look, duplicate furniture, broken perspective",pending,
yg_0178,맥스,Max,before_after,비포·애프터,혼자 살기 전 → 혼자 살고 난 후의 거실,햇살 드는 거실 창가,반려견과 집사,푹 꺼지는 모션 블러,더스티 핑크,4:5,1080x1350,피드 세로,"A premium oversized bean bag sofa (6피트 풀사이즈 빈백 소파, 1인이 완전히 누울 수 있는 길이), 더스티 핑크 fabric color, a person with a small dog cuddling, sunlit living room by a large window, soft daylight, motion-blur of a body sinking into the bean bag, dynamic, Korean home aesthetic, photorealistic, high-end interior photography, soft natural shadows, 8k, advertising quality, leave clean negative space at the top for a text overlay","logo, brand text, watermark, deformed limbs, extra fingers, low quality, blurry text, distorted face, cluttered, oversaturated, plastic look, duplicate furniture, broken perspective",pending,
yg_0179,미니,Mini,fomo_scarcity,FOMO·희소성,"올여름 품절 1순위, 미리 보세요",햇살 드는 거실 창가,다정한 커플,한 손 스케일 비교,라벤더,4:5,1080x1350,피드 세로,"A premium oversized bean bag sofa (1인용 소형 빈백, 가볍고 어디든 옮기는 컴팩트 사이즈), 라벤더 fabric color, a cozy couple lounging together, sunlit living room by a large window, soft daylight, hand or person for scale, emphasizing size and softness, Korean home aesthetic, photorealistic, high-end interior photography, soft natural shadows, 8k, advertising quality, leave clean negative space at the top for a text overlay","logo, brand text, watermark, deformed limbs, extra fingers, low quality, blurry text, distorted face, cluttered, oversaturated, plastic look, duplicate furniture, broken perspective",pending,
yg_0180,프라임,Prime,pattern_interrupt,패턴 인터럽트,3초 뒤 반전 주의,키즈룸,반려견과 집사,오버헤드 부감,차콜 그레이,9:16,1080x1920,릴스/스토리,"A premium oversized bean bag sofa (슬림한 등받이형 빈백, 의자처럼 세워 앉기 좋은 형태), 차콜 그레이 fabric color, a person with a small dog cuddling, bright kids room with toys, playful pastel palette, high overhead bird's-eye angle looking down, Korean home aesthetic, photorealistic, high-end interior photography, soft natural shadows, 8k, advertising quality, leave clean negative space at the top for a text overlay","logo, brand text, watermark, deformed limbs, extra fingers, low quality, blurry text, distorted face, cluttered, oversaturated, plastic look, duplicate furniture, broken perspective",pending,
yg_0181,키즈,Kids,problem_agitate,문제 자극,"게이밍 의자, 오래 앉으면 배기지 않나요?",감성 카페 라운지,20대 1인 가구 여성,한 손 스케일 비교,올리브 그린,9:16,1080x1920,릴스/스토리,"A premium oversized bean bag sofa (유아·아동 안전 인증 소형 빈백, 밝은 컬러), 올리브 그린 fabric color, a young woman in her 20s living alone, relaxed, trendy cafe lounge interior, warm wood tones, hand or person for scale, emphasizing size and softness, Korean home aesthetic, photorealistic, high-end interior photography, soft natural shadows, 8k, advertising quality, leave clean negative space at the top for a text overlay","logo, brand text, watermark, deformed limbs, extra fingers, low quality, blurry text, distorted face, cluttered, oversaturated, plastic look, duplicate furniture, broken perspective",pending,
yg_0182,맥스,Max,curiosity_gap,호기심 갭,"이 소파, 3초만 앉으면 못 일어나는 이유",키즈룸,책 읽는 학생,미니멀 제품 히어로,코발트 블루,9:16,1080x1920,릴스/스토리,"A premium oversized bean bag sofa (6피트 풀사이즈 빈백 소파, 1인이 완전히 누울 수 있는 길이), 코발트 블루 fabric color, a student reading a book, bright kids room with toys, playful pastel palette, minimal product hero shot, soft gradient backdrop, studio light, Korean home aesthetic, photorealistic, high-end interior photography, soft natural shadows, 8k, advertising quality, leave clean negative space at the top for a text overlay","logo, brand text, watermark, deformed limbs, extra fingers, low quality, blurry text, distorted face, cluttered, oversaturated, plastic look, duplicate furniture, broken perspective",pending,
yg_0183,프라임,Prime,asmr_sensory,감각·ASMR,푹— 몸이 그대로 녹아드는 소리,발코니·테라스,반려묘와 함께,탑다운 플랫레이,크림 베이지,4:5,1080x1350,피드 세로,"A premium oversized bean bag sofa (슬림한 등받이형 빈백, 의자처럼 세워 앉기 좋은 형태), 크림 베이지 fabric color, a person with a cat curled up nearby, apartment balcony with plants and city view, top-down flat lay composition, neatly arranged, Korean home aesthetic, photorealistic, high-end interior photography, soft natural shadows, 8k, advertising quality, leave clean negative space at the top for a text overlay","logo, brand text, watermark, deformed limbs, extra fingers, low quality, blurry text, distorted face, cluttered, oversaturated, plastic look, duplicate furniture, broken perspective",pending,
yg_0184,펫,Pet,price_value,가치·합리화,한 번 사면 왜 안 바꾸는지 알게 됨,발코니·테라스,책 읽는 학생,로우앵글 임팩트,올리브 그린,9:16,1080x1920,릴스/스토리,"A premium oversized bean bag sofa (방수·항균·발톱 저항 커버의 반려동물용 빈백), 올리브 그린 fabric color, a student reading a book, apartment balcony with plants and city view, dramatic low angle, product looks grand and inviting, Korean home aesthetic, photorealistic, high-end interior photography, soft natural shadows, 8k, advertising quality, leave clean negative space at the top for a text overlay","logo, brand text, watermark, deformed limbs, extra fingers, low quality, blurry text, distorted face, cluttered, oversaturated, plastic look, duplicate furniture, broken perspective",pending,
yg_0185,키즈,Kids,humor_relatable,유머·공감,주말의 나: 요기보와 한 몸,캠핑·차박 텐트 안,재택근무 직장인,한 손 스케일 비교,라벤더,4:5,1080x1350,피드 세로,"A premium oversized bean bag sofa (유아·아동 안전 인증 소형 빈백, 밝은 컬러), 라벤더 fabric color, a remote worker taking a break, inside a camping tent / car-camping setup, lantern light, hand or person for scale, emphasizing size and softness, Korean home aesthetic, photorealistic, high-end interior photography, soft natural shadows, 8k, advertising quality, leave clean negative space at the top for a text overlay","logo, brand text, watermark, deformed limbs, extra fingers, low quality, blurry text, distorted face, cluttered, oversaturated, plastic look, duplicate furniture, broken perspective",pending,
yg_0186,미니 K,Mini K,pattern_interrupt,패턴 인터럽트,이런 식으로 앉는 거 처음 봄,게이밍 셋업 방,책 읽는 학생,골든아워 시네마틱,머스타드 옐로,9:16,1080x1920,릴스/스토리,"A premium oversized bean bag sofa (원룸·15평 이하 전용 초소형 빈백), 머스타드 옐로 fabric color, a student reading a book, gaming room with RGB lights and a desk setup, golden hour cinematic lighting, warm glow, film look, Korean home aesthetic, photorealistic, high-end interior photography, soft natural shadows, 8k, advertising quality, leave clean negative space at the top for a text overlay","logo, brand text, watermark, deformed limbs, extra fingers, low quality, blurry text, distorted face, cluttered, oversaturated, plastic look, duplicate furniture, broken perspective",pending,
yg_0187,슬림,Slim,social_proof,사회적 증거,1인 가구가 가장 많이 산 가구 1위,캠핑·차박 텐트 안,반려견과 집사,파스텔 팝 컬러블록,더스티 핑크,4:5,1080x1350,피드 세로,"A premium oversized bean bag sofa (좁은 폭의 빈백, 1인 라운지 체어 형태), 더스티 핑크 fabric color, a person with a small dog cuddling, inside a camping tent / car-camping setup, lantern light, pastel pop color-block background, playful graphic style, Korean home aesthetic, photorealistic, high-end interior photography, soft natural shadows, 8k, advertising quality, leave clean negative space at the top for a text overlay","logo, brand text, watermark, deformed limbs, extra fingers, low quality, blurry text, distorted face, cluttered, oversaturated, plastic look, duplicate furniture, broken perspective",pending,
yg_0188,온돌,Ondol,asmr_sensory,감각·ASMR,손이 닿는 순간 멈추는 마법의 촉감,아늑한 원룸,재택근무 직장인,라이프스타일 와이드,차콜 그레이,9:16,1080x1920,릴스/스토리,"A premium oversized bean bag sofa (겨울 발열 커버형 빈백, 전기요 호환), 차콜 그레이 fabric color, a remote worker taking a break, cozy compact studio apartment, minimal Korean interior, wide lifestyle editorial shot, natural light, lived-in feel, Korean home aesthetic, photorealistic, high-end interior photography, soft natural shadows, 8k, advertising quality, leave clean negative space at the top for a text overlay","logo, brand text, watermark, deformed limbs, extra fingers, low quality, blurry text, distorted face, cluttered, oversaturated, plastic look, duplicate furniture, broken perspective",pending,
yg_0189,미디,Midi,aspiration,동경·라이프스타일,"남의 집 같던 그 무드, 우리집에",햇살 드는 거실 창가,반려묘와 함께,오버헤드 부감,더스티 핑크,1:1,1080x1080,피드 정방,"A premium oversized bean bag sofa (맥스의 컴팩트 버전, 청소년·소형 공간용 중형 빈백), 더스티 핑크 fabric color, a person with a cat curled up nearby, sunlit living room by a large window, soft daylight, high overhead bird's-eye angle looking down, Korean home aesthetic, photorealistic, high-end interior photography, soft natural shadows, 8k, advertising quality, leave clean negative space at the top for a text overlay","logo, brand text, watermark, deformed limbs, extra fingers, low quality, blurry text, distorted face, cluttered, oversaturated, plastic look, duplicate furniture, broken perspective",pending,
yg_0190,슬림,Slim,transformation,변신·다용도,"소파였다가, 침대였다가, 의자였다가",발코니·테라스,친구들 홈파티,미니멀 제품 히어로,올리브 그린,1:1,1080x1080,피드 정방,"A premium oversized bean bag sofa (좁은 폭의 빈백, 1인 라운지 체어 형태), 올리브 그린 fabric color, a few friends hanging out, casual home party, apartment balcony with plants and city view, minimal product hero shot, soft gradient backdrop, studio light, Korean home aesthetic, photorealistic, high-end interior photography, soft natural shadows, 8k, advertising quality, leave clean negative space at the top for a text overlay","logo, brand text, watermark, deformed limbs, extra fingers, low quality, blurry text, distorted face, cluttered, oversaturated, plastic look, duplicate furniture, broken perspective",pending,
yg_0191,라운저,Lounger,social_proof,사회적 증거,연예인 자취방에 다 있다는 그것,아늑한 원룸,반려묘와 함께,오버헤드 부감,크림 베이지,1:1,1080x1080,피드 정방,"A premium oversized bean bag sofa (등받이가 높은 1인 라운지형 빈백, 독서·휴식용), 크림 베이지 fabric color, a person with a cat curled up nearby, cozy compact studio apartment, minimal Korean interior, high overhead bird's-eye angle looking down, Korean home aesthetic, photorealistic, high-end interior photography, soft natural shadows, 8k, advertising quality, leave clean negative space at the top for a text overlay","logo, brand text, watermark, deformed limbs, extra fingers, low quality, blurry text, distorted face, cluttered, oversaturated, plastic look, duplicate furniture, broken perspective",pending,
yg_0192,온돌,Ondol,problem_agitate,문제 자극,"게이밍 의자, 오래 앉으면 배기지 않나요?",겨울 러그 깔린 마루,재택근무 직장인,골든아워 시네마틱,더스티 핑크,4:5,1080x1350,피드 세로,"A premium oversized bean bag sofa (겨울 발열 커버형 빈백, 전기요 호환), 더스티 핑크 fabric color, a remote worker taking a break, winter living room with rug, cozy ondol floor warmth, golden hour cinematic lighting, warm glow, film look, Korean home aesthetic, photorealistic, high-end interior photography, soft natural shadows, 8k, advertising quality, leave clean negative space at the top for a text overlay","logo, brand text, watermark, deformed limbs, extra fingers, low quality, blurry text, distorted face, cluttered, oversaturated, plastic look, duplicate furniture, broken perspective",pending,
yg_0193,드롭,Drop,humor_relatable,유머·공감,‘잠깐만 누울게’ → 3시간 경과,게이밍 셋업 방,책 읽는 학생,오버헤드 부감,오트밀 화이트,1:1,1080x1080,피드 정방,"A premium oversized bean bag sofa (물방울 형태의 빈백 스툴, 발받침·보조 좌석용), 오트밀 화이트 fabric color, a student reading a book, gaming room with RGB lights and a desk setup, high overhead bird's-eye angle looking down, Korean home aesthetic, photorealistic, high-end interior photography, soft natural shadows, 8k, advertising quality, leave clean negative space at the top for a text overlay","logo, brand text, watermark, deformed limbs, extra fingers, low quality, blurry text, distorted face, cluttered, oversaturated, plastic look, duplicate furniture, broken perspective",pending,
yg_0194,펫,Pet,curiosity_gap,호기심 갭,이걸 본 사람들이 소파를 버렸습니다,감성 카페 라운지,친구들 홈파티,한 손 스케일 비교,딥 네이비,4:5,1080x1350,피드 세로,"A premium oversized bean bag sofa (방수·항균·발톱 저항 커버의 반려동물용 빈백), 딥 네이비 fabric color, a few friends hanging out, casual home party, trendy cafe lounge interior, warm wood tones, hand or person for scale, emphasizing size and softness, Korean home aesthetic, photorealistic, high-end interior photography, soft natural shadows, 8k, advertising quality, leave clean negative space at the top for a text overlay","logo, brand text, watermark, deformed limbs, extra fingers, low quality, blurry text, distorted face, cluttered, oversaturated, plastic look, duplicate furniture, broken perspective",pending,
yg_0195,드롭,Drop,price_value,가치·합리화,버리는 소파 vs 평생 가는 소파,미니멀 화이트 스튜디오,게이머 청년,골든아워 시네마틱,딥 네이비,4:5,1080x1350,피드 세로,"A premium oversized bean bag sofa (물방울 형태의 빈백 스툴, 발받침·보조 좌석용), 딥 네이비 fabric color, a young gamer with a controller, clean white photo studio, seamless backdrop, golden hour cinematic lighting, warm glow, film look, Korean home aesthetic, photorealistic, high-end interior photography, soft natural shadows, 8k, advertising quality, leave clean negative space at the top for a text overlay","logo, brand text, watermark, deformed limbs, extra fingers, low quality, blurry text, distorted face, cluttered, oversaturated, plastic look, duplicate furniture, broken perspective",pending,
yg_0196,미디,Midi,humor_relatable,유머·공감,약속 취소되자마자 향한 곳,펜션·풀빌라 거실,책 읽는 학생,라이프스타일 와이드,딥 네이비,4:5,1080x1350,피드 세로,"A premium oversized bean bag sofa (맥스의 컴팩트 버전, 청소년·소형 공간용 중형 빈백), 딥 네이비 fabric color, a student reading a book, vacation pension living room, premium resort vibe, wide lifestyle editorial shot, natural light, lived-in feel, Korean home aesthetic, photorealistic, high-end interior photography, soft natural shadows, 8k, advertising quality, leave clean negative space at the top for a text overlay","logo, brand text, watermark, deformed limbs, extra fingers, low quality, blurry text, distorted face, cluttered, oversaturated, plastic look, duplicate furniture, broken perspective",pending,
yg_0197,키즈,Kids,problem_agitate,문제 자극,반려견이 소파를 다 뜯어놨다면,캠핑·차박 텐트 안,책 읽는 학생,다크 무드 라이팅,크림 베이지,9:16,1080x1920,릴스/스토리,"A premium oversized bean bag sofa (유아·아동 안전 인증 소형 빈백, 밝은 컬러), 크림 베이지 fabric color, a student reading a book, inside a camping tent / car-camping setup, lantern light, dark moody lighting with a single warm light source, Korean home aesthetic, photorealistic, high-end interior photography, soft natural shadows, 8k, advertising quality, leave clean negative space at the top for a text overlay","logo, brand text, watermark, deformed limbs, extra fingers, low quality, blurry text, distorted face, cluttered, oversaturated, plastic look, duplicate furniture, broken perspective",pending,
yg_0198,라운저,Lounger,price_value,가치·합리화,"소파 + 침대 + 의자, 가격은 하나",발코니·테라스,반려묘와 함께,로우앵글 임팩트,딥 네이비,4:5,1080x1350,피드 세로,"A premium oversized bean bag sofa (등받이가 높은 1인 라운지형 빈백, 독서·휴식용), 딥 네이비 fabric color, a person with a cat curled up nearby, apartment balcony with plants and city view, dramatic low angle, product looks grand and inviting, Korean home aesthetic, photorealistic, high-end interior photography, soft natural shadows, 8k, advertising quality, leave clean negative space at the top for a text overlay","logo, brand text, watermark, deformed limbs, extra fingers, low quality, blurry text, distorted face, cluttered, oversaturated, plastic look, duplicate furniture, broken perspective",pending,
yg_0199,미니,Mini,humor_relatable,유머·공감,결국 가족 모두가 노리는 자리,햇살 드는 거실 창가,친구들 홈파티,라이프스타일 와이드,코발트 블루,1:1,1080x1080,피드 정방,"A premium oversized bean bag sofa (1인용 소형 빈백, 가볍고 어디든 옮기는 컴팩트 사이즈), 코발트 블루 fabric color, a few friends hanging out, casual home party, sunlit living room by a large window, soft daylight, wide lifestyle editorial shot, natural light, lived-in feel, Korean home aesthetic, photorealistic, high-end interior photography, soft natural shadows, 8k, advertising quality, leave clean negative space at the top for a text overlay","logo, brand text, watermark, deformed limbs, extra fingers, low quality, blurry text, distorted face, cluttered, oversaturated, plastic look, duplicate furniture, broken perspective",pending,
yg_0200,미니 K,Mini K,pattern_interrupt,패턴 인터럽트,끝까지 안 보면 손해,감성 카페 라운지,낮잠 자는 사람,미니멀 제품 히어로,테라코타,9:16,1080x1920,릴스/스토리,"A premium oversized bean bag sofa (원룸·15평 이하 전용 초소형 빈백), 테라코타 fabric color, a person napping, eyes closed, blissful, trendy cafe lounge interior, warm wood tones, minimal product hero shot, soft gradient backdrop, studio light, Korean home aesthetic, photorealistic, high-end interior photography, soft natural shadows, 8k, advertising quality, leave clean negative space at the top for a text overlay","logo, brand text, watermark, deformed limbs, extra fingers, low quality, blurry text, distorted face, cluttered, oversaturated, plastic look, duplicate furniture, broken perspective",pending,
yg_0201,슬림,Slim,social_proof,사회적 증거,한 번 산 사람은 색깔만 늘린다,캠핑·차박 텐트 안,재택근무 직장인,스플릿 비교 컷,코발트 블루,9:16,1080x1920,릴스/스토리,"A premium oversized bean bag sofa (좁은 폭의 빈백, 1인 라운지 체어 형태), 코발트 블루 fabric color, a remote worker taking a break, inside a camping tent / car-camping setup, lantern light, split-screen before/after comparison layout, Korean home aesthetic, photorealistic, high-end interior photography, soft natural shadows, 8k, advertising quality, leave clean negative space at the top for a text overlay","logo, brand text, watermark, deformed limbs, extra fingers, low quality, blurry text, distorted face, cluttered, oversaturated, plastic look, duplicate furniture, broken perspective",pending,
yg_0202,라운저,Lounger,curiosity_gap,호기심 갭,"이 소파, 3초만 앉으면 못 일어나는 이유",게이밍 셋업 방,책 읽는 학생,로우앵글 임팩트,딥 네이비,4:5,1080x1350,피드 세로,"A premium oversized bean bag sofa (등받이가 높은 1인 라운지형 빈백, 독서·휴식용), 딥 네이비 fabric color, a student reading a book, gaming room with RGB lights and a desk setup, dramatic low angle, product looks grand and inviting, Korean home aesthetic, photorealistic, high-end interior photography, soft natural shadows, 8k, advertising quality, leave clean negative space at the top for a text overlay","logo, brand text, watermark, deformed limbs, extra fingers, low quality, blurry text, distorted face, cluttered, oversaturated, plastic look, duplicate furniture, broken perspective",pending,
yg_0203,라운저,Lounger,problem_agitate,문제 자극,반려견이 소파를 다 뜯어놨다면,미니멀 화이트 스튜디오,다정한 커플,스플릿 비교 컷,더스티 핑크,4:5,1080x1350,피드 세로,"A premium oversized bean bag sofa (등받이가 높은 1인 라운지형 빈백, 독서·휴식용), 더스티 핑크 fabric color, a cozy couple lounging together, clean white photo studio, seamless backdrop, split-screen before/after comparison layout, Korean home aesthetic, photorealistic, high-end interior photography, soft natural shadows, 8k, advertising quality, leave clean negative space at the top for a text overlay","logo, brand text, watermark, deformed limbs, extra fingers, low quality, blurry text, distorted face, cluttered, oversaturated, plastic look, duplicate furniture, broken perspective",pending,
yg_0204,맥스,Max,pattern_interrupt,패턴 인터럽트,이 자세 실화냐,한강 피크닉 잔디,책 읽는 학생,탑다운 플랫레이,머스타드 옐로,9:16,1080x1920,릴스/스토리,"A premium oversized bean bag sofa (6피트 풀사이즈 빈백 소파, 1인이 완전히 누울 수 있는 길이), 머스타드 옐로 fabric color, a student reading a book, Hangang river park lawn picnic, outdoor daytime, top-down flat lay composition, neatly arranged, Korean home aesthetic, photorealistic, high-end interior photography, soft natural shadows, 8k, advertising quality, leave clean negative space at the top for a text overlay","logo, brand text, watermark, deformed limbs, extra fingers, low quality, blurry text, distorted face, cluttered, oversaturated, plastic look, duplicate furniture, broken perspective",pending,
yg_0205,팟엑스,Pod X,aspiration,동경·라이프스타일,내가 꿈꾸던 거실은 이런 거였어,재택 홈오피스,친구들 홈파티,골든아워 시네마틱,머스타드 옐로,4:5,1080x1350,피드 세로,"A premium oversized bean bag sofa (확장형 듀얼 라이너 빈백, 몸 굴곡에 반응하는 분절 패널), 머스타드 옐로 fabric color, a few friends hanging out, casual home party, work-from-home office corner, laptop on a low table, golden hour cinematic lighting, warm glow, film look, Korean home aesthetic, photorealistic, high-end interior photography, soft natural shadows, 8k, advertising quality, leave clean negative space at the top for a text overlay","logo, brand text, watermark, deformed limbs, extra fingers, low quality, blurry text, distorted face, cluttered, oversaturated, plastic look, duplicate furniture, broken perspective",pending,
yg_0206,미니 K,Mini K,curiosity_gap,호기심 갭,이게 소파라고? 끝까지 보면 놀람,키즈룸,재택근무 직장인,골든아워 시네마틱,머스타드 옐로,1:1,1080x1080,피드 정방,"A premium oversized bean bag sofa (원룸·15평 이하 전용 초소형 빈백), 머스타드 옐로 fabric color, a remote worker taking a break, bright kids room with toys, playful pastel palette, golden hour cinematic lighting, warm glow, film look, Korean home aesthetic, photorealistic, high-end interior photography, soft natural shadows, 8k, advertising quality, leave clean negative space at the top for a text overlay","logo, brand text, watermark, deformed limbs, extra fingers, low quality, blurry text, distorted face, cluttered, oversaturated, plastic look, duplicate furniture, broken perspective",pending,
yg_0207,서포트,Support,price_value,가치·합리화,"소파 + 침대 + 의자, 가격은 하나",펜션·풀빌라 거실,책 읽는 학생,스플릿 비교 컷,머스타드 옐로,4:5,1080x1350,피드 세로,"A premium oversized bean bag sofa (U자형 받침 쿠션, 빈백과 결합해 리클라이너로 변신), 머스타드 옐로 fabric color, a student reading a book, vacation pension living room, premium resort vibe, split-screen before/after comparison layout, Korean home aesthetic, photorealistic, high-end interior photography, soft natural shadows, 8k, advertising quality, leave clean negative space at the top for a text overlay","logo, brand text, watermark, deformed limbs, extra fingers, low quality, blurry text, distorted face, cluttered, oversaturated, plastic look, duplicate furniture, broken perspective",pending,
yg_0208,피라미드,Pyramid,before_after,비포·애프터,소파 있을 때 vs 요기보 들인 후,미니멀 화이트 스튜디오,반려묘와 함께,다크 무드 라이팅,차콜 그레이,9:16,1080x1920,릴스/스토리,"A premium oversized bean bag sofa (삼각 쿠션형 빈백, 등·허리 받침용 보조 쿠션), 차콜 그레이 fabric color, a person with a cat curled up nearby, clean white photo studio, seamless backdrop, dark moody lighting with a single warm light source, Korean home aesthetic, photorealistic, high-end interior photography, soft natural shadows, 8k, advertising quality, leave clean negative space at the top for a text overlay","logo, brand text, watermark, deformed limbs, extra fingers, low quality, blurry text, distorted face, cluttered, oversaturated, plastic look, duplicate furniture, broken perspective",pending,
yg_0209,슬림,Slim,problem_agitate,문제 자극,"게이밍 의자, 오래 앉으면 배기지 않나요?",캠핑·차박 텐트 안,반려묘와 함께,미니멀 제품 히어로,차콜 그레이,9:16,1080x1920,릴스/스토리,"A premium oversized bean bag sofa (좁은 폭의 빈백, 1인 라운지 체어 형태), 차콜 그레이 fabric color, a person with a cat curled up nearby, inside a camping tent / car-camping setup, lantern light, minimal product hero shot, soft gradient backdrop, studio light, Korean home aesthetic, photorealistic, high-end interior photography, soft natural shadows, 8k, advertising quality, leave clean negative space at the top for a text overlay","logo, brand text, watermark, deformed limbs, extra fingers, low quality, blurry text, distorted face, cluttered, oversaturated, plastic look, duplicate furniture, broken perspective",pending,
yg_0210,라운저,Lounger,price_value,가치·합리화,"10년 쓰는 소파, 커버만 갈면 새것",발코니·테라스,아이와 부모 가족,골든아워 시네마틱,차콜 그레이,9:16,1080x1920,릴스/스토리,"A premium oversized bean bag sofa (등받이가 높은 1인 라운지형 빈백, 독서·휴식용), 차콜 그레이 fabric color, a parent and a child playing, apartment balcony with plants and city view, golden hour cinematic lighting, warm glow, film look, Korean home aesthetic, photorealistic, high-end interior photography, soft natural shadows, 8k, advertising quality, leave clean negative space at the top for a text overlay","logo, brand text, watermark, deformed limbs, extra fingers, low quality, blurry text, distorted face, cluttered, oversaturated, plastic look, duplicate furniture, broken perspective",pending,
yg_0211,슬림,Slim,aspiration,동경·라이프스타일,햇살 + 요기보 = 완벽한 일요일,재택 홈오피스,아이와 부모 가족,골든아워 시네마틱,크림 베이지,4:5,1080x1350,피드 세로,"A premium oversized bean bag sofa (좁은 폭의 빈백, 1인 라운지 체어 형태), 크림 베이지 fabric color, a parent and a child playing, work-from-home office corner, laptop on a low table, golden hour cinematic lighting, warm glow, film look, Korean home aesthetic, photorealistic, high-end interior photography, soft natural shadows, 8k, advertising quality, leave clean negative space at the top for a text overlay","logo, brand text, watermark, deformed limbs, extra fingers, low quality, blurry text, distorted face, cluttered, oversaturated, plastic look, duplicate furniture, broken perspective",pending,
yg_0212,슬림,Slim,before_after,비포·애프터,혼자 살기 전 → 혼자 살고 난 후의 거실,서재 책장 앞,아이와 부모 가족,탑다운 플랫레이,크림 베이지,1:1,1080x1080,피드 정방,"A premium oversized bean bag sofa (좁은 폭의 빈백, 1인 라운지 체어 형태), 크림 베이지 fabric color, a parent and a child playing, home library nook in front of bookshelves, top-down flat lay composition, neatly arranged, Korean home aesthetic, photorealistic, high-end interior photography, soft natural shadows, 8k, advertising quality, leave clean negative space at the top for a text overlay","logo, brand text, watermark, deformed limbs, extra fingers, low quality, blurry text, distorted face, cluttered, oversaturated, plastic look, duplicate furniture, broken perspective",pending,
yg_0213,프라임,Prime,before_after,비포·애프터,어제의 허리 vs 오늘의 허리,미니멀 화이트 스튜디오,친구들 홈파티,다크 무드 라이팅,오트밀 화이트,1:1,1080x1080,피드 정방,"A premium oversized bean bag sofa (슬림한 등받이형 빈백, 의자처럼 세워 앉기 좋은 형태), 오트밀 화이트 fabric color, a few friends hanging out, casual home party, clean white photo studio, seamless backdrop, dark moody lighting with a single warm light source, Korean home aesthetic, photorealistic, high-end interior photography, soft natural shadows, 8k, advertising quality, leave clean negative space at the top for a text overlay","logo, brand text, watermark, deformed limbs, extra fingers, low quality, blurry text, distorted face, cluttered, oversaturated, plastic look, duplicate furniture, broken perspective",pending,
yg_0214,플로어,Floor,season_hook,시즌·타이밍,"이사 시즌, 소파 대신 이것",감성 카페 라운지,친구들 홈파티,파스텔 팝 컬러블록,더스티 핑크,1:1,1080x1080,피드 정방,"A premium oversized bean bag sofa (좌식 문화 맞춤 초저높이 빈백), 더스티 핑크 fabric color, a few friends hanging out, casual home party, trendy cafe lounge interior, warm wood tones, pastel pop color-block background, playful graphic style, Korean home aesthetic, photorealistic, high-end interior photography, soft natural shadows, 8k, advertising quality, leave clean negative space at the top for a text overlay","logo, brand text, watermark, deformed limbs, extra fingers, low quality, blurry text, distorted face, cluttered, oversaturated, plastic look, duplicate furniture, broken perspective",pending,
yg_0215,피라미드,Pyramid,before_after,비포·애프터,어제의 허리 vs 오늘의 허리,키즈룸,재택근무 직장인,다크 무드 라이팅,올리브 그린,4:5,1080x1350,피드 세로,"A premium oversized bean bag sofa (삼각 쿠션형 빈백, 등·허리 받침용 보조 쿠션), 올리브 그린 fabric color, a remote worker taking a break, bright kids room with toys, playful pastel palette, dark moody lighting with a single warm light source, Korean home aesthetic, photorealistic, high-end interior photography, soft natural shadows, 8k, advertising quality, leave clean negative space at the top for a text overlay","logo, brand text, watermark, deformed limbs, extra fingers, low quality, blurry text, distorted face, cluttered, oversaturated, plastic look, duplicate furniture, broken perspective",pending,
yg_0216,더블,Double,social_proof,사회적 증거,재구매율이 말해주는 편안함,재택 홈오피스,재택근무 직장인,스플릿 비교 컷,코발트 블루,4:5,1080x1350,피드 세로,"A premium oversized bean bag sofa (맥스 2배 폭의 초대형 빈백, 커플·가족용 침대 겸용), 코발트 블루 fabric color, a remote worker taking a break, work-from-home office corner, laptop on a low table, split-screen before/after comparison layout, Korean home aesthetic, photorealistic, high-end interior photography, soft natural shadows, 8k, advertising quality, leave clean negative space at the top for a text overlay","logo, brand text, watermark, deformed limbs, extra fingers, low quality, blurry text, distorted face, cluttered, oversaturated, plastic look, duplicate furniture, broken perspective",pending,
yg_0217,더블,Double,social_proof,사회적 증거,"리뷰 10,000개가 말하는 그 소파",겨울 러그 깔린 마루,게이머 청년,라이프스타일 와이드,오트밀 화이트,1:1,1080x1080,피드 정방,"A premium oversized bean bag sofa (맥스 2배 폭의 초대형 빈백, 커플·가족용 침대 겸용), 오트밀 화이트 fabric color, a young gamer with a controller, winter living room with rug, cozy ondol floor warmth, wide lifestyle editorial shot, natural light, lived-in feel, Korean home aesthetic, photorealistic, high-end interior photography, soft natural shadows, 8k, advertising quality, leave clean negative space at the top for a text overlay","logo, brand text, watermark, deformed limbs, extra fingers, low quality, blurry text, distorted face, cluttered, oversaturated, plastic look, duplicate furniture, broken perspective",pending,
yg_0218,키즈,Kids,transformation,변신·다용도,"소파였다가, 침대였다가, 의자였다가",키즈룸,반려묘와 함께,오버헤드 부감,코발트 블루,1:1,1080x1080,피드 정방,"A premium oversized bean bag sofa (유아·아동 안전 인증 소형 빈백, 밝은 컬러), 코발트 블루 fabric color, a person with a cat curled up nearby, bright kids room with toys, playful pastel palette, high overhead bird's-eye angle looking down, Korean home aesthetic, photorealistic, high-end interior photography, soft natural shadows, 8k, advertising quality, leave clean negative space at the top for a text overlay","logo, brand text, watermark, deformed limbs, extra fingers, low quality, blurry text, distorted face, cluttered, oversaturated, plastic look, duplicate furniture, broken perspective",pending,
yg_0219,팟,Pod,social_proof,사회적 증거,연예인 자취방에 다 있다는 그것,감성 카페 라운지,낮잠 자는 사람,오버헤드 부감,딥 네이비,9:16,1080x1920,릴스/스토리,"A premium oversized bean bag sofa (둥근 1인 의자형 빈백, 감싸는 듯한 곡선 실루엣), 딥 네이비 fabric color, a person napping, eyes closed, blissful, trendy cafe lounge interior, warm wood tones, high overhead bird's-eye angle looking down, Korean home aesthetic, photorealistic, high-end interior photography, soft natural shadows, 8k, advertising quality, leave clean negative space at the top for a text overlay","logo, brand text, watermark, deformed limbs, extra fingers, low quality, blurry text, distorted face, cluttered, oversaturated, plastic look, duplicate furniture, broken perspective",pending,
yg_0220,슬림,Slim,social_proof,사회적 증거,연예인 자취방에 다 있다는 그것,한강 피크닉 잔디,재택근무 직장인,오버헤드 부감,딥 네이비,4:5,1080x1350,피드 세로,"A premium oversized bean bag sofa (좁은 폭의 빈백, 1인 라운지 체어 형태), 딥 네이비 fabric color, a remote worker taking a break, Hangang river park lawn picnic, outdoor daytime, high overhead bird's-eye angle looking down, Korean home aesthetic, photorealistic, high-end interior photography, soft natural shadows, 8k, advertising quality, leave clean negative space at the top for a text overlay","logo, brand text, watermark, deformed limbs, extra fingers, low quality, blurry text, distorted face, cluttered, oversaturated, plastic look, duplicate furniture, broken perspective",pending,
yg_0221,플로어,Floor,pattern_interrupt,패턴 인터럽트,이 자세 실화냐,재택 홈오피스,시니어 부모님,로우앵글 임팩트,더스티 핑크,9:16,1080x1920,릴스/스토리,"A premium oversized bean bag sofa (좌식 문화 맞춤 초저높이 빈백), 더스티 핑크 fabric color, an elderly parent resting comfortably, work-from-home office corner, laptop on a low table, dramatic low angle, product looks grand and inviting, Korean home aesthetic, photorealistic, high-end interior photography, soft natural shadows, 8k, advertising quality, leave clean negative space at the top for a text overlay","logo, brand text, watermark, deformed limbs, extra fingers, low quality, blurry text, distorted face, cluttered, oversaturated, plastic look, duplicate furniture, broken perspective",pending,
yg_0222,라운저,Lounger,transformation,변신·다용도,"낮엔 소파, 밤엔 침대",캠핑·차박 텐트 안,반려견과 집사,파스텔 팝 컬러블록,딥 네이비,1:1,1080x1080,피드 정방,"A premium oversized bean bag sofa (등받이가 높은 1인 라운지형 빈백, 독서·휴식용), 딥 네이비 fabric color, a person with a small dog cuddling, inside a camping tent / car-camping setup, lantern light, pastel pop color-block background, playful graphic style, Korean home aesthetic, photorealistic, high-end interior photography, soft natural shadows, 8k, advertising quality, leave clean negative space at the top for a text overlay","logo, brand text, watermark, deformed limbs, extra fingers, low quality, blurry text, distorted face, cluttered, oversaturated, plastic look, duplicate furniture, broken perspective",pending,
yg_0223,피라미드,Pyramid,asmr_sensory,감각·ASMR,손이 닿는 순간 멈추는 마법의 촉감,발코니·테라스,재택근무 직장인,오버헤드 부감,올리브 그린,4:5,1080x1350,피드 세로,"A premium oversized bean bag sofa (삼각 쿠션형 빈백, 등·허리 받침용 보조 쿠션), 올리브 그린 fabric color, a remote worker taking a break, apartment balcony with plants and city view, high overhead bird's-eye angle looking down, Korean home aesthetic, photorealistic, high-end interior photography, soft natural shadows, 8k, advertising quality, leave clean negative space at the top for a text overlay","logo, brand text, watermark, deformed limbs, extra fingers, low quality, blurry text, distorted face, cluttered, oversaturated, plastic look, duplicate furniture, broken perspective",pending,
yg_0224,미디,Midi,social_proof,사회적 증거,연예인 자취방에 다 있다는 그것,아늑한 원룸,반려묘와 함께,파스텔 팝 컬러블록,더스티 핑크,4:5,1080x1350,피드 세로,"A premium oversized bean bag sofa (맥스의 컴팩트 버전, 청소년·소형 공간용 중형 빈백), 더스티 핑크 fabric color, a person with a cat curled up nearby, cozy compact studio apartment, minimal Korean interior, pastel pop color-block background, playful graphic style, Korean home aesthetic, photorealistic, high-end interior photography, soft natural shadows, 8k, advertising quality, leave clean negative space at the top for a text overlay","logo, brand text, watermark, deformed limbs, extra fingers, low quality, blurry text, distorted face, cluttered, oversaturated, plastic look, duplicate furniture, broken perspective",pending,
yg_0225,서포트,Support,before_after,비포·애프터,소파 있을 때 vs 요기보 들인 후,감성 카페 라운지,제품 단독(인물 없음),라이프스타일 와이드,라벤더,9:16,1080x1920,릴스/스토리,"A premium oversized bean bag sofa (U자형 받침 쿠션, 빈백과 결합해 리클라이너로 변신), 라벤더 fabric color, trendy cafe lounge interior, warm wood tones, wide lifestyle editorial shot, natural light, lived-in feel, Korean home aesthetic, photorealistic, high-end interior photography, soft natural shadows, 8k, advertising quality, leave clean negative space at the top for a text overlay","logo, brand text, watermark, deformed limbs, extra fingers, low quality, blurry text, distorted face, cluttered, oversaturated, plastic look, duplicate furniture, broken perspective",pending,
yg_0226,피라미드,Pyramid,before_after,비포·애프터,혼자 살기 전 → 혼자 살고 난 후의 거실,펜션·풀빌라 거실,제품 단독(인물 없음),한 손 스케일 비교,차콜 그레이,1:1,1080x1080,피드 정방,"A premium oversized bean bag sofa (삼각 쿠션형 빈백, 등·허리 받침용 보조 쿠션), 차콜 그레이 fabric color, vacation pension living room, premium resort vibe, hand or person for scale, emphasizing size and softness, Korean home aesthetic, photorealistic, high-end interior photography, soft natural shadows, 8k, advertising quality, leave clean negative space at the top for a text overlay","logo, brand text, watermark, deformed limbs, extra fingers, low quality, blurry text, distorted face, cluttered, oversaturated, plastic look, duplicate furniture, broken perspective",pending,
yg_0227,미니 K,Mini K,aspiration,동경·라이프스타일,햇살 + 요기보 = 완벽한 일요일,발코니·테라스,20대 1인 가구 여성,골든아워 시네마틱,크림 베이지,4:5,1080x1350,피드 세로,"A premium oversized bean bag sofa (원룸·15평 이하 전용 초소형 빈백), 크림 베이지 fabric color, a young woman in her 20s living alone, relaxed, apartment balcony with plants and city view, golden hour cinematic lighting, warm glow, film look, Korean home aesthetic, photorealistic, high-end interior photography, soft natural shadows, 8k, advertising quality, leave clean negative space at the top for a text overlay","logo, brand text, watermark, deformed limbs, extra fingers, low quality, blurry text, distorted face, cluttered, oversaturated, plastic look, duplicate furniture, broken perspective",pending,
yg_0228,피라미드,Pyramid,pattern_interrupt,패턴 인터럽트,이 자세 실화냐,게이밍 셋업 방,아이와 부모 가족,탑다운 플랫레이,차콜 그레이,4:5,1080x1350,피드 세로,"A premium oversized bean bag sofa (삼각 쿠션형 빈백, 등·허리 받침용 보조 쿠션), 차콜 그레이 fabric color, a parent and a child playing, gaming room with RGB lights and a desk setup, top-down flat lay composition, neatly arranged, Korean home aesthetic, photorealistic, high-end interior photography, soft natural shadows, 8k, advertising quality, leave clean negative space at the top for a text overlay","logo, brand text, watermark, deformed limbs, extra fingers, low quality, blurry text, distorted face, cluttered, oversaturated, plastic look, duplicate furniture, broken perspective",pending,
yg_0229,슬림,Slim,aspiration,동경·라이프스타일,"남의 집 같던 그 무드, 우리집에",미니멀 화이트 스튜디오,시니어 부모님,한 손 스케일 비교,딥 네이비,1:1,1080x1080,피드 정방,"A premium oversized bean bag sofa (좁은 폭의 빈백, 1인 라운지 체어 형태), 딥 네이비 fabric color, an elderly parent resting comfortably, clean white photo studio, seamless backdrop, hand or person for scale, emphasizing size and softness, Korean home aesthetic, photorealistic, high-end interior photography, soft natural shadows, 8k, advertising quality, leave clean negative space at the top for a text overlay","logo, brand text, watermark, deformed limbs, extra fingers, low quality, blurry text, distorted face, cluttered, oversaturated, plastic look, duplicate furniture, broken perspective",pending,
yg_0230,피라미드,Pyramid,humor_relatable,유머·공감,약속 취소되자마자 향한 곳,무드등 켜진 밤 침실,반려묘와 함께,미니멀 제품 히어로,크림 베이지,4:5,1080x1350,피드 세로,"A premium oversized bean bag sofa (삼각 쿠션형 빈백, 등·허리 받침용 보조 쿠션), 크림 베이지 fabric color, a person with a cat curled up nearby, dim bedroom at night with warm mood lighting, minimal product hero shot, soft gradient backdrop, studio light, Korean home aesthetic, photorealistic, high-end interior photography, soft natural shadows, 8k, advertising quality, leave clean negative space at the top for a text overlay","logo, brand text, watermark, deformed limbs, extra fingers, low quality, blurry text, distorted face, cluttered, oversaturated, plastic look, duplicate furniture, broken perspective",pending,
yg_0231,미니,Mini,price_value,가치·합리화,버리는 소파 vs 평생 가는 소파,키즈룸,20대 1인 가구 여성,미니멀 제품 히어로,테라코타,9:16,1080x1920,릴스/스토리,"A premium oversized bean bag sofa (1인용 소형 빈백, 가볍고 어디든 옮기는 컴팩트 사이즈), 테라코타 fabric color, a young woman in her 20s living alone, relaxed, bright kids room with toys, playful pastel palette, minimal product hero shot, soft gradient backdrop, studio light, Korean home aesthetic, photorealistic, high-end interior photography, soft natural shadows, 8k, advertising quality, leave clean negative space at the top for a text overlay","logo, brand text, watermark, deformed limbs, extra fingers, low quality, blurry text, distorted face, cluttered, oversaturated, plastic look, duplicate furniture, broken perspective",pending,
yg_0232,라운저,Lounger,price_value,가치·합리화,한 번 사면 왜 안 바꾸는지 알게 됨,미니멀 화이트 스튜디오,낮잠 자는 사람,푹 꺼지는 모션 블러,테라코타,4:5,1080x1350,피드 세로,"A premium oversized bean bag sofa (등받이가 높은 1인 라운지형 빈백, 독서·휴식용), 테라코타 fabric color, a person napping, eyes closed, blissful, clean white photo studio, seamless backdrop, motion-blur of a body sinking into the bean bag, dynamic, Korean home aesthetic, photorealistic, high-end interior photography, soft natural shadows, 8k, advertising quality, leave clean negative space at the top for a text overlay","logo, brand text, watermark, deformed limbs, extra fingers, low quality, blurry text, distorted face, cluttered, oversaturated, plastic look, duplicate furniture, broken perspective",pending,
yg_0233,온돌,Ondol,problem_agitate,문제 자극,원룸이라 소파는 포기했다고요?,발코니·테라스,친구들 홈파티,로우앵글 임팩트,코발트 블루,4:5,1080x1350,피드 세로,"A premium oversized bean bag sofa (겨울 발열 커버형 빈백, 전기요 호환), 코발트 블루 fabric color, a few friends hanging out, casual home party, apartment balcony with plants and city view, dramatic low angle, product looks grand and inviting, Korean home aesthetic, photorealistic, high-end interior photography, soft natural shadows, 8k, advertising quality, leave clean negative space at the top for a text overlay","logo, brand text, watermark, deformed limbs, extra fingers, low quality, blurry text, distorted face, cluttered, oversaturated, plastic look, duplicate furniture, broken perspective",pending,
yg_0234,서포트,Support,aspiration,동경·라이프스타일,"이런 주말, 가져본 적 있나요",재택 홈오피스,책 읽는 학생,탑다운 플랫레이,오트밀 화이트,4:5,1080x1350,피드 세로,"A premium oversized bean bag sofa (U자형 받침 쿠션, 빈백과 결합해 리클라이너로 변신), 오트밀 화이트 fabric color, a student reading a book, work-from-home office corner, laptop on a low table, top-down flat lay composition, neatly arranged, Korean home aesthetic, photorealistic, high-end interior photography, soft natural shadows, 8k, advertising quality, leave clean negative space at the top for a text overlay","logo, brand text, watermark, deformed limbs, extra fingers, low quality, blurry text, distorted face, cluttered, oversaturated, plastic look, duplicate furniture, broken perspective",pending,
yg_0235,드롭,Drop,curiosity_gap,호기심 갭,이게 소파라고? 끝까지 보면 놀람,펜션·풀빌라 거실,낮잠 자는 사람,골든아워 시네마틱,차콜 그레이,9:16,1080x1920,릴스/스토리,"A premium oversized bean bag sofa (물방울 형태의 빈백 스툴, 발받침·보조 좌석용), 차콜 그레이 fabric color, a person napping, eyes closed, blissful, vacation pension living room, premium resort vibe, golden hour cinematic lighting, warm glow, film look, Korean home aesthetic, photorealistic, high-end interior photography, soft natural shadows, 8k, advertising quality, leave clean negative space at the top for a text overlay","logo, brand text, watermark, deformed limbs, extra fingers, low quality, blurry text, distorted face, cluttered, oversaturated, plastic look, duplicate furniture, broken perspective",pending,
yg_0236,슬림,Slim,fomo_scarcity,FOMO·희소성,"올여름 품절 1순위, 미리 보세요",아늑한 원룸,다정한 커플,스플릿 비교 컷,라벤더,4:5,1080x1350,피드 세로,"A premium oversized bean bag sofa (좁은 폭의 빈백, 1인 라운지 체어 형태), 라벤더 fabric color, a cozy couple lounging together, cozy compact studio apartment, minimal Korean interior, split-screen before/after comparison layout, Korean home aesthetic, photorealistic, high-end interior photography, soft natural shadows, 8k, advertising quality, leave clean negative space at the top for a text overlay","logo, brand text, watermark, deformed limbs, extra fingers, low quality, blurry text, distorted face, cluttered, oversaturated, plastic look, duplicate furniture, broken perspective",pending,
yg_0237,미니 K,Mini K,asmr_sensory,감각·ASMR,푹— 몸이 그대로 녹아드는 소리,게이밍 셋업 방,낮잠 자는 사람,골든아워 시네마틱,머스타드 옐로,4:5,1080x1350,피드 세로,"A premium oversized bean bag sofa (원룸·15평 이하 전용 초소형 빈백), 머스타드 옐로 fabric color, a person napping, eyes closed, blissful, gaming room with RGB lights and a desk setup, golden hour cinematic lighting, warm glow, film look, Korean home aesthetic, photorealistic, high-end interior photography, soft natural shadows, 8k, advertising quality, leave clean negative space at the top for a text overlay","logo, brand text, watermark, deformed limbs, extra fingers, low quality, blurry text, distorted face, cluttered, oversaturated, plastic look, duplicate furniture, broken perspective",pending,
yg_0238,서포트,Support,aspiration,동경·라이프스타일,내가 꿈꾸던 거실은 이런 거였어,발코니·테라스,아이와 부모 가족,미니멀 제품 히어로,더스티 핑크,4:5,1080x1350,피드 세로,"A premium oversized bean bag sofa (U자형 받침 쿠션, 빈백과 결합해 리클라이너로 변신), 더스티 핑크 fabric color, a parent and a child playing, apartment balcony with plants and city view, minimal product hero shot, soft gradient backdrop, studio light, Korean home aesthetic, photorealistic, high-end interior photography, soft natural shadows, 8k, advertising quality, leave clean negative space at the top for a text overlay","logo, brand text, watermark, deformed limbs, extra fingers, low quality, blurry text, distorted face, cluttered, oversaturated, plastic look, duplicate furniture, broken perspective",pending,
yg_0239,맥스,Max,social_proof,사회적 증거,1인 가구가 가장 많이 산 가구 1위,아늑한 원룸,제품 단독(인물 없음),파스텔 팝 컬러블록,크림 베이지,4:5,1080x1350,피드 세로,"A premium oversized bean bag sofa (6피트 풀사이즈 빈백 소파, 1인이 완전히 누울 수 있는 길이), 크림 베이지 fabric color, cozy compact studio apartment, minimal Korean interior, pastel pop color-block background, playful graphic style, Korean home aesthetic, photorealistic, high-end interior photography, soft natural shadows, 8k, advertising quality, leave clean negative space at the top for a text overlay","logo, brand text, watermark, deformed limbs, extra fingers, low quality, blurry text, distorted face, cluttered, oversaturated, plastic look, duplicate furniture, broken perspective",pending,
yg_0240,더블,Double,fomo_scarcity,FOMO·희소성,한정 컬러 — 재입고 없음,겨울 러그 깔린 마루,낮잠 자는 사람,한 손 스케일 비교,코발트 블루,9:16,1080x1920,릴스/스토리,"A premium oversized bean bag sofa (맥스 2배 폭의 초대형 빈백, 커플·가족용 침대 겸용), 코발트 블루 fabric color, a person napping, eyes closed, blissful, winter living room with rug, cozy ondol floor warmth, hand or person for scale, emphasizing size and softness, Korean home aesthetic, photorealistic, high-end interior photography, soft natural shadows, 8k, advertising quality, leave clean negative space at the top for a text overlay","logo, brand text, watermark, deformed limbs, extra fingers, low quality, blurry text, distorted face, cluttered, oversaturated, plastic look, duplicate furniture, broken perspective",pending,
yg_0241,맥스,Max,asmr_sensory,감각·ASMR,"이 촉감, 화면으로도 느껴지나요?",햇살 드는 거실 창가,게이머 청년,푹 꺼지는 모션 블러,라벤더,1:1,1080x1080,피드 정방,"A premium oversized bean bag sofa (6피트 풀사이즈 빈백 소파, 1인이 완전히 누울 수 있는 길이), 라벤더 fabric color, a young gamer with a controller, sunlit living room by a large window, soft daylight, motion-blur of a body sinking into the bean bag, dynamic, Korean home aesthetic, photorealistic, high-end interior photography, soft natural shadows, 8k, advertising quality, leave clean negative space at the top for a text overlay","logo, brand text, watermark, deformed limbs, extra fingers, low quality, blurry text, distorted face, cluttered, oversaturated, plastic look, duplicate furniture, broken perspective",pending,
yg_0242,키즈,Kids,transformation,변신·다용도,접고 펴고 세우고 — 공간이 살아난다,아늑한 원룸,게이머 청년,푹 꺼지는 모션 블러,차콜 그레이,4:5,1080x1350,피드 세로,"A premium oversized bean bag sofa (유아·아동 안전 인증 소형 빈백, 밝은 컬러), 차콜 그레이 fabric color, a young gamer with a controller, cozy compact studio apartment, minimal Korean interior, motion-blur of a body sinking into the bean bag, dynamic, Korean home aesthetic, photorealistic, high-end interior photography, soft natural shadows, 8k, advertising quality, leave clean negative space at the top for a text overlay","logo, brand text, watermark, deformed limbs, extra fingers, low quality, blurry text, distorted face, cluttered, oversaturated, plastic look, duplicate furniture, broken perspective",pending,
yg_0243,팟엑스,Pod X,transformation,변신·다용도,"소파였다가, 침대였다가, 의자였다가",펜션·풀빌라 거실,반려묘와 함께,다크 무드 라이팅,차콜 그레이,9:16,1080x1920,릴스/스토리,"A premium oversized bean bag sofa (확장형 듀얼 라이너 빈백, 몸 굴곡에 반응하는 분절 패널), 차콜 그레이 fabric color, a person with a cat curled up nearby, vacation pension living room, premium resort vibe, dark moody lighting with a single warm light source, Korean home aesthetic, photorealistic, high-end interior photography, soft natural shadows, 8k, advertising quality, leave clean negative space at the top for a text overlay","logo, brand text, watermark, deformed limbs, extra fingers, low quality, blurry text, distorted face, cluttered, oversaturated, plastic look, duplicate furniture, broken perspective",pending,
yg_0244,펫,Pet,curiosity_gap,호기심 갭,왜 다들 침대를 두고 여기서 잘까?,펜션·풀빌라 거실,시니어 부모님,로우앵글 임팩트,크림 베이지,4:5,1080x1350,피드 세로,"A premium oversized bean bag sofa (방수·항균·발톱 저항 커버의 반려동물용 빈백), 크림 베이지 fabric color, an elderly parent resting comfortably, vacation pension living room, premium resort vibe, dramatic low angle, product looks grand and inviting, Korean home aesthetic, photorealistic, high-end interior photography, soft natural shadows, 8k, advertising quality, leave clean negative space at the top for a text overlay","logo, brand text, watermark, deformed limbs, extra fingers, low quality, blurry text, distorted face, cluttered, oversaturated, plastic look, duplicate furniture, broken perspective",pending,
yg_0245,미니 K,Mini K,curiosity_gap,호기심 갭,이게 소파라고? 끝까지 보면 놀람,감성 카페 라운지,반려견과 집사,푹 꺼지는 모션 블러,머스타드 옐로,4:5,1080x1350,피드 세로,"A premium oversized bean bag sofa (원룸·15평 이하 전용 초소형 빈백), 머스타드 옐로 fabric color, a person with a small dog cuddling, trendy cafe lounge interior, warm wood tones, motion-blur of a body sinking into the bean bag, dynamic, Korean home aesthetic, photorealistic, high-end interior photography, soft natural shadows, 8k, advertising quality, leave clean negative space at the top for a text overlay","logo, brand text, watermark, deformed limbs, extra fingers, low quality, blurry text, distorted face, cluttered, oversaturated, plastic look, duplicate furniture, broken perspective",pending,
yg_0246,프라임,Prime,aspiration,동경·라이프스타일,"남의 집 같던 그 무드, 우리집에",발코니·테라스,재택근무 직장인,오버헤드 부감,라벤더,9:16,1080x1920,릴스/스토리,"A premium oversized bean bag sofa (슬림한 등받이형 빈백, 의자처럼 세워 앉기 좋은 형태), 라벤더 fabric color, a remote worker taking a break, apartment balcony with plants and city view, high overhead bird's-eye angle looking down, Korean home aesthetic, photorealistic, high-end interior photography, soft natural shadows, 8k, advertising quality, leave clean negative space at the top for a text overlay","logo, brand text, watermark, deformed limbs, extra fingers, low quality, blurry text, distorted face, cluttered, oversaturated, plastic look, duplicate furniture, broken perspective",pending,
yg_0247,펫,Pet,curiosity_gap,호기심 갭,사람을 망치는 소파가 있다는데…,캠핑·차박 텐트 안,낮잠 자는 사람,초근접 텍스처 클로즈업,더스티 핑크,4:5,1080x1350,피드 세로,"A premium oversized bean bag sofa (방수·항균·발톱 저항 커버의 반려동물용 빈백), 더스티 핑크 fabric color, a person napping, eyes closed, blissful, inside a camping tent / car-camping setup, lantern light, extreme macro close-up of plush fabric texture, shallow depth of field, Korean home aesthetic, photorealistic, high-end interior photography, soft natural shadows, 8k, advertising quality, leave clean negative space at the top for a text overlay","logo, brand text, watermark, deformed limbs, extra fingers, low quality, blurry text, distorted face, cluttered, oversaturated, plastic look, duplicate furniture, broken perspective",pending,
yg_0248,맥스,Max,social_proof,사회적 증거,연예인 자취방에 다 있다는 그것,미니멀 화이트 스튜디오,재택근무 직장인,골든아워 시네마틱,차콜 그레이,1:1,1080x1080,피드 정방,"A premium oversized bean bag sofa (6피트 풀사이즈 빈백 소파, 1인이 완전히 누울 수 있는 길이), 차콜 그레이 fabric color, a remote worker taking a break, clean white photo studio, seamless backdrop, golden hour cinematic lighting, warm glow, film look, Korean home aesthetic, photorealistic, high-end interior photography, soft natural shadows, 8k, advertising quality, leave clean negative space at the top for a text overlay","logo, brand text, watermark, deformed limbs, extra fingers, low quality, blurry text, distorted face, cluttered, oversaturated, plastic look, duplicate furniture, broken perspective",pending,
yg_0249,피라미드,Pyramid,before_after,비포·애프터,소파 있을 때 vs 요기보 들인 후,햇살 드는 거실 창가,반려견과 집사,오버헤드 부감,크림 베이지,1:1,1080x1080,피드 정방,"A premium oversized bean bag sofa (삼각 쿠션형 빈백, 등·허리 받침용 보조 쿠션), 크림 베이지 fabric color, a person with a small dog cuddling, sunlit living room by a large window, soft daylight, high overhead bird's-eye angle looking down, Korean home aesthetic, photorealistic, high-end interior photography, soft natural shadows, 8k, advertising quality, leave clean negative space at the top for a text overlay","logo, brand text, watermark, deformed limbs, extra fingers, low quality, blurry text, distorted face, cluttered, oversaturated, plastic look, duplicate furniture, broken perspective",pending,
yg_0250,플로어,Floor,price_value,가치·합리화,"10년 쓰는 소파, 커버만 갈면 새것",키즈룸,친구들 홈파티,탑다운 플랫레이,차콜 그레이,9:16,1080x1920,릴스/스토리,"A premium oversized bean bag sofa (좌식 문화 맞춤 초저높이 빈백), 차콜 그레이 fabric color, a few friends hanging out, casual home party, bright kids room with toys, playful pastel palette, top-down flat lay composition, neatly arranged, Korean home aesthetic, photorealistic, high-end interior photography, soft natural shadows, 8k, advertising quality, leave clean negative space at the top for a text overlay","logo, brand text, watermark, deformed limbs, extra fingers, low quality, blurry text, distorted face, cluttered, oversaturated, plastic look, duplicate furniture, broken perspective",pending,
yg_0251,더블,Double,fomo_scarcity,FOMO·희소성,"이 컬러, 곧 사라집니다",게이밍 셋업 방,20대 1인 가구 여성,푹 꺼지는 모션 블러,더스티 핑크,4:5,1080x1350,피드 세로,"A premium oversized bean bag sofa (맥스 2배 폭의 초대형 빈백, 커플·가족용 침대 겸용), 더스티 핑크 fabric color, a young woman in her 20s living alone, relaxed, gaming room with RGB lights and a desk setup, motion-blur of a body sinking into the bean bag, dynamic, Korean home aesthetic, photorealistic, high-end interior photography, soft natural shadows, 8k, advertising quality, leave clean negative space at the top for a text overlay","logo, brand text, watermark, deformed limbs, extra fingers, low quality, blurry text, distorted face, cluttered, oversaturated, plastic look, duplicate furniture, broken perspective",pending,
yg_0252,키즈,Kids,transformation,변신·다용도,접고 펴고 세우고 — 공간이 살아난다,겨울 러그 깔린 마루,시니어 부모님,다크 무드 라이팅,딥 네이비,1:1,1080x1080,피드 정방,"A premium oversized bean bag sofa (유아·아동 안전 인증 소형 빈백, 밝은 컬러), 딥 네이비 fabric color, an elderly parent resting comfortably, winter living room with rug, cozy ondol floor warmth, dark moody lighting with a single warm light source, Korean home aesthetic, photorealistic, high-end interior photography, soft natural shadows, 8k, advertising quality, leave clean negative space at the top for a text overlay","logo, brand text, watermark, deformed limbs, extra fingers, low quality, blurry text, distorted face, cluttered, oversaturated, plastic look, duplicate furniture, broken perspective",pending,
yg_0253,팟,Pod,fomo_scarcity,FOMO·희소성,다들 이미 거실에 하나씩 들였대요,발코니·테라스,20대 1인 가구 여성,파스텔 팝 컬러블록,올리브 그린,4:5,1080x1350,피드 세로,"A premium oversized bean bag sofa (둥근 1인 의자형 빈백, 감싸는 듯한 곡선 실루엣), 올리브 그린 fabric color, a young woman in her 20s living alone, relaxed, apartment balcony with plants and city view, pastel pop color-block background, playful graphic style, Korean home aesthetic, photorealistic, high-end interior photography, soft natural shadows, 8k, advertising quality, leave clean negative space at the top for a text overlay","logo, brand text, watermark, deformed limbs, extra fingers, low quality, blurry text, distorted face, cluttered, oversaturated, plastic look, duplicate furniture, broken perspective",pending,
yg_0254,허기보,Hugibo,transformation,변신·다용도,"1개로 5가지 자세, 직접 보세요",캠핑·차박 텐트 안,제품 단독(인물 없음),다크 무드 라이팅,더스티 핑크,4:5,1080x1350,피드 세로,"A premium oversized bean bag sofa (끌어안는 바디필로우형 빈백, 수면·포옹감 강조), 더스티 핑크 fabric color, inside a camping tent / car-camping setup, lantern light, dark moody lighting with a single warm light source, Korean home aesthetic, photorealistic, high-end interior photography, soft natural shadows, 8k, advertising quality, leave clean negative space at the top for a text overlay","logo, brand text, watermark, deformed limbs, extra fingers, low quality, blurry text, distorted face, cluttered, oversaturated, plastic look, duplicate furniture, broken perspective",pending,
yg_0255,온돌,Ondol,price_value,가치·합리화,버리는 소파 vs 평생 가는 소파,키즈룸,반려견과 집사,오버헤드 부감,차콜 그레이,9:16,1080x1920,릴스/스토리,"A premium oversized bean bag sofa (겨울 발열 커버형 빈백, 전기요 호환), 차콜 그레이 fabric color, a person with a small dog cuddling, bright kids room with toys, playful pastel palette, high overhead bird's-eye angle looking down, Korean home aesthetic, photorealistic, high-end interior photography, soft natural shadows, 8k, advertising quality, leave clean negative space at the top for a text overlay","logo, brand text, watermark, deformed limbs, extra fingers, low quality, blurry text, distorted face, cluttered, oversaturated, plastic look, duplicate furniture, broken perspective",pending,
yg_0256,프라임,Prime,transformation,변신·다용도,접고 펴고 세우고 — 공간이 살아난다,감성 카페 라운지,다정한 커플,오버헤드 부감,더스티 핑크,4:5,1080x1350,피드 세로,"A premium oversized bean bag sofa (슬림한 등받이형 빈백, 의자처럼 세워 앉기 좋은 형태), 더스티 핑크 fabric color, a cozy couple lounging together, trendy cafe lounge interior, warm wood tones, high overhead bird's-eye angle looking down, Korean home aesthetic, photorealistic, high-end interior photography, soft natural shadows, 8k, advertising quality, leave clean negative space at the top for a text overlay","logo, brand text, watermark, deformed limbs, extra fingers, low quality, blurry text, distorted face, cluttered, oversaturated, plastic look, duplicate furniture, broken perspective",pending,
yg_0257,프라임,Prime,social_proof,사회적 증거,재구매율이 말해주는 편안함,펜션·풀빌라 거실,게이머 청년,스플릿 비교 컷,오트밀 화이트,9:16,1080x1920,릴스/스토리,"A premium oversized bean bag sofa (슬림한 등받이형 빈백, 의자처럼 세워 앉기 좋은 형태), 오트밀 화이트 fabric color, a young gamer with a controller, vacation pension living room, premium resort vibe, split-screen before/after comparison layout, Korean home aesthetic, photorealistic, high-end interior photography, soft natural shadows, 8k, advertising quality, leave clean negative space at the top for a text overlay","logo, brand text, watermark, deformed limbs, extra fingers, low quality, blurry text, distorted face, cluttered, oversaturated, plastic look, duplicate furniture, broken perspective",pending,
yg_0258,미니,Mini,price_value,가치·합리화,"소파 + 침대 + 의자, 가격은 하나",키즈룸,반려견과 집사,다크 무드 라이팅,더스티 핑크,1:1,1080x1080,피드 정방,"A premium oversized bean bag sofa (1인용 소형 빈백, 가볍고 어디든 옮기는 컴팩트 사이즈), 더스티 핑크 fabric color, a person with a small dog cuddling, bright kids room with toys, playful pastel palette, dark moody lighting with a single warm light source, Korean home aesthetic, photorealistic, high-end interior photography, soft natural shadows, 8k, advertising quality, leave clean negative space at the top for a text overlay","logo, brand text, watermark, deformed limbs, extra fingers, low quality, blurry text, distorted face, cluttered, oversaturated, plastic look, duplicate furniture, broken perspective",pending,
yg_0259,미니 K,Mini K,fomo_scarcity,FOMO·희소성,"올여름 품절 1순위, 미리 보세요",펜션·풀빌라 거실,20대 1인 가구 여성,라이프스타일 와이드,더스티 핑크,9:16,1080x1920,릴스/스토리,"A premium oversized bean bag sofa (원룸·15평 이하 전용 초소형 빈백), 더스티 핑크 fabric color, a young woman in her 20s living alone, relaxed, vacation pension living room, premium resort vibe, wide lifestyle editorial shot, natural light, lived-in feel, Korean home aesthetic, photorealistic, high-end interior photography, soft natural shadows, 8k, advertising quality, leave clean negative space at the top for a text overlay","logo, brand text, watermark, deformed limbs, extra fingers, low quality, blurry text, distorted face, cluttered, oversaturated, plastic look, duplicate furniture, broken perspective",pending,
yg_0260,미니,Mini,curiosity_gap,호기심 갭,사람을 망치는 소파가 있다는데…,무드등 켜진 밤 침실,반려묘와 함께,파스텔 팝 컬러블록,딥 네이비,4:5,1080x1350,피드 세로,"A premium oversized bean bag sofa (1인용 소형 빈백, 가볍고 어디든 옮기는 컴팩트 사이즈), 딥 네이비 fabric color, a person with a cat curled up nearby, dim bedroom at night with warm mood lighting, pastel pop color-block background, playful graphic style, Korean home aesthetic, photorealistic, high-end interior photography, soft natural shadows, 8k, advertising quality, leave clean negative space at the top for a text overlay","logo, brand text, watermark, deformed limbs, extra fingers, low quality, blurry text, distorted face, cluttered, oversaturated, plastic look, duplicate furniture, broken perspective",pending,
yg_0261,프라임,Prime,problem_agitate,문제 자극,반려견이 소파를 다 뜯어놨다면,미니멀 화이트 스튜디오,친구들 홈파티,골든아워 시네마틱,머스타드 옐로,1:1,1080x1080,피드 정방,"A premium oversized bean bag sofa (슬림한 등받이형 빈백, 의자처럼 세워 앉기 좋은 형태), 머스타드 옐로 fabric color, a few friends hanging out, casual home party, clean white photo studio, seamless backdrop, golden hour cinematic lighting, warm glow, film look, Korean home aesthetic, photorealistic, high-end interior photography, soft natural shadows, 8k, advertising quality, leave clean negative space at the top for a text overlay","logo, brand text, watermark, deformed limbs, extra fingers, low quality, blurry text, distorted face, cluttered, oversaturated, plastic look, duplicate furniture, broken perspective",pending,
yg_0262,더블,Double,humor_relatable,유머·공감,결국 가족 모두가 노리는 자리,무드등 켜진 밤 침실,친구들 홈파티,다크 무드 라이팅,더스티 핑크,9:16,1080x1920,릴스/스토리,"A premium oversized bean bag sofa (맥스 2배 폭의 초대형 빈백, 커플·가족용 침대 겸용), 더스티 핑크 fabric color, a few friends hanging out, casual home party, dim bedroom at night with warm mood lighting, dark moody lighting with a single warm light source, Korean home aesthetic, photorealistic, high-end interior photography, soft natural shadows, 8k, advertising quality, leave clean negative space at the top for a text overlay","logo, brand text, watermark, deformed limbs, extra fingers, low quality, blurry text, distorted face, cluttered, oversaturated, plastic look, duplicate furniture, broken perspective",pending,
yg_0263,프라임,Prime,humor_relatable,유머·공감,강아지에게 자리 뺏긴 1인,무드등 켜진 밤 침실,시니어 부모님,골든아워 시네마틱,더스티 핑크,1:1,1080x1080,피드 정방,"A premium oversized bean bag sofa (슬림한 등받이형 빈백, 의자처럼 세워 앉기 좋은 형태), 더스티 핑크 fabric color, an elderly parent resting comfortably, dim bedroom at night with warm mood lighting, golden hour cinematic lighting, warm glow, film look, Korean home aesthetic, photorealistic, high-end interior photography, soft natural shadows, 8k, advertising quality, leave clean negative space at the top for a text overlay","logo, brand text, watermark, deformed limbs, extra fingers, low quality, blurry text, distorted face, cluttered, oversaturated, plastic look, duplicate furniture, broken perspective",pending,
yg_0264,드롭,Drop,problem_agitate,문제 자극,"비싼 소파, 커버는 왜 못 빨까?",아늑한 원룸,20대 1인 가구 여성,한 손 스케일 비교,코발트 블루,9:16,1080x1920,릴스/스토리,"A premium oversized bean bag sofa (물방울 형태의 빈백 스툴, 발받침·보조 좌석용), 코발트 블루 fabric color, a young woman in her 20s living alone, relaxed, cozy compact studio apartment, minimal Korean interior, hand or person for scale, emphasizing size and softness, Korean home aesthetic, photorealistic, high-end interior photography, soft natural shadows, 8k, advertising quality, leave clean negative space at the top for a text overlay","logo, brand text, watermark, deformed limbs, extra fingers, low quality, blurry text, distorted face, cluttered, oversaturated, plastic look, duplicate furniture, broken perspective",pending,
yg_0265,서포트,Support,aspiration,동경·라이프스타일,퇴근하고 싶어지는 집의 비밀,아늑한 원룸,게이머 청년,스플릿 비교 컷,테라코타,1:1,1080x1080,피드 정방,"A premium oversized bean bag sofa (U자형 받침 쿠션, 빈백과 결합해 리클라이너로 변신), 테라코타 fabric color, a young gamer with a controller, cozy compact studio apartment, minimal Korean interior, split-screen before/after comparison layout, Korean home aesthetic, photorealistic, high-end interior photography, soft natural shadows, 8k, advertising quality, leave clean negative space at the top for a text overlay","logo, brand text, watermark, deformed limbs, extra fingers, low quality, blurry text, distorted face, cluttered, oversaturated, plastic look, duplicate furniture, broken perspective",pending,
yg_0266,라운저,Lounger,price_value,가치·합리화,"10년 쓰는 소파, 커버만 갈면 새것",키즈룸,아이와 부모 가족,라이프스타일 와이드,차콜 그레이,9:16,1080x1920,릴스/스토리,"A premium oversized bean bag sofa (등받이가 높은 1인 라운지형 빈백, 독서·휴식용), 차콜 그레이 fabric color, a parent and a child playing, bright kids room with toys, playful pastel palette, wide lifestyle editorial shot, natural light, lived-in feel, Korean home aesthetic, photorealistic, high-end interior photography, soft natural shadows, 8k, advertising quality, leave clean negative space at the top for a text overlay","logo, brand text, watermark, deformed limbs, extra fingers, low quality, blurry text, distorted face, cluttered, oversaturated, plastic look, duplicate furniture, broken perspective",pending,
yg_0267,미니,Mini,price_value,가치·합리화,버리는 소파 vs 평생 가는 소파,키즈룸,재택근무 직장인,파스텔 팝 컬러블록,더스티 핑크,4:5,1080x1350,피드 세로,"A premium oversized bean bag sofa (1인용 소형 빈백, 가볍고 어디든 옮기는 컴팩트 사이즈), 더스티 핑크 fabric color, a remote worker taking a break, bright kids room with toys, playful pastel palette, pastel pop color-block background, playful graphic style, Korean home aesthetic, photorealistic, high-end interior photography, soft natural shadows, 8k, advertising quality, leave clean negative space at the top for a text overlay","logo, brand text, watermark, deformed limbs, extra fingers, low quality, blurry text, distorted face, cluttered, oversaturated, plastic look, duplicate furniture, broken perspective",pending,
yg_0268,펫,Pet,aspiration,동경·라이프스타일,"이런 주말, 가져본 적 있나요",서재 책장 앞,게이머 청년,탑다운 플랫레이,더스티 핑크,9:16,1080x1920,릴스/스토리,"A premium oversized bean bag sofa (방수·항균·발톱 저항 커버의 반려동물용 빈백), 더스티 핑크 fabric color, a young gamer with a controller, home library nook in front of bookshelves, top-down flat lay composition, neatly arranged, Korean home aesthetic, photorealistic, high-end interior photography, soft natural shadows, 8k, advertising quality, leave clean negative space at the top for a text overlay","logo, brand text, watermark, deformed limbs, extra fingers, low quality, blurry text, distorted face, cluttered, oversaturated, plastic look, duplicate furniture, broken perspective",pending,
yg_0269,팟엑스,Pod X,asmr_sensory,감각·ASMR,손이 닿는 순간 멈추는 마법의 촉감,게이밍 셋업 방,다정한 커플,푹 꺼지는 모션 블러,딥 네이비,9:16,1080x1920,릴스/스토리,"A premium oversized bean bag sofa (확장형 듀얼 라이너 빈백, 몸 굴곡에 반응하는 분절 패널), 딥 네이비 fabric color, a cozy couple lounging together, gaming room with RGB lights and a desk setup, motion-blur of a body sinking into the bean bag, dynamic, Korean home aesthetic, photorealistic, high-end interior photography, soft natural shadows, 8k, advertising quality, leave clean negative space at the top for a text overlay","logo, brand text, watermark, deformed limbs, extra fingers, low quality, blurry text, distorted face, cluttered, oversaturated, plastic look, duplicate furniture, broken perspective",pending,
yg_0270,펫,Pet,humor_relatable,유머·공감,약속 취소되자마자 향한 곳,발코니·테라스,낮잠 자는 사람,오버헤드 부감,오트밀 화이트,4:5,1080x1350,피드 세로,"A premium oversized bean bag sofa (방수·항균·발톱 저항 커버의 반려동물용 빈백), 오트밀 화이트 fabric color, a person napping, eyes closed, blissful, apartment balcony with plants and city view, high overhead bird's-eye angle looking down, Korean home aesthetic, photorealistic, high-end interior photography, soft natural shadows, 8k, advertising quality, leave clean negative space at the top for a text overlay","logo, brand text, watermark, deformed limbs, extra fingers, low quality, blurry text, distorted face, cluttered, oversaturated, plastic look, duplicate furniture, broken perspective",pending,
yg_0271,프라임,Prime,fomo_scarcity,FOMO·희소성,"올여름 품절 1순위, 미리 보세요",캠핑·차박 텐트 안,제품 단독(인물 없음),한 손 스케일 비교,라벤더,9:16,1080x1920,릴스/스토리,"A premium oversized bean bag sofa (슬림한 등받이형 빈백, 의자처럼 세워 앉기 좋은 형태), 라벤더 fabric color, inside a camping tent / car-camping setup, lantern light, hand or person for scale, emphasizing size and softness, Korean home aesthetic, photorealistic, high-end interior photography, soft natural shadows, 8k, advertising quality, leave clean negative space at the top for a text overlay","logo, brand text, watermark, deformed limbs, extra fingers, low quality, blurry text, distorted face, cluttered, oversaturated, plastic look, duplicate furniture, broken perspective",pending,
yg_0272,미니 K,Mini K,humor_relatable,유머·공감,주말의 나: 요기보와 한 몸,아늑한 원룸,다정한 커플,골든아워 시네마틱,코발트 블루,9:16,1080x1920,릴스/스토리,"A premium oversized bean bag sofa (원룸·15평 이하 전용 초소형 빈백), 코발트 블루 fabric color, a cozy couple lounging together, cozy compact studio apartment, minimal Korean interior, golden hour cinematic lighting, warm glow, film look, Korean home aesthetic, photorealistic, high-end interior photography, soft natural shadows, 8k, advertising quality, leave clean negative space at the top for a text overlay","logo, brand text, watermark, deformed limbs, extra fingers, low quality, blurry text, distorted face, cluttered, oversaturated, plastic look, duplicate furniture, broken perspective",pending,
yg_0273,키즈,Kids,social_proof,사회적 증거,한 번 산 사람은 색깔만 늘린다,무드등 켜진 밤 침실,시니어 부모님,파스텔 팝 컬러블록,크림 베이지,4:5,1080x1350,피드 세로,"A premium oversized bean bag sofa (유아·아동 안전 인증 소형 빈백, 밝은 컬러), 크림 베이지 fabric color, an elderly parent resting comfortably, dim bedroom at night with warm mood lighting, pastel pop color-block background, playful graphic style, Korean home aesthetic, photorealistic, high-end interior photography, soft natural shadows, 8k, advertising quality, leave clean negative space at the top for a text overlay","logo, brand text, watermark, deformed limbs, extra fingers, low quality, blurry text, distorted face, cluttered, oversaturated, plastic look, duplicate furniture, broken perspective",pending,
yg_0274,미니 K,Mini K,aspiration,동경·라이프스타일,"남의 집 같던 그 무드, 우리집에",겨울 러그 깔린 마루,20대 1인 가구 여성,라이프스타일 와이드,크림 베이지,4:5,1080x1350,피드 세로,"A premium oversized bean bag sofa (원룸·15평 이하 전용 초소형 빈백), 크림 베이지 fabric color, a young woman in her 20s living alone, relaxed, winter living room with rug, cozy ondol floor warmth, wide lifestyle editorial shot, natural light, lived-in feel, Korean home aesthetic, photorealistic, high-end interior photography, soft natural shadows, 8k, advertising quality, leave clean negative space at the top for a text overlay","logo, brand text, watermark, deformed limbs, extra fingers, low quality, blurry text, distorted face, cluttered, oversaturated, plastic look, duplicate furniture, broken perspective",pending,
yg_0275,미니,Mini,before_after,비포·애프터,소파 있을 때 vs 요기보 들인 후,발코니·테라스,제품 단독(인물 없음),푹 꺼지는 모션 블러,라벤더,4:5,1080x1350,피드 세로,"A premium oversized bean bag sofa (1인용 소형 빈백, 가볍고 어디든 옮기는 컴팩트 사이즈), 라벤더 fabric color, apartment balcony with plants and city view, motion-blur of a body sinking into the bean bag, dynamic, Korean home aesthetic, photorealistic, high-end interior photography, soft natural shadows, 8k, advertising quality, leave clean negative space at the top for a text overlay","logo, brand text, watermark, deformed limbs, extra fingers, low quality, blurry text, distorted face, cluttered, oversaturated, plastic look, duplicate furniture, broken perspective",pending,
yg_0276,프라임,Prime,fomo_scarcity,FOMO·희소성,다들 이미 거실에 하나씩 들였대요,게이밍 셋업 방,친구들 홈파티,오버헤드 부감,크림 베이지,1:1,1080x1080,피드 정방,"A premium oversized bean bag sofa (슬림한 등받이형 빈백, 의자처럼 세워 앉기 좋은 형태), 크림 베이지 fabric color, a few friends hanging out, casual home party, gaming room with RGB lights and a desk setup, high overhead bird's-eye angle looking down, Korean home aesthetic, photorealistic, high-end interior photography, soft natural shadows, 8k, advertising quality, leave clean negative space at the top for a text overlay","logo, brand text, watermark, deformed limbs, extra fingers, low quality, blurry text, distorted face, cluttered, oversaturated, plastic look, duplicate furniture, broken perspective",pending,
yg_0277,라운저,Lounger,humor_relatable,유머·공감,약속 취소되자마자 향한 곳,재택 홈오피스,재택근무 직장인,오버헤드 부감,오트밀 화이트,1:1,1080x1080,피드 정방,"A premium oversized bean bag sofa (등받이가 높은 1인 라운지형 빈백, 독서·휴식용), 오트밀 화이트 fabric color, a remote worker taking a break, work-from-home office corner, laptop on a low table, high overhead bird's-eye angle looking down, Korean home aesthetic, photorealistic, high-end interior photography, soft natural shadows, 8k, advertising quality, leave clean negative space at the top for a text overlay","logo, brand text, watermark, deformed limbs, extra fingers, low quality, blurry text, distorted face, cluttered, oversaturated, plastic look, duplicate furniture, broken perspective",pending,
yg_0278,미디,Midi,before_after,비포·애프터,혼자 살기 전 → 혼자 살고 난 후의 거실,펜션·풀빌라 거실,반려묘와 함께,한 손 스케일 비교,더스티 핑크,1:1,1080x1080,피드 정방,"A premium oversized bean bag sofa (맥스의 컴팩트 버전, 청소년·소형 공간용 중형 빈백), 더스티 핑크 fabric color, a person with a cat curled up nearby, vacation pension living room, premium resort vibe, hand or person for scale, emphasizing size and softness, Korean home aesthetic, photorealistic, high-end interior photography, soft natural shadows, 8k, advertising quality, leave clean negative space at the top for a text overlay","logo, brand text, watermark, deformed limbs, extra fingers, low quality, blurry text, distorted face, cluttered, oversaturated, plastic look, duplicate furniture, broken perspective",pending,
yg_0279,더블,Double,curiosity_gap,호기심 갭,이게 소파라고? 끝까지 보면 놀람,아늑한 원룸,20대 1인 가구 여성,파스텔 팝 컬러블록,올리브 그린,1:1,1080x1080,피드 정방,"A premium oversized bean bag sofa (맥스 2배 폭의 초대형 빈백, 커플·가족용 침대 겸용), 올리브 그린 fabric color, a young woman in her 20s living alone, relaxed, cozy compact studio apartment, minimal Korean interior, pastel pop color-block background, playful graphic style, Korean home aesthetic, photorealistic, high-end interior photography, soft natural shadows, 8k, advertising quality, leave clean negative space at the top for a text overlay","logo, brand text, watermark, deformed limbs, extra fingers, low quality, blurry text, distorted face, cluttered, oversaturated, plastic look, duplicate furniture, broken perspective",pending,
yg_0280,팟,Pod,humor_relatable,유머·공감,주말의 나: 요기보와 한 몸,캠핑·차박 텐트 안,반려묘와 함께,파스텔 팝 컬러블록,코발트 블루,1:1,1080x1080,피드 정방,"A premium oversized bean bag sofa (둥근 1인 의자형 빈백, 감싸는 듯한 곡선 실루엣), 코발트 블루 fabric color, a person with a cat curled up nearby, inside a camping tent / car-camping setup, lantern light, pastel pop color-block background, playful graphic style, Korean home aesthetic, photorealistic, high-end interior photography, soft natural shadows, 8k, advertising quality, leave clean negative space at the top for a text overlay","logo, brand text, watermark, deformed limbs, extra fingers, low quality, blurry text, distorted face, cluttered, oversaturated, plastic look, duplicate furniture, broken perspective",pending,
yg_0281,펫,Pet,fomo_scarcity,FOMO·희소성,한정 컬러 — 재입고 없음,펜션·풀빌라 거실,게이머 청년,다크 무드 라이팅,머스타드 옐로,4:5,1080x1350,피드 세로,"A premium oversized bean bag sofa (방수·항균·발톱 저항 커버의 반려동물용 빈백), 머스타드 옐로 fabric color, a young gamer with a controller, vacation pension living room, premium resort vibe, dark moody lighting with a single warm light source, Korean home aesthetic, photorealistic, high-end interior photography, soft natural shadows, 8k, advertising quality, leave clean negative space at the top for a text overlay","logo, brand text, watermark, deformed limbs, extra fingers, low quality, blurry text, distorted face, cluttered, oversaturated, plastic look, duplicate furniture, broken perspective",pending,
yg_0282,플로어,Floor,asmr_sensory,감각·ASMR,손이 닿는 순간 멈추는 마법의 촉감,한강 피크닉 잔디,20대 1인 가구 여성,탑다운 플랫레이,머스타드 옐로,9:16,1080x1920,릴스/스토리,"A premium oversized bean bag sofa (좌식 문화 맞춤 초저높이 빈백), 머스타드 옐로 fabric color, a young woman in her 20s living alone, relaxed, Hangang river park lawn picnic, outdoor daytime, top-down flat lay composition, neatly arranged, Korean home aesthetic, photorealistic, high-end interior photography, soft natural shadows, 8k, advertising quality, leave clean negative space at the top for a text overlay","logo, brand text, watermark, deformed limbs, extra fingers, low quality, blurry text, distorted face, cluttered, oversaturated, plastic look, duplicate furniture, broken perspective",pending,
yg_0283,플로어,Floor,problem_agitate,문제 자극,반려견이 소파를 다 뜯어놨다면,발코니·테라스,반려묘와 함께,탑다운 플랫레이,더스티 핑크,9:16,1080x1920,릴스/스토리,"A premium oversized bean bag sofa (좌식 문화 맞춤 초저높이 빈백), 더스티 핑크 fabric color, a person with a cat curled up nearby, apartment balcony with plants and city view, top-down flat lay composition, neatly arranged, Korean home aesthetic, photorealistic, high-end interior photography, soft natural shadows, 8k, advertising quality, leave clean negative space at the top for a text overlay","logo, brand text, watermark, deformed limbs, extra fingers, low quality, blurry text, distorted face, cluttered, oversaturated, plastic look, duplicate furniture, broken perspective",pending,
yg_0284,서포트,Support,before_after,비포·애프터,혼자 살기 전 → 혼자 살고 난 후의 거실,미니멀 화이트 스튜디오,반려견과 집사,오버헤드 부감,차콜 그레이,9:16,1080x1920,릴스/스토리,"A premium oversized bean bag sofa (U자형 받침 쿠션, 빈백과 결합해 리클라이너로 변신), 차콜 그레이 fabric color, a person with a small dog cuddling, clean white photo studio, seamless backdrop, high overhead bird's-eye angle looking down, Korean home aesthetic, photorealistic, high-end interior photography, soft natural shadows, 8k, advertising quality, leave clean negative space at the top for a text overlay","logo, brand text, watermark, deformed limbs, extra fingers, low quality, blurry text, distorted face, cluttered, oversaturated, plastic look, duplicate furniture, broken perspective",pending,
yg_0285,팟엑스,Pod X,pattern_interrupt,패턴 인터럽트,이 자세 실화냐,아늑한 원룸,게이머 청년,다크 무드 라이팅,크림 베이지,4:5,1080x1350,피드 세로,"A premium oversized bean bag sofa (확장형 듀얼 라이너 빈백, 몸 굴곡에 반응하는 분절 패널), 크림 베이지 fabric color, a young gamer with a controller, cozy compact studio apartment, minimal Korean interior, dark moody lighting with a single warm light source, Korean home aesthetic, photorealistic, high-end interior photography, soft natural shadows, 8k, advertising quality, leave clean negative space at the top for a text overlay","logo, brand text, watermark, deformed limbs, extra fingers, low quality, blurry text, distorted face, cluttered, oversaturated, plastic look, duplicate furniture, broken perspective",pending,
yg_0286,더블,Double,fomo_scarcity,FOMO·희소성,한정 컬러 — 재입고 없음,캠핑·차박 텐트 안,반려묘와 함께,미니멀 제품 히어로,크림 베이지,9:16,1080x1920,릴스/스토리,"A premium oversized bean bag sofa (맥스 2배 폭의 초대형 빈백, 커플·가족용 침대 겸용), 크림 베이지 fabric color, a person with a cat curled up nearby, inside a camping tent / car-camping setup, lantern light, minimal product hero shot, soft gradient backdrop, studio light, Korean home aesthetic, photorealistic, high-end interior photography, soft natural shadows, 8k, advertising quality, leave clean negative space at the top for a text overlay","logo, brand text, watermark, deformed limbs, extra fingers, low quality, blurry text, distorted face, cluttered, oversaturated, plastic look, duplicate furniture, broken perspective",pending,
yg_0287,피라미드,Pyramid,problem_agitate,문제 자극,"게이밍 의자, 오래 앉으면 배기지 않나요?",미니멀 화이트 스튜디오,다정한 커플,다크 무드 라이팅,코발트 블루,9:16,1080x1920,릴스/스토리,"A premium oversized bean bag sofa (삼각 쿠션형 빈백, 등·허리 받침용 보조 쿠션), 코발트 블루 fabric color, a cozy couple lounging together, clean white photo studio, seamless backdrop, dark moody lighting with a single warm light source, Korean home aesthetic, photorealistic, high-end interior photography, soft natural shadows, 8k, advertising quality, leave clean negative space at the top for a text overlay","logo, brand text, watermark, deformed limbs, extra fingers, low quality, blurry text, distorted face, cluttered, oversaturated, plastic look, duplicate furniture, broken perspective",pending,
yg_0288,라운저,Lounger,pattern_interrupt,패턴 인터럽트,3초 뒤 반전 주의,햇살 드는 거실 창가,재택근무 직장인,미니멀 제품 히어로,코발트 블루,4:5,1080x1350,피드 세로,"A premium oversized bean bag sofa (등받이가 높은 1인 라운지형 빈백, 독서·휴식용), 코발트 블루 fabric color, a remote worker taking a break, sunlit living room by a large window, soft daylight, minimal product hero shot, soft gradient backdrop, studio light, Korean home aesthetic, photorealistic, high-end interior photography, soft natural shadows, 8k, advertising quality, leave clean negative space at the top for a text overlay","logo, brand text, watermark, deformed limbs, extra fingers, low quality, blurry text, distorted face, cluttered, oversaturated, plastic look, duplicate furniture, broken perspective",pending,
yg_0289,팟,Pod,humor_relatable,유머·공감,결국 가족 모두가 노리는 자리,발코니·테라스,20대 1인 가구 여성,초근접 텍스처 클로즈업,코발트 블루,1:1,1080x1080,피드 정방,"A premium oversized bean bag sofa (둥근 1인 의자형 빈백, 감싸는 듯한 곡선 실루엣), 코발트 블루 fabric color, a young woman in her 20s living alone, relaxed, apartment balcony with plants and city view, extreme macro close-up of plush fabric texture, shallow depth of field, Korean home aesthetic, photorealistic, high-end interior photography, soft natural shadows, 8k, advertising quality, leave clean negative space at the top for a text overlay","logo, brand text, watermark, deformed limbs, extra fingers, low quality, blurry text, distorted face, cluttered, oversaturated, plastic look, duplicate furniture, broken perspective",pending,
yg_0290,온돌,Ondol,fomo_scarcity,FOMO·희소성,"올여름 품절 1순위, 미리 보세요",재택 홈오피스,20대 1인 가구 여성,라이프스타일 와이드,크림 베이지,4:5,1080x1350,피드 세로,"A premium oversized bean bag sofa (겨울 발열 커버형 빈백, 전기요 호환), 크림 베이지 fabric color, a young woman in her 20s living alone, relaxed, work-from-home office corner, laptop on a low table, wide lifestyle editorial shot, natural light, lived-in feel, Korean home aesthetic, photorealistic, high-end interior photography, soft natural shadows, 8k, advertising quality, leave clean negative space at the top for a text overlay","logo, brand text, watermark, deformed limbs, extra fingers, low quality, blurry text, distorted face, cluttered, oversaturated, plastic look, duplicate furniture, broken perspective",pending,
yg_0291,허기보,Hugibo,transformation,변신·다용도,"소파였다가, 침대였다가, 의자였다가",발코니·테라스,20대 1인 가구 여성,미니멀 제품 히어로,오트밀 화이트,9:16,1080x1920,릴스/스토리,"A premium oversized bean bag sofa (끌어안는 바디필로우형 빈백, 수면·포옹감 강조), 오트밀 화이트 fabric color, a young woman in her 20s living alone, relaxed, apartment balcony with plants and city view, minimal product hero shot, soft gradient backdrop, studio light, Korean home aesthetic, photorealistic, high-end interior photography, soft natural shadows, 8k, advertising quality, leave clean negative space at the top for a text overlay","logo, brand text, watermark, deformed limbs, extra fingers, low quality, blurry text, distorted face, cluttered, oversaturated, plastic look, duplicate furniture, broken perspective",pending,
yg_0292,팟,Pod,social_proof,사회적 증거,재구매율이 말해주는 편안함,재택 홈오피스,게이머 청년,라이프스타일 와이드,라벤더,9:16,1080x1920,릴스/스토리,"A premium oversized bean bag sofa (둥근 1인 의자형 빈백, 감싸는 듯한 곡선 실루엣), 라벤더 fabric color, a young gamer with a controller, work-from-home office corner, laptop on a low table, wide lifestyle editorial shot, natural light, lived-in feel, Korean home aesthetic, photorealistic, high-end interior photography, soft natural shadows, 8k, advertising quality, leave clean negative space at the top for a text overlay","logo, brand text, watermark, deformed limbs, extra fingers, low quality, blurry text, distorted face, cluttered, oversaturated, plastic look, duplicate furniture, broken perspective",pending,
yg_0293,펫,Pet,fomo_scarcity,FOMO·희소성,지금 안 보면 다음은 내년,겨울 러그 깔린 마루,반려묘와 함께,파스텔 팝 컬러블록,차콜 그레이,4:5,1080x1350,피드 세로,"A premium oversized bean bag sofa (방수·항균·발톱 저항 커버의 반려동물용 빈백), 차콜 그레이 fabric color, a person with a cat curled up nearby, winter living room with rug, cozy ondol floor warmth, pastel pop color-block background, playful graphic style, Korean home aesthetic, photorealistic, high-end interior photography, soft natural shadows, 8k, advertising quality, leave clean negative space at the top for a text overlay","logo, brand text, watermark, deformed limbs, extra fingers, low quality, blurry text, distorted face, cluttered, oversaturated, plastic look, duplicate furniture, broken perspective",pending,
yg_0294,슬림,Slim,transformation,변신·다용도,접고 펴고 세우고 — 공간이 살아난다,발코니·테라스,반려견과 집사,오버헤드 부감,크림 베이지,4:5,1080x1350,피드 세로,"A premium oversized bean bag sofa (좁은 폭의 빈백, 1인 라운지 체어 형태), 크림 베이지 fabric color, a person with a small dog cuddling, apartment balcony with plants and city view, high overhead bird's-eye angle looking down, Korean home aesthetic, photorealistic, high-end interior photography, soft natural shadows, 8k, advertising quality, leave clean negative space at the top for a text overlay","logo, brand text, watermark, deformed limbs, extra fingers, low quality, blurry text, distorted face, cluttered, oversaturated, plastic look, duplicate furniture, broken perspective",pending,
yg_0295,키즈,Kids,transformation,변신·다용도,"소파였다가, 침대였다가, 의자였다가",재택 홈오피스,20대 1인 가구 여성,초근접 텍스처 클로즈업,크림 베이지,9:16,1080x1920,릴스/스토리,"A premium oversized bean bag sofa (유아·아동 안전 인증 소형 빈백, 밝은 컬러), 크림 베이지 fabric color, a young woman in her 20s living alone, relaxed, work-from-home office corner, laptop on a low table, extreme macro close-up of plush fabric texture, shallow depth of field, Korean home aesthetic, photorealistic, high-end interior photography, soft natural shadows, 8k, advertising quality, leave clean negative space at the top for a text overlay","logo, brand text, watermark, deformed limbs, extra fingers, low quality, blurry text, distorted face, cluttered, oversaturated, plastic look, duplicate furniture, broken perspective",pending,
yg_0296,온돌,Ondol,aspiration,동경·라이프스타일,"남의 집 같던 그 무드, 우리집에",키즈룸,다정한 커플,로우앵글 임팩트,크림 베이지,9:16,1080x1920,릴스/스토리,"A premium oversized bean bag sofa (겨울 발열 커버형 빈백, 전기요 호환), 크림 베이지 fabric color, a cozy couple lounging together, bright kids room with toys, playful pastel palette, dramatic low angle, product looks grand and inviting, Korean home aesthetic, photorealistic, high-end interior photography, soft natural shadows, 8k, advertising quality, leave clean negative space at the top for a text overlay","logo, brand text, watermark, deformed limbs, extra fingers, low quality, blurry text, distorted face, cluttered, oversaturated, plastic look, duplicate furniture, broken perspective",pending,
yg_0297,피라미드,Pyramid,before_after,비포·애프터,소파 있을 때 vs 요기보 들인 후,캠핑·차박 텐트 안,반려묘와 함께,한 손 스케일 비교,오트밀 화이트,9:16,1080x1920,릴스/스토리,"A premium oversized bean bag sofa (삼각 쿠션형 빈백, 등·허리 받침용 보조 쿠션), 오트밀 화이트 fabric color, a person with a cat curled up nearby, inside a camping tent / car-camping setup, lantern light, hand or person for scale, emphasizing size and softness, Korean home aesthetic, photorealistic, high-end interior photography, soft natural shadows, 8k, advertising quality, leave clean negative space at the top for a text overlay","logo, brand text, watermark, deformed limbs, extra fingers, low quality, blurry text, distorted face, cluttered, oversaturated, plastic look, duplicate furniture, broken perspective",pending,
yg_0298,키즈,Kids,aspiration,동경·라이프스타일,"남의 집 같던 그 무드, 우리집에",재택 홈오피스,낮잠 자는 사람,한 손 스케일 비교,올리브 그린,9:16,1080x1920,릴스/스토리,"A premium oversized bean bag sofa (유아·아동 안전 인증 소형 빈백, 밝은 컬러), 올리브 그린 fabric color, a person napping, eyes closed, blissful, work-from-home office corner, laptop on a low table, hand or person for scale, emphasizing size and softness, Korean home aesthetic, photorealistic, high-end interior photography, soft natural shadows, 8k, advertising quality, leave clean negative space at the top for a text overlay","logo, brand text, watermark, deformed limbs, extra fingers, low quality, blurry text, distorted face, cluttered, oversaturated, plastic look, duplicate furniture, broken perspective",pending,
yg_0299,맥스,Max,social_proof,사회적 증거,재구매율이 말해주는 편안함,발코니·테라스,친구들 홈파티,라이프스타일 와이드,오트밀 화이트,4:5,1080x1350,피드 세로,"A premium oversized bean bag sofa (6피트 풀사이즈 빈백 소파, 1인이 완전히 누울 수 있는 길이), 오트밀 화이트 fabric color, a few friends hanging out, casual home party, apartment balcony with plants and city view, wide lifestyle editorial shot, natural light, lived-in feel, Korean home aesthetic, photorealistic, high-end interior photography, soft natural shadows, 8k, advertising quality, leave clean negative space at the top for a text overlay","logo, brand text, watermark, deformed limbs, extra fingers, low quality, blurry text, distorted face, cluttered, oversaturated, plastic look, duplicate furniture, broken perspective",pending,
yg_0300,맥스,Max,humor_relatable,유머·공감,‘잠깐만 누울게’ → 3시간 경과,키즈룸,게이머 청년,파스텔 팝 컬러블록,오트밀 화이트,4:5,1080x1350,피드 세로,"A premium oversized bean bag sofa (6피트 풀사이즈 빈백 소파, 1인이 완전히 누울 수 있는 길이), 오트밀 화이트 fabric color, a young gamer with a controller, bright kids room with toys, playful pastel palette, pastel pop color-block background, playful graphic style, Korean home aesthetic, photorealistic, high-end interior photography, soft natural shadows, 8k, advertising quality, leave clean negative space at the top for a text overlay","logo, brand text, watermark, deformed limbs, extra fingers, low quality, blurry text, distorted face, cluttered, oversaturated, plastic look, duplicate furniture, broken perspective",pending,
yg_0301,더블,Double,humor_relatable,유머·공감,‘잠깐만 누울게’ → 3시간 경과,키즈룸,다정한 커플,오버헤드 부감,머스타드 옐로,4:5,1080x1350,피드 세로,"A premium oversized bean bag sofa (맥스 2배 폭의 초대형 빈백, 커플·가족용 침대 겸용), 머스타드 옐로 fabric color, a cozy couple lounging together, bright kids room with toys, playful pastel palette, high overhead bird's-eye angle looking down, Korean home aesthetic, photorealistic, high-end interior photography, soft natural shadows, 8k, advertising quality, leave clean negative space at the top for a text overlay","logo, brand text, watermark, deformed limbs, extra fingers, low quality, blurry text, distorted face, cluttered, oversaturated, plastic look, duplicate furniture, broken perspective",pending,
yg_0302,팟엑스,Pod X,curiosity_gap,호기심 갭,왜 다들 침대를 두고 여기서 잘까?,감성 카페 라운지,제품 단독(인물 없음),라이프스타일 와이드,딥 네이비,9:16,1080x1920,릴스/스토리,"A premium oversized bean bag sofa (확장형 듀얼 라이너 빈백, 몸 굴곡에 반응하는 분절 패널), 딥 네이비 fabric color, trendy cafe lounge interior, warm wood tones, wide lifestyle editorial shot, natural light, lived-in feel, Korean home aesthetic, photorealistic, high-end interior photography, soft natural shadows, 8k, advertising quality, leave clean negative space at the top for a text overlay","logo, brand text, watermark, deformed limbs, extra fingers, low quality, blurry text, distorted face, cluttered, oversaturated, plastic look, duplicate furniture, broken perspective",pending,
yg_0303,피라미드,Pyramid,transformation,변신·다용도,하나로 거실 전체를 바꾸는 법,무드등 켜진 밤 침실,책 읽는 학생,한 손 스케일 비교,머스타드 옐로,9:16,1080x1920,릴스/스토리,"A premium oversized bean bag sofa (삼각 쿠션형 빈백, 등·허리 받침용 보조 쿠션), 머스타드 옐로 fabric color, a student reading a book, dim bedroom at night with warm mood lighting, hand or person for scale, emphasizing size and softness, Korean home aesthetic, photorealistic, high-end interior photography, soft natural shadows, 8k, advertising quality, leave clean negative space at the top for a text overlay","logo, brand text, watermark, deformed limbs, extra fingers, low quality, blurry text, distorted face, cluttered, oversaturated, plastic look, duplicate furniture, broken perspective",pending,
yg_0304,온돌,Ondol,price_value,가치·합리화,"10년 쓰는 소파, 커버만 갈면 새것",한강 피크닉 잔디,20대 1인 가구 여성,한 손 스케일 비교,라벤더,4:5,1080x1350,피드 세로,"A premium oversized bean bag sofa (겨울 발열 커버형 빈백, 전기요 호환), 라벤더 fabric color, a young woman in her 20s living alone, relaxed, Hangang river park lawn picnic, outdoor daytime, hand or person for scale, emphasizing size and softness, Korean home aesthetic, photorealistic, high-end interior photography, soft natural shadows, 8k, advertising quality, leave clean negative space at the top for a text overlay","logo, brand text, watermark, deformed limbs, extra fingers, low quality, blurry text, distorted face, cluttered, oversaturated, plastic look, duplicate furniture, broken perspective",pending,
yg_0305,펫,Pet,social_proof,사회적 증거,재구매율이 말해주는 편안함,펜션·풀빌라 거실,낮잠 자는 사람,오버헤드 부감,더스티 핑크,4:5,1080x1350,피드 세로,"A premium oversized bean bag sofa (방수·항균·발톱 저항 커버의 반려동물용 빈백), 더스티 핑크 fabric color, a person napping, eyes closed, blissful, vacation pension living room, premium resort vibe, high overhead bird's-eye angle looking down, Korean home aesthetic, photorealistic, high-end interior photography, soft natural shadows, 8k, advertising quality, leave clean negative space at the top for a text overlay","logo, brand text, watermark, deformed limbs, extra fingers, low quality, blurry text, distorted face, cluttered, oversaturated, plastic look, duplicate furniture, broken perspective",pending,
yg_0306,플로어,Floor,aspiration,동경·라이프스타일,햇살 + 요기보 = 완벽한 일요일,발코니·테라스,시니어 부모님,골든아워 시네마틱,오트밀 화이트,9:16,1080x1920,릴스/스토리,"A premium oversized bean bag sofa (좌식 문화 맞춤 초저높이 빈백), 오트밀 화이트 fabric color, an elderly parent resting comfortably, apartment balcony with plants and city view, golden hour cinematic lighting, warm glow, film look, Korean home aesthetic, photorealistic, high-end interior photography, soft natural shadows, 8k, advertising quality, leave clean negative space at the top for a text overlay","logo, brand text, watermark, deformed limbs, extra fingers, low quality, blurry text, distorted face, cluttered, oversaturated, plastic look, duplicate furniture, broken perspective",pending,
yg_0307,팟,Pod,problem_agitate,문제 자극,"비싼 소파, 커버는 왜 못 빨까?",서재 책장 앞,시니어 부모님,스플릿 비교 컷,올리브 그린,4:5,1080x1350,피드 세로,"A premium oversized bean bag sofa (둥근 1인 의자형 빈백, 감싸는 듯한 곡선 실루엣), 올리브 그린 fabric color, an elderly parent resting comfortably, home library nook in front of bookshelves, split-screen before/after comparison layout, Korean home aesthetic, photorealistic, high-end interior photography, soft natural shadows, 8k, advertising quality, leave clean negative space at the top for a text overlay","logo, brand text, watermark, deformed limbs, extra fingers, low quality, blurry text, distorted face, cluttered, oversaturated, plastic look, duplicate furniture, broken perspective",pending,
yg_0308,팟,Pod,price_value,가치·합리화,비싸 보이지만 1평도 안 차지,한강 피크닉 잔디,낮잠 자는 사람,골든아워 시네마틱,더스티 핑크,9:16,1080x1920,릴스/스토리,"A premium oversized bean bag sofa (둥근 1인 의자형 빈백, 감싸는 듯한 곡선 실루엣), 더스티 핑크 fabric color, a person napping, eyes closed, blissful, Hangang river park lawn picnic, outdoor daytime, golden hour cinematic lighting, warm glow, film look, Korean home aesthetic, photorealistic, high-end interior photography, soft natural shadows, 8k, advertising quality, leave clean negative space at the top for a text overlay","logo, brand text, watermark, deformed limbs, extra fingers, low quality, blurry text, distorted face, cluttered, oversaturated, plastic look, duplicate furniture, broken perspective",pending,
yg_0309,드롭,Drop,fomo_scarcity,FOMO·희소성,지금 안 보면 다음은 내년,아늑한 원룸,반려묘와 함께,파스텔 팝 컬러블록,머스타드 옐로,9:16,1080x1920,릴스/스토리,"A premium oversized bean bag sofa (물방울 형태의 빈백 스툴, 발받침·보조 좌석용), 머스타드 옐로 fabric color, a person with a cat curled up nearby, cozy compact studio apartment, minimal Korean interior, pastel pop color-block background, playful graphic style, Korean home aesthetic, photorealistic, high-end interior photography, soft natural shadows, 8k, advertising quality, leave clean negative space at the top for a text overlay","logo, brand text, watermark, deformed limbs, extra fingers, low quality, blurry text, distorted face, cluttered, oversaturated, plastic look, duplicate furniture, broken perspective",pending,
yg_0310,허기보,Hugibo,before_after,비포·애프터,딱딱한 거실 → 3초 만에 라운지로,서재 책장 앞,20대 1인 가구 여성,스플릿 비교 컷,더스티 핑크,9:16,1080x1920,릴스/스토리,"A premium oversized bean bag sofa (끌어안는 바디필로우형 빈백, 수면·포옹감 강조), 더스티 핑크 fabric color, a young woman in her 20s living alone, relaxed, home library nook in front of bookshelves, split-screen before/after comparison layout, Korean home aesthetic, photorealistic, high-end interior photography, soft natural shadows, 8k, advertising quality, leave clean negative space at the top for a text overlay","logo, brand text, watermark, deformed limbs, extra fingers, low quality, blurry text, distorted face, cluttered, oversaturated, plastic look, duplicate furniture, broken perspective",pending,
yg_0311,드롭,Drop,price_value,가치·합리화,한 번 사면 왜 안 바꾸는지 알게 됨,키즈룸,아이와 부모 가족,푹 꺼지는 모션 블러,올리브 그린,9:16,1080x1920,릴스/스토리,"A premium oversized bean bag sofa (물방울 형태의 빈백 스툴, 발받침·보조 좌석용), 올리브 그린 fabric color, a parent and a child playing, bright kids room with toys, playful pastel palette, motion-blur of a body sinking into the bean bag, dynamic, Korean home aesthetic, photorealistic, high-end interior photography, soft natural shadows, 8k, advertising quality, leave clean negative space at the top for a text overlay","logo, brand text, watermark, deformed limbs, extra fingers, low quality, blurry text, distorted face, cluttered, oversaturated, plastic look, duplicate furniture, broken perspective",pending,
yg_0312,드롭,Drop,before_after,비포·애프터,혼자 살기 전 → 혼자 살고 난 후의 거실,아늑한 원룸,반려묘와 함께,한 손 스케일 비교,테라코타,4:5,1080x1350,피드 세로,"A premium oversized bean bag sofa (물방울 형태의 빈백 스툴, 발받침·보조 좌석용), 테라코타 fabric color, a person with a cat curled up nearby, cozy compact studio apartment, minimal Korean interior, hand or person for scale, emphasizing size and softness, Korean home aesthetic, photorealistic, high-end interior photography, soft natural shadows, 8k, advertising quality, leave clean negative space at the top for a text overlay","logo, brand text, watermark, deformed limbs, extra fingers, low quality, blurry text, distorted face, cluttered, oversaturated, plastic look, duplicate furniture, broken perspective",pending,
yg_0313,더블,Double,season_hook,시즌·타이밍,올여름 에어컨 앞 명당 자리,재택 홈오피스,아이와 부모 가족,파스텔 팝 컬러블록,딥 네이비,4:5,1080x1350,피드 세로,"A premium oversized bean bag sofa (맥스 2배 폭의 초대형 빈백, 커플·가족용 침대 겸용), 딥 네이비 fabric color, a parent and a child playing, work-from-home office corner, laptop on a low table, pastel pop color-block background, playful graphic style, Korean home aesthetic, photorealistic, high-end interior photography, soft natural shadows, 8k, advertising quality, leave clean negative space at the top for a text overlay","logo, brand text, watermark, deformed limbs, extra fingers, low quality, blurry text, distorted face, cluttered, oversaturated, plastic look, duplicate furniture, broken perspective",pending,
yg_0314,미니 K,Mini K,social_proof,사회적 증거,연예인 자취방에 다 있다는 그것,한강 피크닉 잔디,낮잠 자는 사람,라이프스타일 와이드,딥 네이비,9:16,1080x1920,릴스/스토리,"A premium oversized bean bag sofa (원룸·15평 이하 전용 초소형 빈백), 딥 네이비 fabric color, a person napping, eyes closed, blissful, Hangang river park lawn picnic, outdoor daytime, wide lifestyle editorial shot, natural light, lived-in feel, Korean home aesthetic, photorealistic, high-end interior photography, soft natural shadows, 8k, advertising quality, leave clean negative space at the top for a text overlay","logo, brand text, watermark, deformed limbs, extra fingers, low quality, blurry text, distorted face, cluttered, oversaturated, plastic look, duplicate furniture, broken perspective",pending,
yg_0315,미니,Mini,transformation,변신·다용도,하나로 거실 전체를 바꾸는 법,펜션·풀빌라 거실,낮잠 자는 사람,다크 무드 라이팅,올리브 그린,9:16,1080x1920,릴스/스토리,"A premium oversized bean bag sofa (1인용 소형 빈백, 가볍고 어디든 옮기는 컴팩트 사이즈), 올리브 그린 fabric color, a person napping, eyes closed, blissful, vacation pension living room, premium resort vibe, dark moody lighting with a single warm light source, Korean home aesthetic, photorealistic, high-end interior photography, soft natural shadows, 8k, advertising quality, leave clean negative space at the top for a text overlay","logo, brand text, watermark, deformed limbs, extra fingers, low quality, blurry text, distorted face, cluttered, oversaturated, plastic look, duplicate furniture, broken perspective",pending,
yg_0316,라운저,Lounger,season_hook,시즌·타이밍,"이사 시즌, 소파 대신 이것",햇살 드는 거실 창가,재택근무 직장인,파스텔 팝 컬러블록,테라코타,9:16,1080x1920,릴스/스토리,"A premium oversized bean bag sofa (등받이가 높은 1인 라운지형 빈백, 독서·휴식용), 테라코타 fabric color, a remote worker taking a break, sunlit living room by a large window, soft daylight, pastel pop color-block background, playful graphic style, Korean home aesthetic, photorealistic, high-end interior photography, soft natural shadows, 8k, advertising quality, leave clean negative space at the top for a text overlay","logo, brand text, watermark, deformed limbs, extra fingers, low quality, blurry text, distorted face, cluttered, oversaturated, plastic look, duplicate furniture, broken perspective",pending,
yg_0317,더블,Double,before_after,비포·애프터,어제의 허리 vs 오늘의 허리,캠핑·차박 텐트 안,다정한 커플,초근접 텍스처 클로즈업,코발트 블루,4:5,1080x1350,피드 세로,"A premium oversized bean bag sofa (맥스 2배 폭의 초대형 빈백, 커플·가족용 침대 겸용), 코발트 블루 fabric color, a cozy couple lounging together, inside a camping tent / car-camping setup, lantern light, extreme macro close-up of plush fabric texture, shallow depth of field, Korean home aesthetic, photorealistic, high-end interior photography, soft natural shadows, 8k, advertising quality, leave clean negative space at the top for a text overlay","logo, brand text, watermark, deformed limbs, extra fingers, low quality, blurry text, distorted face, cluttered, oversaturated, plastic look, duplicate furniture, broken perspective",pending,
yg_0318,라운저,Lounger,curiosity_gap,호기심 갭,이게 소파라고? 끝까지 보면 놀람,햇살 드는 거실 창가,게이머 청년,로우앵글 임팩트,차콜 그레이,9:16,1080x1920,릴스/스토리,"A premium oversized bean bag sofa (등받이가 높은 1인 라운지형 빈백, 독서·휴식용), 차콜 그레이 fabric color, a young gamer with a controller, sunlit living room by a large window, soft daylight, dramatic low angle, product looks grand and inviting, Korean home aesthetic, photorealistic, high-end interior photography, soft natural shadows, 8k, advertising quality, leave clean negative space at the top for a text overlay","logo, brand text, watermark, deformed limbs, extra fingers, low quality, blurry text, distorted face, cluttered, oversaturated, plastic look, duplicate furniture, broken perspective",pending,
yg_0319,라운저,Lounger,pattern_interrupt,패턴 인터럽트,이런 식으로 앉는 거 처음 봄,펜션·풀빌라 거실,시니어 부모님,오버헤드 부감,크림 베이지,9:16,1080x1920,릴스/스토리,"A premium oversized bean bag sofa (등받이가 높은 1인 라운지형 빈백, 독서·휴식용), 크림 베이지 fabric color, an elderly parent resting comfortably, vacation pension living room, premium resort vibe, high overhead bird's-eye angle looking down, Korean home aesthetic, photorealistic, high-end interior photography, soft natural shadows, 8k, advertising quality, leave clean negative space at the top for a text overlay","logo, brand text, watermark, deformed limbs, extra fingers, low quality, blurry text, distorted face, cluttered, oversaturated, plastic look, duplicate furniture, broken perspective",pending,
yg_0320,플로어,Floor,fomo_scarcity,FOMO·희소성,한정 컬러 — 재입고 없음,게이밍 셋업 방,재택근무 직장인,골든아워 시네마틱,코발트 블루,1:1,1080x1080,피드 정방,"A premium oversized bean bag sofa (좌식 문화 맞춤 초저높이 빈백), 코발트 블루 fabric color, a remote worker taking a break, gaming room with RGB lights and a desk setup, golden hour cinematic lighting, warm glow, film look, Korean home aesthetic, photorealistic, high-end interior photography, soft natural shadows, 8k, advertising quality, leave clean negative space at the top for a text overlay","logo, brand text, watermark, deformed limbs, extra fingers, low quality, blurry text, distorted face, cluttered, oversaturated, plastic look, duplicate furniture, broken perspective",pending,
yg_0321,드롭,Drop,price_value,가치·합리화,버리는 소파 vs 평생 가는 소파,무드등 켜진 밤 침실,20대 1인 가구 여성,한 손 스케일 비교,올리브 그린,1:1,1080x1080,피드 정방,"A premium oversized bean bag sofa (물방울 형태의 빈백 스툴, 발받침·보조 좌석용), 올리브 그린 fabric color, a young woman in her 20s living alone, relaxed, dim bedroom at night with warm mood lighting, hand or person for scale, emphasizing size and softness, Korean home aesthetic, photorealistic, high-end interior photography, soft natural shadows, 8k, advertising quality, leave clean negative space at the top for a text overlay","logo, brand text, watermark, deformed limbs, extra fingers, low quality, blurry text, distorted face, cluttered, oversaturated, plastic look, duplicate furniture, broken perspective",pending,
yg_0322,팟,Pod,before_after,비포·애프터,어제의 허리 vs 오늘의 허리,감성 카페 라운지,친구들 홈파티,미니멀 제품 히어로,라벤더,9:16,1080x1920,릴스/스토리,"A premium oversized bean bag sofa (둥근 1인 의자형 빈백, 감싸는 듯한 곡선 실루엣), 라벤더 fabric color, a few friends hanging out, casual home party, trendy cafe lounge interior, warm wood tones, minimal product hero shot, soft gradient backdrop, studio light, Korean home aesthetic, photorealistic, high-end interior photography, soft natural shadows, 8k, advertising quality, leave clean negative space at the top for a text overlay","logo, brand text, watermark, deformed limbs, extra fingers, low quality, blurry text, distorted face, cluttered, oversaturated, plastic look, duplicate furniture, broken perspective",pending,
yg_0323,프라임,Prime,transformation,변신·다용도,하나로 거실 전체를 바꾸는 법,펜션·풀빌라 거실,재택근무 직장인,탑다운 플랫레이,코발트 블루,9:16,1080x1920,릴스/스토리,"A premium oversized bean bag sofa (슬림한 등받이형 빈백, 의자처럼 세워 앉기 좋은 형태), 코발트 블루 fabric color, a remote worker taking a break, vacation pension living room, premium resort vibe, top-down flat lay composition, neatly arranged, Korean home aesthetic, photorealistic, high-end interior photography, soft natural shadows, 8k, advertising quality, leave clean negative space at the top for a text overlay","logo, brand text, watermark, deformed limbs, extra fingers, low quality, blurry text, distorted face, cluttered, oversaturated, plastic look, duplicate furniture, broken perspective",pending,
yg_0324,팟엑스,Pod X,curiosity_gap,호기심 갭,사람을 망치는 소파가 있다는데…,서재 책장 앞,책 읽는 학생,푹 꺼지는 모션 블러,올리브 그린,9:16,1080x1920,릴스/스토리,"A premium oversized bean bag sofa (확장형 듀얼 라이너 빈백, 몸 굴곡에 반응하는 분절 패널), 올리브 그린 fabric color, a student reading a book, home library nook in front of bookshelves, motion-blur of a body sinking into the bean bag, dynamic, Korean home aesthetic, photorealistic, high-end interior photography, soft natural shadows, 8k, advertising quality, leave clean negative space at the top for a text overlay","logo, brand text, watermark, deformed limbs, extra fingers, low quality, blurry text, distorted face, cluttered, oversaturated, plastic look, duplicate furniture, broken perspective",pending,
yg_0325,라운저,Lounger,humor_relatable,유머·공감,결국 가족 모두가 노리는 자리,한강 피크닉 잔디,반려묘와 함께,초근접 텍스처 클로즈업,더스티 핑크,4:5,1080x1350,피드 세로,"A premium oversized bean bag sofa (등받이가 높은 1인 라운지형 빈백, 독서·휴식용), 더스티 핑크 fabric color, a person with a cat curled up nearby, Hangang river park lawn picnic, outdoor daytime, extreme macro close-up of plush fabric texture, shallow depth of field, Korean home aesthetic, photorealistic, high-end interior photography, soft natural shadows, 8k, advertising quality, leave clean negative space at the top for a text overlay","logo, brand text, watermark, deformed limbs, extra fingers, low quality, blurry text, distorted face, cluttered, oversaturated, plastic look, duplicate furniture, broken perspective",pending,
yg_0326,더블,Double,season_hook,시즌·타이밍,올여름 에어컨 앞 명당 자리,아늑한 원룸,낮잠 자는 사람,스플릿 비교 컷,머스타드 옐로,1:1,1080x1080,피드 정방,"A premium oversized bean bag sofa (맥스 2배 폭의 초대형 빈백, 커플·가족용 침대 겸용), 머스타드 옐로 fabric color, a person napping, eyes closed, blissful, cozy compact studio apartment, minimal Korean interior, split-screen before/after comparison layout, Korean home aesthetic, photorealistic, high-end interior photography, soft natural shadows, 8k, advertising quality, leave clean negative space at the top for a text overlay","logo, brand text, watermark, deformed limbs, extra fingers, low quality, blurry text, distorted face, cluttered, oversaturated, plastic look, duplicate furniture, broken perspective",pending,
yg_0327,키즈,Kids,price_value,가치·합리화,"소파 + 침대 + 의자, 가격은 하나",미니멀 화이트 스튜디오,게이머 청년,한 손 스케일 비교,올리브 그린,9:16,1080x1920,릴스/스토리,"A premium oversized bean bag sofa (유아·아동 안전 인증 소형 빈백, 밝은 컬러), 올리브 그린 fabric color, a young gamer with a controller, clean white photo studio, seamless backdrop, hand or person for scale, emphasizing size and softness, Korean home aesthetic, photorealistic, high-end interior photography, soft natural shadows, 8k, advertising quality, leave clean negative space at the top for a text overlay","logo, brand text, watermark, deformed limbs, extra fingers, low quality, blurry text, distorted face, cluttered, oversaturated, plastic look, duplicate furniture, broken perspective",pending,
yg_0328,팟엑스,Pod X,problem_agitate,문제 자극,원룸이라 소파는 포기했다고요?,무드등 켜진 밤 침실,낮잠 자는 사람,탑다운 플랫레이,오트밀 화이트,9:16,1080x1920,릴스/스토리,"A premium oversized bean bag sofa (확장형 듀얼 라이너 빈백, 몸 굴곡에 반응하는 분절 패널), 오트밀 화이트 fabric color, a person napping, eyes closed, blissful, dim bedroom at night with warm mood lighting, top-down flat lay composition, neatly arranged, Korean home aesthetic, photorealistic, high-end interior photography, soft natural shadows, 8k, advertising quality, leave clean negative space at the top for a text overlay","logo, brand text, watermark, deformed limbs, extra fingers, low quality, blurry text, distorted face, cluttered, oversaturated, plastic look, duplicate furniture, broken perspective",pending,
yg_0329,미니 K,Mini K,price_value,가치·합리화,"10년 쓰는 소파, 커버만 갈면 새것",재택 홈오피스,낮잠 자는 사람,오버헤드 부감,테라코타,1:1,1080x1080,피드 정방,"A premium oversized bean bag sofa (원룸·15평 이하 전용 초소형 빈백), 테라코타 fabric color, a person napping, eyes closed, blissful, work-from-home office corner, laptop on a low table, high overhead bird's-eye angle looking down, Korean home aesthetic, photorealistic, high-end interior photography, soft natural shadows, 8k, advertising quality, leave clean negative space at the top for a text overlay","logo, brand text, watermark, deformed limbs, extra fingers, low quality, blurry text, distorted face, cluttered, oversaturated, plastic look, duplicate furniture, broken perspective",pending,
yg_0330,프라임,Prime,aspiration,동경·라이프스타일,햇살 + 요기보 = 완벽한 일요일,키즈룸,시니어 부모님,한 손 스케일 비교,차콜 그레이,1:1,1080x1080,피드 정방,"A premium oversized bean bag sofa (슬림한 등받이형 빈백, 의자처럼 세워 앉기 좋은 형태), 차콜 그레이 fabric color, an elderly parent resting comfortably, bright kids room with toys, playful pastel palette, hand or person for scale, emphasizing size and softness, Korean home aesthetic, photorealistic, high-end interior photography, soft natural shadows, 8k, advertising quality, leave clean negative space at the top for a text overlay","logo, brand text, watermark, deformed limbs, extra fingers, low quality, blurry text, distorted face, cluttered, oversaturated, plastic look, duplicate furniture, broken perspective",pending,
yg_0331,슬림,Slim,curiosity_gap,호기심 갭,왜 다들 침대를 두고 여기서 잘까?,겨울 러그 깔린 마루,시니어 부모님,오버헤드 부감,오트밀 화이트,9:16,1080x1920,릴스/스토리,"A premium oversized bean bag sofa (좁은 폭의 빈백, 1인 라운지 체어 형태), 오트밀 화이트 fabric color, an elderly parent resting comfortably, winter living room with rug, cozy ondol floor warmth, high overhead bird's-eye angle looking down, Korean home aesthetic, photorealistic, high-end interior photography, soft natural shadows, 8k, advertising quality, leave clean negative space at the top for a text overlay","logo, brand text, watermark, deformed limbs, extra fingers, low quality, blurry text, distorted face, cluttered, oversaturated, plastic look, duplicate furniture, broken perspective",pending,
yg_0332,미디,Midi,before_after,비포·애프터,딱딱한 거실 → 3초 만에 라운지로,발코니·테라스,시니어 부모님,다크 무드 라이팅,테라코타,1:1,1080x1080,피드 정방,"A premium oversized bean bag sofa (맥스의 컴팩트 버전, 청소년·소형 공간용 중형 빈백), 테라코타 fabric color, an elderly parent resting comfortably, apartment balcony with plants and city view, dark moody lighting with a single warm light source, Korean home aesthetic, photorealistic, high-end interior photography, soft natural shadows, 8k, advertising quality, leave clean negative space at the top for a text overlay","logo, brand text, watermark, deformed limbs, extra fingers, low quality, blurry text, distorted face, cluttered, oversaturated, plastic look, duplicate furniture, broken perspective",pending,
yg_0333,온돌,Ondol,asmr_sensory,감각·ASMR,손이 닿는 순간 멈추는 마법의 촉감,재택 홈오피스,낮잠 자는 사람,초근접 텍스처 클로즈업,크림 베이지,9:16,1080x1920,릴스/스토리,"A premium oversized bean bag sofa (겨울 발열 커버형 빈백, 전기요 호환), 크림 베이지 fabric color, a person napping, eyes closed, blissful, work-from-home office corner, laptop on a low table, extreme macro close-up of plush fabric texture, shallow depth of field, Korean home aesthetic, photorealistic, high-end interior photography, soft natural shadows, 8k, advertising quality, leave clean negative space at the top for a text overlay","logo, brand text, watermark, deformed limbs, extra fingers, low quality, blurry text, distorted face, cluttered, oversaturated, plastic look, duplicate furniture, broken perspective",pending,
yg_0334,미니 K,Mini K,pattern_interrupt,패턴 인터럽트,이런 식으로 앉는 거 처음 봄,감성 카페 라운지,20대 1인 가구 여성,오버헤드 부감,올리브 그린,4:5,1080x1350,피드 세로,"A premium oversized bean bag sofa (원룸·15평 이하 전용 초소형 빈백), 올리브 그린 fabric color, a young woman in her 20s living alone, relaxed, trendy cafe lounge interior, warm wood tones, high overhead bird's-eye angle looking down, Korean home aesthetic, photorealistic, high-end interior photography, soft natural shadows, 8k, advertising quality, leave clean negative space at the top for a text overlay","logo, brand text, watermark, deformed limbs, extra fingers, low quality, blurry text, distorted face, cluttered, oversaturated, plastic look, duplicate furniture, broken perspective",pending,
yg_0335,서포트,Support,fomo_scarcity,FOMO·희소성,한정 컬러 — 재입고 없음,겨울 러그 깔린 마루,20대 1인 가구 여성,한 손 스케일 비교,오트밀 화이트,4:5,1080x1350,피드 세로,"A premium oversized bean bag sofa (U자형 받침 쿠션, 빈백과 결합해 리클라이너로 변신), 오트밀 화이트 fabric color, a young woman in her 20s living alone, relaxed, winter living room with rug, cozy ondol floor warmth, hand or person for scale, emphasizing size and softness, Korean home aesthetic, photorealistic, high-end interior photography, soft natural shadows, 8k, advertising quality, leave clean negative space at the top for a text overlay","logo, brand text, watermark, deformed limbs, extra fingers, low quality, blurry text, distorted face, cluttered, oversaturated, plastic look, duplicate furniture, broken perspective",pending,
yg_0336,더블,Double,transformation,변신·다용도,"낮엔 소파, 밤엔 침대",발코니·테라스,제품 단독(인물 없음),라이프스타일 와이드,딥 네이비,4:5,1080x1350,피드 세로,"A premium oversized bean bag sofa (맥스 2배 폭의 초대형 빈백, 커플·가족용 침대 겸용), 딥 네이비 fabric color, apartment balcony with plants and city view, wide lifestyle editorial shot, natural light, lived-in feel, Korean home aesthetic, photorealistic, high-end interior photography, soft natural shadows, 8k, advertising quality, leave clean negative space at the top for a text overlay","logo, brand text, watermark, deformed limbs, extra fingers, low quality, blurry text, distorted face, cluttered, oversaturated, plastic look, duplicate furniture, broken perspective",pending,
yg_0337,온돌,Ondol,curiosity_gap,호기심 갭,왜 다들 침대를 두고 여기서 잘까?,서재 책장 앞,책 읽는 학생,탑다운 플랫레이,머스타드 옐로,9:16,1080x1920,릴스/스토리,"A premium oversized bean bag sofa (겨울 발열 커버형 빈백, 전기요 호환), 머스타드 옐로 fabric color, a student reading a book, home library nook in front of bookshelves, top-down flat lay composition, neatly arranged, Korean home aesthetic, photorealistic, high-end interior photography, soft natural shadows, 8k, advertising quality, leave clean negative space at the top for a text overlay","logo, brand text, watermark, deformed limbs, extra fingers, low quality, blurry text, distorted face, cluttered, oversaturated, plastic look, duplicate furniture, broken perspective",pending,
yg_0338,서포트,Support,pattern_interrupt,패턴 인터럽트,"잠깐, 저 사람 지금 소파 안으로 빨려 들어감",겨울 러그 깔린 마루,책 읽는 학생,미니멀 제품 히어로,라벤더,4:5,1080x1350,피드 세로,"A premium oversized bean bag sofa (U자형 받침 쿠션, 빈백과 결합해 리클라이너로 변신), 라벤더 fabric color, a student reading a book, winter living room with rug, cozy ondol floor warmth, minimal product hero shot, soft gradient backdrop, studio light, Korean home aesthetic, photorealistic, high-end interior photography, soft natural shadows, 8k, advertising quality, leave clean negative space at the top for a text overlay","logo, brand text, watermark, deformed limbs, extra fingers, low quality, blurry text, distorted face, cluttered, oversaturated, plastic look, duplicate furniture, broken perspective",pending,
yg_0339,허기보,Hugibo,asmr_sensory,감각·ASMR,"오늘 밤, 여기로 사라지고 싶다",무드등 켜진 밤 침실,시니어 부모님,미니멀 제품 히어로,크림 베이지,4:5,1080x1350,피드 세로,"A premium oversized bean bag sofa (끌어안는 바디필로우형 빈백, 수면·포옹감 강조), 크림 베이지 fabric color, an elderly parent resting comfortably, dim bedroom at night with warm mood lighting, minimal product hero shot, soft gradient backdrop, studio light, Korean home aesthetic, photorealistic, high-end interior photography, soft natural shadows, 8k, advertising quality, leave clean negative space at the top for a text overlay","logo, brand text, watermark, deformed limbs, extra fingers, low quality, blurry text, distorted face, cluttered, oversaturated, plastic look, duplicate furniture, broken perspective",pending,
yg_0340,맥스,Max,curiosity_gap,호기심 갭,이게 소파라고? 끝까지 보면 놀람,서재 책장 앞,낮잠 자는 사람,파스텔 팝 컬러블록,머스타드 옐로,9:16,1080x1920,릴스/스토리,"A premium oversized bean bag sofa (6피트 풀사이즈 빈백 소파, 1인이 완전히 누울 수 있는 길이), 머스타드 옐로 fabric color, a person napping, eyes closed, blissful, home library nook in front of bookshelves, pastel pop color-block background, playful graphic style, Korean home aesthetic, photorealistic, high-end interior photography, soft natural shadows, 8k, advertising quality, leave clean negative space at the top for a text overlay","logo, brand text, watermark, deformed limbs, extra fingers, low quality, blurry text, distorted face, cluttered, oversaturated, plastic look, duplicate furniture, broken perspective",pending,
yg_0341,서포트,Support,problem_agitate,문제 자극,"비싼 소파, 커버는 왜 못 빨까?",게이밍 셋업 방,낮잠 자는 사람,골든아워 시네마틱,올리브 그린,4:5,1080x1350,피드 세로,"A premium oversized bean bag sofa (U자형 받침 쿠션, 빈백과 결합해 리클라이너로 변신), 올리브 그린 fabric color, a person napping, eyes closed, blissful, gaming room with RGB lights and a desk setup, golden hour cinematic lighting, warm glow, film look, Korean home aesthetic, photorealistic, high-end interior photography, soft natural shadows, 8k, advertising quality, leave clean negative space at the top for a text overlay","logo, brand text, watermark, deformed limbs, extra fingers, low quality, blurry text, distorted face, cluttered, oversaturated, plastic look, duplicate furniture, broken perspective",pending,
yg_0342,슬림,Slim,curiosity_gap,호기심 갭,이게 소파라고? 끝까지 보면 놀람,미니멀 화이트 스튜디오,친구들 홈파티,미니멀 제품 히어로,딥 네이비,4:5,1080x1350,피드 세로,"A premium oversized bean bag sofa (좁은 폭의 빈백, 1인 라운지 체어 형태), 딥 네이비 fabric color, a few friends hanging out, casual home party, clean white photo studio, seamless backdrop, minimal product hero shot, soft gradient backdrop, studio light, Korean home aesthetic, photorealistic, high-end interior photography, soft natural shadows, 8k, advertising quality, leave clean negative space at the top for a text overlay","logo, brand text, watermark, deformed limbs, extra fingers, low quality, blurry text, distorted face, cluttered, oversaturated, plastic look, duplicate furniture, broken perspective",pending,
yg_0343,팟,Pod,asmr_sensory,감각·ASMR,손이 닿는 순간 멈추는 마법의 촉감,아늑한 원룸,반려묘와 함께,초근접 텍스처 클로즈업,오트밀 화이트,1:1,1080x1080,피드 정방,"A premium oversized bean bag sofa (둥근 1인 의자형 빈백, 감싸는 듯한 곡선 실루엣), 오트밀 화이트 fabric color, a person with a cat curled up nearby, cozy compact studio apartment, minimal Korean interior, extreme macro close-up of plush fabric texture, shallow depth of field, Korean home aesthetic, photorealistic, high-end interior photography, soft natural shadows, 8k, advertising quality, leave clean negative space at the top for a text overlay","logo, brand text, watermark, deformed limbs, extra fingers, low quality, blurry text, distorted face, cluttered, oversaturated, plastic look, duplicate furniture, broken perspective",pending,
yg_0344,더블,Double,problem_agitate,문제 자극,원룸이라 소파는 포기했다고요?,한강 피크닉 잔디,20대 1인 가구 여성,미니멀 제품 히어로,테라코타,9:16,1080x1920,릴스/스토리,"A premium oversized bean bag sofa (맥스 2배 폭의 초대형 빈백, 커플·가족용 침대 겸용), 테라코타 fabric color, a young woman in her 20s living alone, relaxed, Hangang river park lawn picnic, outdoor daytime, minimal product hero shot, soft gradient backdrop, studio light, Korean home aesthetic, photorealistic, high-end interior photography, soft natural shadows, 8k, advertising quality, leave clean negative space at the top for a text overlay","logo, brand text, watermark, deformed limbs, extra fingers, low quality, blurry text, distorted face, cluttered, oversaturated, plastic look, duplicate furniture, broken perspective",pending,
yg_0345,팟,Pod,curiosity_gap,호기심 갭,왜 다들 침대를 두고 여기서 잘까?,무드등 켜진 밤 침실,시니어 부모님,스플릿 비교 컷,오트밀 화이트,9:16,1080x1920,릴스/스토리,"A premium oversized bean bag sofa (둥근 1인 의자형 빈백, 감싸는 듯한 곡선 실루엣), 오트밀 화이트 fabric color, an elderly parent resting comfortably, dim bedroom at night with warm mood lighting, split-screen before/after comparison layout, Korean home aesthetic, photorealistic, high-end interior photography, soft natural shadows, 8k, advertising quality, leave clean negative space at the top for a text overlay","logo, brand text, watermark, deformed limbs, extra fingers, low quality, blurry text, distorted face, cluttered, oversaturated, plastic look, duplicate furniture, broken perspective",pending,
yg_0346,피라미드,Pyramid,problem_agitate,문제 자극,"게이밍 의자, 오래 앉으면 배기지 않나요?",서재 책장 앞,다정한 커플,파스텔 팝 컬러블록,테라코타,9:16,1080x1920,릴스/스토리,"A premium oversized bean bag sofa (삼각 쿠션형 빈백, 등·허리 받침용 보조 쿠션), 테라코타 fabric color, a cozy couple lounging together, home library nook in front of bookshelves, pastel pop color-block background, playful graphic style, Korean home aesthetic, photorealistic, high-end interior photography, soft natural shadows, 8k, advertising quality, leave clean negative space at the top for a text overlay","logo, brand text, watermark, deformed limbs, extra fingers, low quality, blurry text, distorted face, cluttered, oversaturated, plastic look, duplicate furniture, broken perspective",pending,
yg_0347,라운저,Lounger,fomo_scarcity,FOMO·희소성,한정 컬러 — 재입고 없음,햇살 드는 거실 창가,시니어 부모님,로우앵글 임팩트,머스타드 옐로,9:16,1080x1920,릴스/스토리,"A premium oversized bean bag sofa (등받이가 높은 1인 라운지형 빈백, 독서·휴식용), 머스타드 옐로 fabric color, an elderly parent resting comfortably, sunlit living room by a large window, soft daylight, dramatic low angle, product looks grand and inviting, Korean home aesthetic, photorealistic, high-end interior photography, soft natural shadows, 8k, advertising quality, leave clean negative space at the top for a text overlay","logo, brand text, watermark, deformed limbs, extra fingers, low quality, blurry text, distorted face, cluttered, oversaturated, plastic look, duplicate furniture, broken perspective",pending,
yg_0348,온돌,Ondol,curiosity_gap,호기심 갭,사람을 망치는 소파가 있다는데…,발코니·테라스,친구들 홈파티,파스텔 팝 컬러블록,라벤더,9:16,1080x1920,릴스/스토리,"A premium oversized bean bag sofa (겨울 발열 커버형 빈백, 전기요 호환), 라벤더 fabric color, a few friends hanging out, casual home party, apartment balcony with plants and city view, pastel pop color-block background, playful graphic style, Korean home aesthetic, photorealistic, high-end interior photography, soft natural shadows, 8k, advertising quality, leave clean negative space at the top for a text overlay","logo, brand text, watermark, deformed limbs, extra fingers, low quality, blurry text, distorted face, cluttered, oversaturated, plastic look, duplicate furniture, broken perspective",pending,
yg_0349,미니 K,Mini K,transformation,변신·다용도,하나로 거실 전체를 바꾸는 법,무드등 켜진 밤 침실,게이머 청년,미니멀 제품 히어로,라벤더,9:16,1080x1920,릴스/스토리,"A premium oversized bean bag sofa (원룸·15평 이하 전용 초소형 빈백), 라벤더 fabric color, a young gamer with a controller, dim bedroom at night with warm mood lighting, minimal product hero shot, soft gradient backdrop, studio light, Korean home aesthetic, photorealistic, high-end interior photography, soft natural shadows, 8k, advertising quality, leave clean negative space at the top for a text overlay","logo, brand text, watermark, deformed limbs, extra fingers, low quality, blurry text, distorted face, cluttered, oversaturated, plastic look, duplicate furniture, broken perspective",pending,
yg_0350,팟엑스,Pod X,problem_agitate,문제 자극,원룸이라 소파는 포기했다고요?,서재 책장 앞,제품 단독(인물 없음),탑다운 플랫레이,딥 네이비,9:16,1080x1920,릴스/스토리,"A premium oversized bean bag sofa (확장형 듀얼 라이너 빈백, 몸 굴곡에 반응하는 분절 패널), 딥 네이비 fabric color, home library nook in front of bookshelves, top-down flat lay composition, neatly arranged, Korean home aesthetic, photorealistic, high-end interior photography, soft natural shadows, 8k, advertising quality, leave clean negative space at the top for a text overlay","logo, brand text, watermark, deformed limbs, extra fingers, low quality, blurry text, distorted face, cluttered, oversaturated, plastic look, duplicate furniture, broken perspective",pending,
yg_0351,미니 K,Mini K,transformation,변신·다용도,"1개로 5가지 자세, 직접 보세요",재택 홈오피스,시니어 부모님,탑다운 플랫레이,테라코타,4:5,1080x1350,피드 세로,"A premium oversized bean bag sofa (원룸·15평 이하 전용 초소형 빈백), 테라코타 fabric color, an elderly parent resting comfortably, work-from-home office corner, laptop on a low table, top-down flat lay composition, neatly arranged, Korean home aesthetic, photorealistic, high-end interior photography, soft natural shadows, 8k, advertising quality, leave clean negative space at the top for a text overlay","logo, brand text, watermark, deformed limbs, extra fingers, low quality, blurry text, distorted face, cluttered, oversaturated, plastic look, duplicate furniture, broken perspective",pending,
yg_0352,팟,Pod,social_proof,사회적 증거,1인 가구가 가장 많이 산 가구 1위,펜션·풀빌라 거실,재택근무 직장인,다크 무드 라이팅,차콜 그레이,9:16,1080x1920,릴스/스토리,"A premium oversized bean bag sofa (둥근 1인 의자형 빈백, 감싸는 듯한 곡선 실루엣), 차콜 그레이 fabric color, a remote worker taking a break, vacation pension living room, premium resort vibe, dark moody lighting with a single warm light source, Korean home aesthetic, photorealistic, high-end interior photography, soft natural shadows, 8k, advertising quality, leave clean negative space at the top for a text overlay","logo, brand text, watermark, deformed limbs, extra fingers, low quality, blurry text, distorted face, cluttered, oversaturated, plastic look, duplicate furniture, broken perspective",pending,
yg_0353,팟,Pod,curiosity_gap,호기심 갭,이게 소파라고? 끝까지 보면 놀람,서재 책장 앞,책 읽는 학생,파스텔 팝 컬러블록,오트밀 화이트,4:5,1080x1350,피드 세로,"A premium oversized bean bag sofa (둥근 1인 의자형 빈백, 감싸는 듯한 곡선 실루엣), 오트밀 화이트 fabric color, a student reading a book, home library nook in front of bookshelves, pastel pop color-block background, playful graphic style, Korean home aesthetic, photorealistic, high-end interior photography, soft natural shadows, 8k, advertising quality, leave clean negative space at the top for a text overlay","logo, brand text, watermark, deformed limbs, extra fingers, low quality, blurry text, distorted face, cluttered, oversaturated, plastic look, duplicate furniture, broken perspective",pending,
yg_0354,프라임,Prime,problem_agitate,문제 자극,"게이밍 의자, 오래 앉으면 배기지 않나요?",미니멀 화이트 스튜디오,반려묘와 함께,한 손 스케일 비교,테라코타,9:16,1080x1920,릴스/스토리,"A premium oversized bean bag sofa (슬림한 등받이형 빈백, 의자처럼 세워 앉기 좋은 형태), 테라코타 fabric color, a person with a cat curled up nearby, clean white photo studio, seamless backdrop, hand or person for scale, emphasizing size and softness, Korean home aesthetic, photorealistic, high-end interior photography, soft natural shadows, 8k, advertising quality, leave clean negative space at the top for a text overlay","logo, brand text, watermark, deformed limbs, extra fingers, low quality, blurry text, distorted face, cluttered, oversaturated, plastic look, duplicate furniture, broken perspective",pending,
yg_0355,팟,Pod,social_proof,사회적 증거,연예인 자취방에 다 있다는 그것,서재 책장 앞,20대 1인 가구 여성,푹 꺼지는 모션 블러,차콜 그레이,9:16,1080x1920,릴스/스토리,"A premium oversized bean bag sofa (둥근 1인 의자형 빈백, 감싸는 듯한 곡선 실루엣), 차콜 그레이 fabric color, a young woman in her 20s living alone, relaxed, home library nook in front of bookshelves, motion-blur of a body sinking into the bean bag, dynamic, Korean home aesthetic, photorealistic, high-end interior photography, soft natural shadows, 8k, advertising quality, leave clean negative space at the top for a text overlay","logo, brand text, watermark, deformed limbs, extra fingers, low quality, blurry text, distorted face, cluttered, oversaturated, plastic look, duplicate furniture, broken perspective",pending,
yg_0356,팟엑스,Pod X,price_value,가치·합리화,비싸 보이지만 1평도 안 차지,감성 카페 라운지,제품 단독(인물 없음),푹 꺼지는 모션 블러,테라코타,9:16,1080x1920,릴스/스토리,"A premium oversized bean bag sofa (확장형 듀얼 라이너 빈백, 몸 굴곡에 반응하는 분절 패널), 테라코타 fabric color, trendy cafe lounge interior, warm wood tones, motion-blur of a body sinking into the bean bag, dynamic, Korean home aesthetic, photorealistic, high-end interior photography, soft natural shadows, 8k, advertising quality, leave clean negative space at the top for a text overlay","logo, brand text, watermark, deformed limbs, extra fingers, low quality, blurry text, distorted face, cluttered, oversaturated, plastic look, duplicate furniture, broken perspective",pending,
yg_0357,피라미드,Pyramid,fomo_scarcity,FOMO·희소성,다들 이미 거실에 하나씩 들였대요,캠핑·차박 텐트 안,낮잠 자는 사람,오버헤드 부감,올리브 그린,4:5,1080x1350,피드 세로,"A premium oversized bean bag sofa (삼각 쿠션형 빈백, 등·허리 받침용 보조 쿠션), 올리브 그린 fabric color, a person napping, eyes closed, blissful, inside a camping tent / car-camping setup, lantern light, high overhead bird's-eye angle looking down, Korean home aesthetic, photorealistic, high-end interior photography, soft natural shadows, 8k, advertising quality, leave clean negative space at the top for a text overlay","logo, brand text, watermark, deformed limbs, extra fingers, low quality, blurry text, distorted face, cluttered, oversaturated, plastic look, duplicate furniture, broken perspective",pending,
yg_0358,허기보,Hugibo,aspiration,동경·라이프스타일,퇴근하고 싶어지는 집의 비밀,키즈룸,낮잠 자는 사람,라이프스타일 와이드,더스티 핑크,4:5,1080x1350,피드 세로,"A premium oversized bean bag sofa (끌어안는 바디필로우형 빈백, 수면·포옹감 강조), 더스티 핑크 fabric color, a person napping, eyes closed, blissful, bright kids room with toys, playful pastel palette, wide lifestyle editorial shot, natural light, lived-in feel, Korean home aesthetic, photorealistic, high-end interior photography, soft natural shadows, 8k, advertising quality, leave clean negative space at the top for a text overlay","logo, brand text, watermark, deformed limbs, extra fingers, low quality, blurry text, distorted face, cluttered, oversaturated, plastic look, duplicate furniture, broken perspective",pending,
yg_0359,허기보,Hugibo,social_proof,사회적 증거,연예인 자취방에 다 있다는 그것,캠핑·차박 텐트 안,20대 1인 가구 여성,로우앵글 임팩트,크림 베이지,4:5,1080x1350,피드 세로,"A premium oversized bean bag sofa (끌어안는 바디필로우형 빈백, 수면·포옹감 강조), 크림 베이지 fabric color, a young woman in her 20s living alone, relaxed, inside a camping tent / car-camping setup, lantern light, dramatic low angle, product looks grand and inviting, Korean home aesthetic, photorealistic, high-end interior photography, soft natural shadows, 8k, advertising quality, leave clean negative space at the top for a text overlay","logo, brand text, watermark, deformed limbs, extra fingers, low quality, blurry text, distorted face, cluttered, oversaturated, plastic look, duplicate furniture, broken perspective",pending,
yg_0360,드롭,Drop,aspiration,동경·라이프스타일,퇴근하고 싶어지는 집의 비밀,감성 카페 라운지,반려묘와 함께,한 손 스케일 비교,올리브 그린,4:5,1080x1350,피드 세로,"A premium oversized bean bag sofa (물방울 형태의 빈백 스툴, 발받침·보조 좌석용), 올리브 그린 fabric color, a person with a cat curled up nearby, trendy cafe lounge interior, warm wood tones, hand or person for scale, emphasizing size and softness, Korean home aesthetic, photorealistic, high-end interior photography, soft natural shadows, 8k, advertising quality, leave clean negative space at the top for a text overlay","logo, brand text, watermark, deformed limbs, extra fingers, low quality, blurry text, distorted face, cluttered, oversaturated, plastic look, duplicate furniture, broken perspective",pending,
yg_0361,팟,Pod,social_proof,사회적 증거,연예인 자취방에 다 있다는 그것,게이밍 셋업 방,책 읽는 학생,로우앵글 임팩트,코발트 블루,9:16,1080x1920,릴스/스토리,"A premium oversized bean bag sofa (둥근 1인 의자형 빈백, 감싸는 듯한 곡선 실루엣), 코발트 블루 fabric color, a student reading a book, gaming room with RGB lights and a desk setup, dramatic low angle, product looks grand and inviting, Korean home aesthetic, photorealistic, high-end interior photography, soft natural shadows, 8k, advertising quality, leave clean negative space at the top for a text overlay","logo, brand text, watermark, deformed limbs, extra fingers, low quality, blurry text, distorted face, cluttered, oversaturated, plastic look, duplicate furniture, broken perspective",pending,
yg_0362,피라미드,Pyramid,fomo_scarcity,FOMO·희소성,"올여름 품절 1순위, 미리 보세요",미니멀 화이트 스튜디오,낮잠 자는 사람,한 손 스케일 비교,코발트 블루,4:5,1080x1350,피드 세로,"A premium oversized bean bag sofa (삼각 쿠션형 빈백, 등·허리 받침용 보조 쿠션), 코발트 블루 fabric color, a person napping, eyes closed, blissful, clean white photo studio, seamless backdrop, hand or person for scale, emphasizing size and softness, Korean home aesthetic, photorealistic, high-end interior photography, soft natural shadows, 8k, advertising quality, leave clean negative space at the top for a text overlay","logo, brand text, watermark, deformed limbs, extra fingers, low quality, blurry text, distorted face, cluttered, oversaturated, plastic look, duplicate furniture, broken perspective",pending,
yg_0363,허기보,Hugibo,before_after,비포·애프터,어제의 허리 vs 오늘의 허리,무드등 켜진 밤 침실,제품 단독(인물 없음),오버헤드 부감,크림 베이지,9:16,1080x1920,릴스/스토리,"A premium oversized bean bag sofa (끌어안는 바디필로우형 빈백, 수면·포옹감 강조), 크림 베이지 fabric color, dim bedroom at night with warm mood lighting, high overhead bird's-eye angle looking down, Korean home aesthetic, photorealistic, high-end interior photography, soft natural shadows, 8k, advertising quality, leave clean negative space at the top for a text overlay","logo, brand text, watermark, deformed limbs, extra fingers, low quality, blurry text, distorted face, cluttered, oversaturated, plastic look, duplicate furniture, broken perspective",pending,
yg_0364,더블,Double,aspiration,동경·라이프스타일,내가 꿈꾸던 거실은 이런 거였어,햇살 드는 거실 창가,재택근무 직장인,파스텔 팝 컬러블록,딥 네이비,9:16,1080x1920,릴스/스토리,"A premium oversized bean bag sofa (맥스 2배 폭의 초대형 빈백, 커플·가족용 침대 겸용), 딥 네이비 fabric color, a remote worker taking a break, sunlit living room by a large window, soft daylight, pastel pop color-block background, playful graphic style, Korean home aesthetic, photorealistic, high-end interior photography, soft natural shadows, 8k, advertising quality, leave clean negative space at the top for a text overlay","logo, brand text, watermark, deformed limbs, extra fingers, low quality, blurry text, distorted face, cluttered, oversaturated, plastic look, duplicate furniture, broken perspective",pending,
yg_0365,미디,Midi,season_hook,시즌·타이밍,올여름 에어컨 앞 명당 자리,게이밍 셋업 방,재택근무 직장인,한 손 스케일 비교,딥 네이비,4:5,1080x1350,피드 세로,"A premium oversized bean bag sofa (맥스의 컴팩트 버전, 청소년·소형 공간용 중형 빈백), 딥 네이비 fabric color, a remote worker taking a break, gaming room with RGB lights and a desk setup, hand or person for scale, emphasizing size and softness, Korean home aesthetic, photorealistic, high-end interior photography, soft natural shadows, 8k, advertising quality, leave clean negative space at the top for a text overlay","logo, brand text, watermark, deformed limbs, extra fingers, low quality, blurry text, distorted face, cluttered, oversaturated, plastic look, duplicate furniture, broken perspective",pending,
yg_0366,키즈,Kids,pattern_interrupt,패턴 인터럽트,3초 뒤 반전 주의,발코니·테라스,20대 1인 가구 여성,로우앵글 임팩트,코발트 블루,1:1,1080x1080,피드 정방,"A premium oversized bean bag sofa (유아·아동 안전 인증 소형 빈백, 밝은 컬러), 코발트 블루 fabric color, a young woman in her 20s living alone, relaxed, apartment balcony with plants and city view, dramatic low angle, product looks grand and inviting, Korean home aesthetic, photorealistic, high-end interior photography, soft natural shadows, 8k, advertising quality, leave clean negative space at the top for a text overlay","logo, brand text, watermark, deformed limbs, extra fingers, low quality, blurry text, distorted face, cluttered, oversaturated, plastic look, duplicate furniture, broken perspective",pending,
yg_0367,온돌,Ondol,curiosity_gap,호기심 갭,사람을 망치는 소파가 있다는데…,햇살 드는 거실 창가,시니어 부모님,오버헤드 부감,딥 네이비,4:5,1080x1350,피드 세로,"A premium oversized bean bag sofa (겨울 발열 커버형 빈백, 전기요 호환), 딥 네이비 fabric color, an elderly parent resting comfortably, sunlit living room by a large window, soft daylight, high overhead bird's-eye angle looking down, Korean home aesthetic, photorealistic, high-end interior photography, soft natural shadows, 8k, advertising quality, leave clean negative space at the top for a text overlay","logo, brand text, watermark, deformed limbs, extra fingers, low quality, blurry text, distorted face, cluttered, oversaturated, plastic look, duplicate furniture, broken perspective",pending,
yg_0368,키즈,Kids,price_value,가치·합리화,"소파 + 침대 + 의자, 가격은 하나",서재 책장 앞,시니어 부모님,스플릿 비교 컷,라벤더,1:1,1080x1080,피드 정방,"A premium oversized bean bag sofa (유아·아동 안전 인증 소형 빈백, 밝은 컬러), 라벤더 fabric color, an elderly parent resting comfortably, home library nook in front of bookshelves, split-screen before/after comparison layout, Korean home aesthetic, photorealistic, high-end interior photography, soft natural shadows, 8k, advertising quality, leave clean negative space at the top for a text overlay","logo, brand text, watermark, deformed limbs, extra fingers, low quality, blurry text, distorted face, cluttered, oversaturated, plastic look, duplicate furniture, broken perspective",pending,
yg_0369,미니 K,Mini K,before_after,비포·애프터,퇴근 전 vs 퇴근 후 내 모습,아늑한 원룸,재택근무 직장인,오버헤드 부감,테라코타,4:5,1080x1350,피드 세로,"A premium oversized bean bag sofa (원룸·15평 이하 전용 초소형 빈백), 테라코타 fabric color, a remote worker taking a break, cozy compact studio apartment, minimal Korean interior, high overhead bird's-eye angle looking down, Korean home aesthetic, photorealistic, high-end interior photography, soft natural shadows, 8k, advertising quality, leave clean negative space at the top for a text overlay","logo, brand text, watermark, deformed limbs, extra fingers, low quality, blurry text, distorted face, cluttered, oversaturated, plastic look, duplicate furniture, broken perspective",pending,
yg_0370,키즈,Kids,fomo_scarcity,FOMO·희소성,"올여름 품절 1순위, 미리 보세요",겨울 러그 깔린 마루,반려견과 집사,스플릿 비교 컷,차콜 그레이,9:16,1080x1920,릴스/스토리,"A premium oversized bean bag sofa (유아·아동 안전 인증 소형 빈백, 밝은 컬러), 차콜 그레이 fabric color, a person with a small dog cuddling, winter living room with rug, cozy ondol floor warmth, split-screen before/after comparison layout, Korean home aesthetic, photorealistic, high-end interior photography, soft natural shadows, 8k, advertising quality, leave clean negative space at the top for a text overlay","logo, brand text, watermark, deformed limbs, extra fingers, low quality, blurry text, distorted face, cluttered, oversaturated, plastic look, duplicate furniture, broken perspective",pending,
yg_0371,서포트,Support,pattern_interrupt,패턴 인터럽트,이 자세 실화냐,감성 카페 라운지,아이와 부모 가족,한 손 스케일 비교,올리브 그린,1:1,1080x1080,피드 정방,"A premium oversized bean bag sofa (U자형 받침 쿠션, 빈백과 결합해 리클라이너로 변신), 올리브 그린 fabric color, a parent and a child playing, trendy cafe lounge interior, warm wood tones, hand or person for scale, emphasizing size and softness, Korean home aesthetic, photorealistic, high-end interior photography, soft natural shadows, 8k, advertising quality, leave clean negative space at the top for a text overlay","logo, brand text, watermark, deformed limbs, extra fingers, low quality, blurry text, distorted face, cluttered, oversaturated, plastic look, duplicate furniture, broken perspective",pending,
yg_0372,프라임,Prime,season_hook,시즌·타이밍,"장마철, 집이 가장 좋아지는 이유",겨울 러그 깔린 마루,친구들 홈파티,초근접 텍스처 클로즈업,머스타드 옐로,9:16,1080x1920,릴스/스토리,"A premium oversized bean bag sofa (슬림한 등받이형 빈백, 의자처럼 세워 앉기 좋은 형태), 머스타드 옐로 fabric color, a few friends hanging out, casual home party, winter living room with rug, cozy ondol floor warmth, extreme macro close-up of plush fabric texture, shallow depth of field, Korean home aesthetic, photorealistic, high-end interior photography, soft natural shadows, 8k, advertising quality, leave clean negative space at the top for a text overlay","logo, brand text, watermark, deformed limbs, extra fingers, low quality, blurry text, distorted face, cluttered, oversaturated, plastic look, duplicate furniture, broken perspective",pending,
yg_0373,서포트,Support,aspiration,동경·라이프스타일,내가 꿈꾸던 거실은 이런 거였어,키즈룸,20대 1인 가구 여성,파스텔 팝 컬러블록,크림 베이지,4:5,1080x1350,피드 세로,"A premium oversized bean bag sofa (U자형 받침 쿠션, 빈백과 결합해 리클라이너로 변신), 크림 베이지 fabric color, a young woman in her 20s living alone, relaxed, bright kids room with toys, playful pastel palette, pastel pop color-block background, playful graphic style, Korean home aesthetic, photorealistic, high-end interior photography, soft natural shadows, 8k, advertising quality, leave clean negative space at the top for a text overlay","logo, brand text, watermark, deformed limbs, extra fingers, low quality, blurry text, distorted face, cluttered, oversaturated, plastic look, duplicate furniture, broken perspective",pending,
yg_0374,온돌,Ondol,transformation,변신·다용도,"소파였다가, 침대였다가, 의자였다가",펜션·풀빌라 거실,반려견과 집사,로우앵글 임팩트,라벤더,4:5,1080x1350,피드 세로,"A premium oversized bean bag sofa (겨울 발열 커버형 빈백, 전기요 호환), 라벤더 fabric color, a person with a small dog cuddling, vacation pension living room, premium resort vibe, dramatic low angle, product looks grand and inviting, Korean home aesthetic, photorealistic, high-end interior photography, soft natural shadows, 8k, advertising quality, leave clean negative space at the top for a text overlay","logo, brand text, watermark, deformed limbs, extra fingers, low quality, blurry text, distorted face, cluttered, oversaturated, plastic look, duplicate furniture, broken perspective",pending,
yg_0375,팟엑스,Pod X,problem_agitate,문제 자극,원룸이라 소파는 포기했다고요?,겨울 러그 깔린 마루,제품 단독(인물 없음),로우앵글 임팩트,올리브 그린,4:5,1080x1350,피드 세로,"A premium oversized bean bag sofa (확장형 듀얼 라이너 빈백, 몸 굴곡에 반응하는 분절 패널), 올리브 그린 fabric color, winter living room with rug, cozy ondol floor warmth, dramatic low angle, product looks grand and inviting, Korean home aesthetic, photorealistic, high-end interior photography, soft natural shadows, 8k, advertising quality, leave clean negative space at the top for a text overlay","logo, brand text, watermark, deformed limbs, extra fingers, low quality, blurry text, distorted face, cluttered, oversaturated, plastic look, duplicate furniture, broken perspective",pending,
yg_0376,프라임,Prime,season_hook,시즌·타이밍,"장마철, 집이 가장 좋아지는 이유",서재 책장 앞,시니어 부모님,로우앵글 임팩트,크림 베이지,9:16,1080x1920,릴스/스토리,"A premium oversized bean bag sofa (슬림한 등받이형 빈백, 의자처럼 세워 앉기 좋은 형태), 크림 베이지 fabric color, an elderly parent resting comfortably, home library nook in front of bookshelves, dramatic low angle, product looks grand and inviting, Korean home aesthetic, photorealistic, high-end interior photography, soft natural shadows, 8k, advertising quality, leave clean negative space at the top for a text overlay","logo, brand text, watermark, deformed limbs, extra fingers, low quality, blurry text, distorted face, cluttered, oversaturated, plastic look, duplicate furniture, broken perspective",pending,
yg_0377,맥스,Max,problem_agitate,문제 자극,원룸이라 소파는 포기했다고요?,감성 카페 라운지,다정한 커플,한 손 스케일 비교,차콜 그레이,4:5,1080x1350,피드 세로,"A premium oversized bean bag sofa (6피트 풀사이즈 빈백 소파, 1인이 완전히 누울 수 있는 길이), 차콜 그레이 fabric color, a cozy couple lounging together, trendy cafe lounge interior, warm wood tones, hand or person for scale, emphasizing size and softness, Korean home aesthetic, photorealistic, high-end interior photography, soft natural shadows, 8k, advertising quality, leave clean negative space at the top for a text overlay","logo, brand text, watermark, deformed limbs, extra fingers, low quality, blurry text, distorted face, cluttered, oversaturated, plastic look, duplicate furniture, broken perspective",pending,
yg_0378,미니,Mini,humor_relatable,유머·공감,‘잠깐만 누울게’ → 3시간 경과,게이밍 셋업 방,반려묘와 함께,미니멀 제품 히어로,더스티 핑크,9:16,1080x1920,릴스/스토리,"A premium oversized bean bag sofa (1인용 소형 빈백, 가볍고 어디든 옮기는 컴팩트 사이즈), 더스티 핑크 fabric color, a person with a cat curled up nearby, gaming room with RGB lights and a desk setup, minimal product hero shot, soft gradient backdrop, studio light, Korean home aesthetic, photorealistic, high-end interior photography, soft natural shadows, 8k, advertising quality, leave clean negative space at the top for a text overlay","logo, brand text, watermark, deformed limbs, extra fingers, low quality, blurry text, distorted face, cluttered, oversaturated, plastic look, duplicate furniture, broken perspective",pending,
yg_0379,미디,Midi,price_value,가치·합리화,버리는 소파 vs 평생 가는 소파,한강 피크닉 잔디,재택근무 직장인,오버헤드 부감,딥 네이비,4:5,1080x1350,피드 세로,"A premium oversized bean bag sofa (맥스의 컴팩트 버전, 청소년·소형 공간용 중형 빈백), 딥 네이비 fabric color, a remote worker taking a break, Hangang river park lawn picnic, outdoor daytime, high overhead bird's-eye angle looking down, Korean home aesthetic, photorealistic, high-end interior photography, soft natural shadows, 8k, advertising quality, leave clean negative space at the top for a text overlay","logo, brand text, watermark, deformed limbs, extra fingers, low quality, blurry text, distorted face, cluttered, oversaturated, plastic look, duplicate furniture, broken perspective",pending,
yg_0380,미니 K,Mini K,problem_agitate,문제 자극,"게이밍 의자, 오래 앉으면 배기지 않나요?",겨울 러그 깔린 마루,재택근무 직장인,골든아워 시네마틱,오트밀 화이트,1:1,1080x1080,피드 정방,"A premium oversized bean bag sofa (원룸·15평 이하 전용 초소형 빈백), 오트밀 화이트 fabric color, a remote worker taking a break, winter living room with rug, cozy ondol floor warmth, golden hour cinematic lighting, warm glow, film look, Korean home aesthetic, photorealistic, high-end interior photography, soft natural shadows, 8k, advertising quality, leave clean negative space at the top for a text overlay","logo, brand text, watermark, deformed limbs, extra fingers, low quality, blurry text, distorted face, cluttered, oversaturated, plastic look, duplicate furniture, broken perspective",pending,
yg_0381,서포트,Support,social_proof,사회적 증거,재구매율이 말해주는 편안함,햇살 드는 거실 창가,친구들 홈파티,스플릿 비교 컷,코발트 블루,4:5,1080x1350,피드 세로,"A premium oversized bean bag sofa (U자형 받침 쿠션, 빈백과 결합해 리클라이너로 변신), 코발트 블루 fabric color, a few friends hanging out, casual home party, sunlit living room by a large window, soft daylight, split-screen before/after comparison layout, Korean home aesthetic, photorealistic, high-end interior photography, soft natural shadows, 8k, advertising quality, leave clean negative space at the top for a text overlay","logo, brand text, watermark, deformed limbs, extra fingers, low quality, blurry text, distorted face, cluttered, oversaturated, plastic look, duplicate furniture, broken perspective",pending,
yg_0382,허기보,Hugibo,aspiration,동경·라이프스타일,"남의 집 같던 그 무드, 우리집에",캠핑·차박 텐트 안,책 읽는 학생,탑다운 플랫레이,머스타드 옐로,4:5,1080x1350,피드 세로,"A premium oversized bean bag sofa (끌어안는 바디필로우형 빈백, 수면·포옹감 강조), 머스타드 옐로 fabric color, a student reading a book, inside a camping tent / car-camping setup, lantern light, top-down flat lay composition, neatly arranged, Korean home aesthetic, photorealistic, high-end interior photography, soft natural shadows, 8k, advertising quality, leave clean negative space at the top for a text overlay","logo, brand text, watermark, deformed limbs, extra fingers, low quality, blurry text, distorted face, cluttered, oversaturated, plastic look, duplicate furniture, broken perspective",pending,
yg_0383,라운저,Lounger,problem_agitate,문제 자극,반려견이 소파를 다 뜯어놨다면,한강 피크닉 잔디,재택근무 직장인,라이프스타일 와이드,크림 베이지,9:16,1080x1920,릴스/스토리,"A premium oversized bean bag sofa (등받이가 높은 1인 라운지형 빈백, 독서·휴식용), 크림 베이지 fabric color, a remote worker taking a break, Hangang river park lawn picnic, outdoor daytime, wide lifestyle editorial shot, natural light, lived-in feel, Korean home aesthetic, photorealistic, high-end interior photography, soft natural shadows, 8k, advertising quality, leave clean negative space at the top for a text overlay","logo, brand text, watermark, deformed limbs, extra fingers, low quality, blurry text, distorted face, cluttered, oversaturated, plastic look, duplicate furniture, broken perspective",pending,
yg_0384,미디,Midi,price_value,가치·합리화,"소파 + 침대 + 의자, 가격은 하나",캠핑·차박 텐트 안,반려견과 집사,골든아워 시네마틱,차콜 그레이,4:5,1080x1350,피드 세로,"A premium oversized bean bag sofa (맥스의 컴팩트 버전, 청소년·소형 공간용 중형 빈백), 차콜 그레이 fabric color, a person with a small dog cuddling, inside a camping tent / car-camping setup, lantern light, golden hour cinematic lighting, warm glow, film look, Korean home aesthetic, photorealistic, high-end interior photography, soft natural shadows, 8k, advertising quality, leave clean negative space at the top for a text overlay","logo, brand text, watermark, deformed limbs, extra fingers, low quality, blurry text, distorted face, cluttered, oversaturated, plastic look, duplicate furniture, broken perspective",pending,
yg_0385,라운저,Lounger,pattern_interrupt,패턴 인터럽트,이 자세 실화냐,발코니·테라스,게이머 청년,라이프스타일 와이드,차콜 그레이,4:5,1080x1350,피드 세로,"A premium oversized bean bag sofa (등받이가 높은 1인 라운지형 빈백, 독서·휴식용), 차콜 그레이 fabric color, a young gamer with a controller, apartment balcony with plants and city view, wide lifestyle editorial shot, natural light, lived-in feel, Korean home aesthetic, photorealistic, high-end interior photography, soft natural shadows, 8k, advertising quality, leave clean negative space at the top for a text overlay","logo, brand text, watermark, deformed limbs, extra fingers, low quality, blurry text, distorted face, cluttered, oversaturated, plastic look, duplicate furniture, broken perspective",pending,
yg_0386,미니 K,Mini K,pattern_interrupt,패턴 인터럽트,이런 식으로 앉는 거 처음 봄,재택 홈오피스,시니어 부모님,오버헤드 부감,차콜 그레이,4:5,1080x1350,피드 세로,"A premium oversized bean bag sofa (원룸·15평 이하 전용 초소형 빈백), 차콜 그레이 fabric color, an elderly parent resting comfortably, work-from-home office corner, laptop on a low table, high overhead bird's-eye angle looking down, Korean home aesthetic, photorealistic, high-end interior photography, soft natural shadows, 8k, advertising quality, leave clean negative space at the top for a text overlay","logo, brand text, watermark, deformed limbs, extra fingers, low quality, blurry text, distorted face, cluttered, oversaturated, plastic look, duplicate furniture, broken perspective",pending,
yg_0387,프라임,Prime,social_proof,사회적 증거,한 번 산 사람은 색깔만 늘린다,재택 홈오피스,재택근무 직장인,로우앵글 임팩트,더스티 핑크,9:16,1080x1920,릴스/스토리,"A premium oversized bean bag sofa (슬림한 등받이형 빈백, 의자처럼 세워 앉기 좋은 형태), 더스티 핑크 fabric color, a remote worker taking a break, work-from-home office corner, laptop on a low table, dramatic low angle, product looks grand and inviting, Korean home aesthetic, photorealistic, high-end interior photography, soft natural shadows, 8k, advertising quality, leave clean negative space at the top for a text overlay","logo, brand text, watermark, deformed limbs, extra fingers, low quality, blurry text, distorted face, cluttered, oversaturated, plastic look, duplicate furniture, broken perspective",pending,
yg_0388,맥스,Max,fomo_scarcity,FOMO·희소성,지금 안 보면 다음은 내년,캠핑·차박 텐트 안,책 읽는 학생,라이프스타일 와이드,테라코타,1:1,1080x1080,피드 정방,"A premium oversized bean bag sofa (6피트 풀사이즈 빈백 소파, 1인이 완전히 누울 수 있는 길이), 테라코타 fabric color, a student reading a book, inside a camping tent / car-camping setup, lantern light, wide lifestyle editorial shot, natural light, lived-in feel, Korean home aesthetic, photorealistic, high-end interior photography, soft natural shadows, 8k, advertising quality, leave clean negative space at the top for a text overlay","logo, brand text, watermark, deformed limbs, extra fingers, low quality, blurry text, distorted face, cluttered, oversaturated, plastic look, duplicate furniture, broken perspective",pending,
yg_0389,키즈,Kids,before_after,비포·애프터,퇴근 전 vs 퇴근 후 내 모습,펜션·풀빌라 거실,책 읽는 학생,탑다운 플랫레이,올리브 그린,4:5,1080x1350,피드 세로,"A premium oversized bean bag sofa (유아·아동 안전 인증 소형 빈백, 밝은 컬러), 올리브 그린 fabric color, a student reading a book, vacation pension living room, premium resort vibe, top-down flat lay composition, neatly arranged, Korean home aesthetic, photorealistic, high-end interior photography, soft natural shadows, 8k, advertising quality, leave clean negative space at the top for a text overlay","logo, brand text, watermark, deformed limbs, extra fingers, low quality, blurry text, distorted face, cluttered, oversaturated, plastic look, duplicate furniture, broken perspective",pending,
yg_0390,드롭,Drop,pattern_interrupt,패턴 인터럽트,이런 식으로 앉는 거 처음 봄,무드등 켜진 밤 침실,재택근무 직장인,탑다운 플랫레이,올리브 그린,9:16,1080x1920,릴스/스토리,"A premium oversized bean bag sofa (물방울 형태의 빈백 스툴, 발받침·보조 좌석용), 올리브 그린 fabric color, a remote worker taking a break, dim bedroom at night with warm mood lighting, top-down flat lay composition, neatly arranged, Korean home aesthetic, photorealistic, high-end interior photography, soft natural shadows, 8k, advertising quality, leave clean negative space at the top for a text overlay","logo, brand text, watermark, deformed limbs, extra fingers, low quality, blurry text, distorted face, cluttered, oversaturated, plastic look, duplicate furniture, broken perspective",pending,
yg_0391,라운저,Lounger,pattern_interrupt,패턴 인터럽트,끝까지 안 보면 손해,미니멀 화이트 스튜디오,재택근무 직장인,골든아워 시네마틱,테라코타,1:1,1080x1080,피드 정방,"A premium oversized bean bag sofa (등받이가 높은 1인 라운지형 빈백, 독서·휴식용), 테라코타 fabric color, a remote worker taking a break, clean white photo studio, seamless backdrop, golden hour cinematic lighting, warm glow, film look, Korean home aesthetic, photorealistic, high-end interior photography, soft natural shadows, 8k, advertising quality, leave clean negative space at the top for a text overlay","logo, brand text, watermark, deformed limbs, extra fingers, low quality, blurry text, distorted face, cluttered, oversaturated, plastic look, duplicate furniture, broken perspective",pending,
yg_0392,온돌,Ondol,humor_relatable,유머·공감,주말의 나: 요기보와 한 몸,감성 카페 라운지,아이와 부모 가족,다크 무드 라이팅,크림 베이지,4:5,1080x1350,피드 세로,"A premium oversized bean bag sofa (겨울 발열 커버형 빈백, 전기요 호환), 크림 베이지 fabric color, a parent and a child playing, trendy cafe lounge interior, warm wood tones, dark moody lighting with a single warm light source, Korean home aesthetic, photorealistic, high-end interior photography, soft natural shadows, 8k, advertising quality, leave clean negative space at the top for a text overlay","logo, brand text, watermark, deformed limbs, extra fingers, low quality, blurry text, distorted face, cluttered, oversaturated, plastic look, duplicate furniture, broken perspective",pending,
yg_0393,맥스,Max,transformation,변신·다용도,접고 펴고 세우고 — 공간이 살아난다,발코니·테라스,반려묘와 함께,미니멀 제품 히어로,코발트 블루,9:16,1080x1920,릴스/스토리,"A premium oversized bean bag sofa (6피트 풀사이즈 빈백 소파, 1인이 완전히 누울 수 있는 길이), 코발트 블루 fabric color, a person with a cat curled up nearby, apartment balcony with plants and city view, minimal product hero shot, soft gradient backdrop, studio light, Korean home aesthetic, photorealistic, high-end interior photography, soft natural shadows, 8k, advertising quality, leave clean negative space at the top for a text overlay","logo, brand text, watermark, deformed limbs, extra fingers, low quality, blurry text, distorted face, cluttered, oversaturated, plastic look, duplicate furniture, broken perspective",pending,
yg_0394,미니 K,Mini K,season_hook,시즌·타이밍,환절기 허리에게 주는 선물,감성 카페 라운지,다정한 커플,스플릿 비교 컷,오트밀 화이트,4:5,1080x1350,피드 세로,"A premium oversized bean bag sofa (원룸·15평 이하 전용 초소형 빈백), 오트밀 화이트 fabric color, a cozy couple lounging together, trendy cafe lounge interior, warm wood tones, split-screen before/after comparison layout, Korean home aesthetic, photorealistic, high-end interior photography, soft natural shadows, 8k, advertising quality, leave clean negative space at the top for a text overlay","logo, brand text, watermark, deformed limbs, extra fingers, low quality, blurry text, distorted face, cluttered, oversaturated, plastic look, duplicate furniture, broken perspective",pending,
yg_0395,온돌,Ondol,social_proof,사회적 증거,1인 가구가 가장 많이 산 가구 1위,무드등 켜진 밤 침실,책 읽는 학생,골든아워 시네마틱,코발트 블루,1:1,1080x1080,피드 정방,"A premium oversized bean bag sofa (겨울 발열 커버형 빈백, 전기요 호환), 코발트 블루 fabric color, a student reading a book, dim bedroom at night with warm mood lighting, golden hour cinematic lighting, warm glow, film look, Korean home aesthetic, photorealistic, high-end interior photography, soft natural shadows, 8k, advertising quality, leave clean negative space at the top for a text overlay","logo, brand text, watermark, deformed limbs, extra fingers, low quality, blurry text, distorted face, cluttered, oversaturated, plastic look, duplicate furniture, broken perspective",pending,
yg_0396,팟엑스,Pod X,social_proof,사회적 증거,1인 가구가 가장 많이 산 가구 1위,캠핑·차박 텐트 안,게이머 청년,미니멀 제품 히어로,차콜 그레이,1:1,1080x1080,피드 정방,"A premium oversized bean bag sofa (확장형 듀얼 라이너 빈백, 몸 굴곡에 반응하는 분절 패널), 차콜 그레이 fabric color, a young gamer with a controller, inside a camping tent / car-camping setup, lantern light, minimal product hero shot, soft gradient backdrop, studio light, Korean home aesthetic, photorealistic, high-end interior photography, soft natural shadows, 8k, advertising quality, leave clean negative space at the top for a text overlay","logo, brand text, watermark, deformed limbs, extra fingers, low quality, blurry text, distorted face, cluttered, oversaturated, plastic look, duplicate furniture, broken perspective",pending,
yg_0397,팟,Pod,humor_relatable,유머·공감,‘잠깐만 누울게’ → 3시간 경과,재택 홈오피스,다정한 커플,파스텔 팝 컬러블록,딥 네이비,9:16,1080x1920,릴스/스토리,"A premium oversized bean bag sofa (둥근 1인 의자형 빈백, 감싸는 듯한 곡선 실루엣), 딥 네이비 fabric color, a cozy couple lounging together, work-from-home office corner, laptop on a low table, pastel pop color-block background, playful graphic style, Korean home aesthetic, photorealistic, high-end interior photography, soft natural shadows, 8k, advertising quality, leave clean negative space at the top for a text overlay","logo, brand text, watermark, deformed limbs, extra fingers, low quality, blurry text, distorted face, cluttered, oversaturated, plastic look, duplicate furniture, broken perspective",pending,
yg_0398,팟,Pod,pattern_interrupt,패턴 인터럽트,"잠깐, 저 사람 지금 소파 안으로 빨려 들어감",미니멀 화이트 스튜디오,게이머 청년,한 손 스케일 비교,머스타드 옐로,1:1,1080x1080,피드 정방,"A premium oversized bean bag sofa (둥근 1인 의자형 빈백, 감싸는 듯한 곡선 실루엣), 머스타드 옐로 fabric color, a young gamer with a controller, clean white photo studio, seamless backdrop, hand or person for scale, emphasizing size and softness, Korean home aesthetic, photorealistic, high-end interior photography, soft natural shadows, 8k, advertising quality, leave clean negative space at the top for a text overlay","logo, brand text, watermark, deformed limbs, extra fingers, low quality, blurry text, distorted face, cluttered, oversaturated, plastic look, duplicate furniture, broken perspective",pending,
yg_0399,온돌,Ondol,before_after,비포·애프터,소파 있을 때 vs 요기보 들인 후,펜션·풀빌라 거실,게이머 청년,푹 꺼지는 모션 블러,크림 베이지,9:16,1080x1920,릴스/스토리,"A premium oversized bean bag sofa (겨울 발열 커버형 빈백, 전기요 호환), 크림 베이지 fabric color, a young gamer with a controller, vacation pension living room, premium resort vibe, motion-blur of a body sinking into the bean bag, dynamic, Korean home aesthetic, photorealistic, high-end interior photography, soft natural shadows, 8k, advertising quality, leave clean negative space at the top for a text overlay","logo, brand text, watermark, deformed limbs, extra fingers, low quality, blurry text, distorted face, cluttered, oversaturated, plastic look, duplicate furniture, broken perspective",pending,
yg_0400,서포트,Support,asmr_sensory,감각·ASMR,"오늘 밤, 여기로 사라지고 싶다",키즈룸,반려묘와 함께,다크 무드 라이팅,머스타드 옐로,9:16,1080x1920,릴스/스토리,"A premium oversized bean bag sofa (U자형 받침 쿠션, 빈백과 결합해 리클라이너로 변신), 머스타드 옐로 fabric color, a person with a cat curled up nearby, bright kids room with toys, playful pastel palette, dark moody lighting with a single warm light source, Korean home aesthetic, photorealistic, high-end interior photography, soft natural shadows, 8k, advertising quality, leave clean negative space at the top for a text overlay","logo, brand text, watermark, deformed limbs, extra fingers, low quality, blurry text, distorted face, cluttered, oversaturated, plastic look, duplicate furniture, broken perspective",pending,
yg_0401,키즈,Kids,price_value,가치·합리화,버리는 소파 vs 평생 가는 소파,캠핑·차박 텐트 안,시니어 부모님,초근접 텍스처 클로즈업,라벤더,1:1,1080x1080,피드 정방,"A premium oversized bean bag sofa (유아·아동 안전 인증 소형 빈백, 밝은 컬러), 라벤더 fabric color, an elderly parent resting comfortably, inside a camping tent / car-camping setup, lantern light, extreme macro close-up of plush fabric texture, shallow depth of field, Korean home aesthetic, photorealistic, high-end interior photography, soft natural shadows, 8k, advertising quality, leave clean negative space at the top for a text overlay","logo, brand text, watermark, deformed limbs, extra fingers, low quality, blurry text, distorted face, cluttered, oversaturated, plastic look, duplicate furniture, broken perspective",pending,
yg_0402,프라임,Prime,asmr_sensory,감각·ASMR,무중력으로 가라앉는 30초,미니멀 화이트 스튜디오,아이와 부모 가족,파스텔 팝 컬러블록,크림 베이지,1:1,1080x1080,피드 정방,"A premium oversized bean bag sofa (슬림한 등받이형 빈백, 의자처럼 세워 앉기 좋은 형태), 크림 베이지 fabric color, a parent and a child playing, clean white photo studio, seamless backdrop, pastel pop color-block background, playful graphic style, Korean home aesthetic, photorealistic, high-end interior photography, soft natural shadows, 8k, advertising quality, leave clean negative space at the top for a text overlay","logo, brand text, watermark, deformed limbs, extra fingers, low quality, blurry text, distorted face, cluttered, oversaturated, plastic look, duplicate furniture, broken perspective",pending,
yg_0403,더블,Double,humor_relatable,유머·공감,강아지에게 자리 뺏긴 1인,펜션·풀빌라 거실,친구들 홈파티,파스텔 팝 컬러블록,더스티 핑크,9:16,1080x1920,릴스/스토리,"A premium oversized bean bag sofa (맥스 2배 폭의 초대형 빈백, 커플·가족용 침대 겸용), 더스티 핑크 fabric color, a few friends hanging out, casual home party, vacation pension living room, premium resort vibe, pastel pop color-block background, playful graphic style, Korean home aesthetic, photorealistic, high-end interior photography, soft natural shadows, 8k, advertising quality, leave clean negative space at the top for a text overlay","logo, brand text, watermark, deformed limbs, extra fingers, low quality, blurry text, distorted face, cluttered, oversaturated, plastic look, duplicate furniture, broken perspective",pending,
yg_0404,슬림,Slim,curiosity_gap,호기심 갭,이게 소파라고? 끝까지 보면 놀람,아늑한 원룸,게이머 청년,푹 꺼지는 모션 블러,라벤더,9:16,1080x1920,릴스/스토리,"A premium oversized bean bag sofa (좁은 폭의 빈백, 1인 라운지 체어 형태), 라벤더 fabric color, a young gamer with a controller, cozy compact studio apartment, minimal Korean interior, motion-blur of a body sinking into the bean bag, dynamic, Korean home aesthetic, photorealistic, high-end interior photography, soft natural shadows, 8k, advertising quality, leave clean negative space at the top for a text overlay","logo, brand text, watermark, deformed limbs, extra fingers, low quality, blurry text, distorted face, cluttered, oversaturated, plastic look, duplicate furniture, broken perspective",pending,
yg_0405,팟엑스,Pod X,pattern_interrupt,패턴 인터럽트,3초 뒤 반전 주의,발코니·테라스,책 읽는 학생,다크 무드 라이팅,라벤더,4:5,1080x1350,피드 세로,"A premium oversized bean bag sofa (확장형 듀얼 라이너 빈백, 몸 굴곡에 반응하는 분절 패널), 라벤더 fabric color, a student reading a book, apartment balcony with plants and city view, dark moody lighting with a single warm light source, Korean home aesthetic, photorealistic, high-end interior photography, soft natural shadows, 8k, advertising quality, leave clean negative space at the top for a text overlay","logo, brand text, watermark, deformed limbs, extra fingers, low quality, blurry text, distorted face, cluttered, oversaturated, plastic look, duplicate furniture, broken perspective",pending,
yg_0406,허기보,Hugibo,curiosity_gap,호기심 갭,사람을 망치는 소파가 있다는데…,키즈룸,재택근무 직장인,스플릿 비교 컷,차콜 그레이,4:5,1080x1350,피드 세로,"A premium oversized bean bag sofa (끌어안는 바디필로우형 빈백, 수면·포옹감 강조), 차콜 그레이 fabric color, a remote worker taking a break, bright kids room with toys, playful pastel palette, split-screen before/after comparison layout, Korean home aesthetic, photorealistic, high-end interior photography, soft natural shadows, 8k, advertising quality, leave clean negative space at the top for a text overlay","logo, brand text, watermark, deformed limbs, extra fingers, low quality, blurry text, distorted face, cluttered, oversaturated, plastic look, duplicate furniture, broken perspective",pending,
yg_0407,미디,Midi,social_proof,사회적 증거,연예인 자취방에 다 있다는 그것,서재 책장 앞,반려견과 집사,다크 무드 라이팅,라벤더,9:16,1080x1920,릴스/스토리,"A premium oversized bean bag sofa (맥스의 컴팩트 버전, 청소년·소형 공간용 중형 빈백), 라벤더 fabric color, a person with a small dog cuddling, home library nook in front of bookshelves, dark moody lighting with a single warm light source, Korean home aesthetic, photorealistic, high-end interior photography, soft natural shadows, 8k, advertising quality, leave clean negative space at the top for a text overlay","logo, brand text, watermark, deformed limbs, extra fingers, low quality, blurry text, distorted face, cluttered, oversaturated, plastic look, duplicate furniture, broken perspective",pending,
yg_0408,허기보,Hugibo,pattern_interrupt,패턴 인터럽트,이런 식으로 앉는 거 처음 봄,아늑한 원룸,낮잠 자는 사람,한 손 스케일 비교,더스티 핑크,4:5,1080x1350,피드 세로,"A premium oversized bean bag sofa (끌어안는 바디필로우형 빈백, 수면·포옹감 강조), 더스티 핑크 fabric color, a person napping, eyes closed, blissful, cozy compact studio apartment, minimal Korean interior, hand or person for scale, emphasizing size and softness, Korean home aesthetic, photorealistic, high-end interior photography, soft natural shadows, 8k, advertising quality, leave clean negative space at the top for a text overlay","logo, brand text, watermark, deformed limbs, extra fingers, low quality, blurry text, distorted face, cluttered, oversaturated, plastic look, duplicate furniture, broken perspective",pending,
yg_0409,라운저,Lounger,curiosity_gap,호기심 갭,"이 소파, 3초만 앉으면 못 일어나는 이유",미니멀 화이트 스튜디오,제품 단독(인물 없음),라이프스타일 와이드,더스티 핑크,1:1,1080x1080,피드 정방,"A premium oversized bean bag sofa (등받이가 높은 1인 라운지형 빈백, 독서·휴식용), 더스티 핑크 fabric color, clean white photo studio, seamless backdrop, wide lifestyle editorial shot, natural light, lived-in feel, Korean home aesthetic, photorealistic, high-end interior photography, soft natural shadows, 8k, advertising quality, leave clean negative space at the top for a text overlay","logo, brand text, watermark, deformed limbs, extra fingers, low quality, blurry text, distorted face, cluttered, oversaturated, plastic look, duplicate furniture, broken perspective",pending,
yg_0410,슬림,Slim,season_hook,시즌·타이밍,올여름 에어컨 앞 명당 자리,미니멀 화이트 스튜디오,다정한 커플,한 손 스케일 비교,라벤더,4:5,1080x1350,피드 세로,"A premium oversized bean bag sofa (좁은 폭의 빈백, 1인 라운지 체어 형태), 라벤더 fabric color, a cozy couple lounging together, clean white photo studio, seamless backdrop, hand or person for scale, emphasizing size and softness, Korean home aesthetic, photorealistic, high-end interior photography, soft natural shadows, 8k, advertising quality, leave clean negative space at the top for a text overlay","logo, brand text, watermark, deformed limbs, extra fingers, low quality, blurry text, distorted face, cluttered, oversaturated, plastic look, duplicate furniture, broken perspective",pending,
yg_0411,펫,Pet,before_after,비포·애프터,어제의 허리 vs 오늘의 허리,발코니·테라스,시니어 부모님,미니멀 제품 히어로,테라코타,9:16,1080x1920,릴스/스토리,"A premium oversized bean bag sofa (방수·항균·발톱 저항 커버의 반려동물용 빈백), 테라코타 fabric color, an elderly parent resting comfortably, apartment balcony with plants and city view, minimal product hero shot, soft gradient backdrop, studio light, Korean home aesthetic, photorealistic, high-end interior photography, soft natural shadows, 8k, advertising quality, leave clean negative space at the top for a text overlay","logo, brand text, watermark, deformed limbs, extra fingers, low quality, blurry text, distorted face, cluttered, oversaturated, plastic look, duplicate furniture, broken perspective",pending,
yg_0412,미니,Mini,before_after,비포·애프터,어제의 허리 vs 오늘의 허리,펜션·풀빌라 거실,친구들 홈파티,미니멀 제품 히어로,딥 네이비,1:1,1080x1080,피드 정방,"A premium oversized bean bag sofa (1인용 소형 빈백, 가볍고 어디든 옮기는 컴팩트 사이즈), 딥 네이비 fabric color, a few friends hanging out, casual home party, vacation pension living room, premium resort vibe, minimal product hero shot, soft gradient backdrop, studio light, Korean home aesthetic, photorealistic, high-end interior photography, soft natural shadows, 8k, advertising quality, leave clean negative space at the top for a text overlay","logo, brand text, watermark, deformed limbs, extra fingers, low quality, blurry text, distorted face, cluttered, oversaturated, plastic look, duplicate furniture, broken perspective",pending,
yg_0413,팟,Pod,pattern_interrupt,패턴 인터럽트,"잠깐, 저 사람 지금 소파 안으로 빨려 들어감",감성 카페 라운지,책 읽는 학생,미니멀 제품 히어로,테라코타,4:5,1080x1350,피드 세로,"A premium oversized bean bag sofa (둥근 1인 의자형 빈백, 감싸는 듯한 곡선 실루엣), 테라코타 fabric color, a student reading a book, trendy cafe lounge interior, warm wood tones, minimal product hero shot, soft gradient backdrop, studio light, Korean home aesthetic, photorealistic, high-end interior photography, soft natural shadows, 8k, advertising quality, leave clean negative space at the top for a text overlay","logo, brand text, watermark, deformed limbs, extra fingers, low quality, blurry text, distorted face, cluttered, oversaturated, plastic look, duplicate furniture, broken perspective",pending,
yg_0414,드롭,Drop,price_value,가치·합리화,"소파 + 침대 + 의자, 가격은 하나",미니멀 화이트 스튜디오,재택근무 직장인,로우앵글 임팩트,라벤더,4:5,1080x1350,피드 세로,"A premium oversized bean bag sofa (물방울 형태의 빈백 스툴, 발받침·보조 좌석용), 라벤더 fabric color, a remote worker taking a break, clean white photo studio, seamless backdrop, dramatic low angle, product looks grand and inviting, Korean home aesthetic, photorealistic, high-end interior photography, soft natural shadows, 8k, advertising quality, leave clean negative space at the top for a text overlay","logo, brand text, watermark, deformed limbs, extra fingers, low quality, blurry text, distorted face, cluttered, oversaturated, plastic look, duplicate furniture, broken perspective",pending,
yg_0415,허기보,Hugibo,social_proof,사회적 증거,1인 가구가 가장 많이 산 가구 1위,게이밍 셋업 방,낮잠 자는 사람,라이프스타일 와이드,코발트 블루,9:16,1080x1920,릴스/스토리,"A premium oversized bean bag sofa (끌어안는 바디필로우형 빈백, 수면·포옹감 강조), 코발트 블루 fabric color, a person napping, eyes closed, blissful, gaming room with RGB lights and a desk setup, wide lifestyle editorial shot, natural light, lived-in feel, Korean home aesthetic, photorealistic, high-end interior photography, soft natural shadows, 8k, advertising quality, leave clean negative space at the top for a text overlay","logo, brand text, watermark, deformed limbs, extra fingers, low quality, blurry text, distorted face, cluttered, oversaturated, plastic look, duplicate furniture, broken perspective",pending,
yg_0416,피라미드,Pyramid,humor_relatable,유머·공감,‘잠깐만 누울게’ → 3시간 경과,캠핑·차박 텐트 안,반려묘와 함께,미니멀 제품 히어로,차콜 그레이,9:16,1080x1920,릴스/스토리,"A premium oversized bean bag sofa (삼각 쿠션형 빈백, 등·허리 받침용 보조 쿠션), 차콜 그레이 fabric color, a person with a cat curled up nearby, inside a camping tent / car-camping setup, lantern light, minimal product hero shot, soft gradient backdrop, studio light, Korean home aesthetic, photorealistic, high-end interior photography, soft natural shadows, 8k, advertising quality, leave clean negative space at the top for a text overlay","logo, brand text, watermark, deformed limbs, extra fingers, low quality, blurry text, distorted face, cluttered, oversaturated, plastic look, duplicate furniture, broken perspective",pending,
yg_0417,허기보,Hugibo,pattern_interrupt,패턴 인터럽트,끝까지 안 보면 손해,감성 카페 라운지,다정한 커플,파스텔 팝 컬러블록,오트밀 화이트,1:1,1080x1080,피드 정방,"A premium oversized bean bag sofa (끌어안는 바디필로우형 빈백, 수면·포옹감 강조), 오트밀 화이트 fabric color, a cozy couple lounging together, trendy cafe lounge interior, warm wood tones, pastel pop color-block background, playful graphic style, Korean home aesthetic, photorealistic, high-end interior photography, soft natural shadows, 8k, advertising quality, leave clean negative space at the top for a text overlay","logo, brand text, watermark, deformed limbs, extra fingers, low quality, blurry text, distorted face, cluttered, oversaturated, plastic look, duplicate furniture, broken perspective",pending,
yg_0418,프라임,Prime,season_hook,시즌·타이밍,올여름 에어컨 앞 명당 자리,무드등 켜진 밤 침실,반려견과 집사,라이프스타일 와이드,올리브 그린,4:5,1080x1350,피드 세로,"A premium oversized bean bag sofa (슬림한 등받이형 빈백, 의자처럼 세워 앉기 좋은 형태), 올리브 그린 fabric color, a person with a small dog cuddling, dim bedroom at night with warm mood lighting, wide lifestyle editorial shot, natural light, lived-in feel, Korean home aesthetic, photorealistic, high-end interior photography, soft natural shadows, 8k, advertising quality, leave clean negative space at the top for a text overlay","logo, brand text, watermark, deformed limbs, extra fingers, low quality, blurry text, distorted face, cluttered, oversaturated, plastic look, duplicate furniture, broken perspective",pending,
yg_0419,미니,Mini,social_proof,사회적 증거,재구매율이 말해주는 편안함,한강 피크닉 잔디,다정한 커플,오버헤드 부감,머스타드 옐로,1:1,1080x1080,피드 정방,"A premium oversized bean bag sofa (1인용 소형 빈백, 가볍고 어디든 옮기는 컴팩트 사이즈), 머스타드 옐로 fabric color, a cozy couple lounging together, Hangang river park lawn picnic, outdoor daytime, high overhead bird's-eye angle looking down, Korean home aesthetic, photorealistic, high-end interior photography, soft natural shadows, 8k, advertising quality, leave clean negative space at the top for a text overlay","logo, brand text, watermark, deformed limbs, extra fingers, low quality, blurry text, distorted face, cluttered, oversaturated, plastic look, duplicate furniture, broken perspective",pending,
yg_0420,미디,Midi,humor_relatable,유머·공감,강아지에게 자리 뺏긴 1인,캠핑·차박 텐트 안,책 읽는 학생,탑다운 플랫레이,라벤더,1:1,1080x1080,피드 정방,"A premium oversized bean bag sofa (맥스의 컴팩트 버전, 청소년·소형 공간용 중형 빈백), 라벤더 fabric color, a student reading a book, inside a camping tent / car-camping setup, lantern light, top-down flat lay composition, neatly arranged, Korean home aesthetic, photorealistic, high-end interior photography, soft natural shadows, 8k, advertising quality, leave clean negative space at the top for a text overlay","logo, brand text, watermark, deformed limbs, extra fingers, low quality, blurry text, distorted face, cluttered, oversaturated, plastic look, duplicate furniture, broken perspective",pending,
yg_0421,미니,Mini,aspiration,동경·라이프스타일,"이런 주말, 가져본 적 있나요",무드등 켜진 밤 침실,낮잠 자는 사람,스플릿 비교 컷,크림 베이지,9:16,1080x1920,릴스/스토리,"A premium oversized bean bag sofa (1인용 소형 빈백, 가볍고 어디든 옮기는 컴팩트 사이즈), 크림 베이지 fabric color, a person napping, eyes closed, blissful, dim bedroom at night with warm mood lighting, split-screen before/after comparison layout, Korean home aesthetic, photorealistic, high-end interior photography, soft natural shadows, 8k, advertising quality, leave clean negative space at the top for a text overlay","logo, brand text, watermark, deformed limbs, extra fingers, low quality, blurry text, distorted face, cluttered, oversaturated, plastic look, duplicate furniture, broken perspective",pending,
yg_0422,플로어,Floor,humor_relatable,유머·공감,강아지에게 자리 뺏긴 1인,햇살 드는 거실 창가,반려견과 집사,초근접 텍스처 클로즈업,크림 베이지,4:5,1080x1350,피드 세로,"A premium oversized bean bag sofa (좌식 문화 맞춤 초저높이 빈백), 크림 베이지 fabric color, a person with a small dog cuddling, sunlit living room by a large window, soft daylight, extreme macro close-up of plush fabric texture, shallow depth of field, Korean home aesthetic, photorealistic, high-end interior photography, soft natural shadows, 8k, advertising quality, leave clean negative space at the top for a text overlay","logo, brand text, watermark, deformed limbs, extra fingers, low quality, blurry text, distorted face, cluttered, oversaturated, plastic look, duplicate furniture, broken perspective",pending,
yg_0423,서포트,Support,aspiration,동경·라이프스타일,퇴근하고 싶어지는 집의 비밀,재택 홈오피스,친구들 홈파티,다크 무드 라이팅,코발트 블루,9:16,1080x1920,릴스/스토리,"A premium oversized bean bag sofa (U자형 받침 쿠션, 빈백과 결합해 리클라이너로 변신), 코발트 블루 fabric color, a few friends hanging out, casual home party, work-from-home office corner, laptop on a low table, dark moody lighting with a single warm light source, Korean home aesthetic, photorealistic, high-end interior photography, soft natural shadows, 8k, advertising quality, leave clean negative space at the top for a text overlay","logo, brand text, watermark, deformed limbs, extra fingers, low quality, blurry text, distorted face, cluttered, oversaturated, plastic look, duplicate furniture, broken perspective",pending,
yg_0424,플로어,Floor,pattern_interrupt,패턴 인터럽트,"잠깐, 저 사람 지금 소파 안으로 빨려 들어감",무드등 켜진 밤 침실,재택근무 직장인,로우앵글 임팩트,테라코타,4:5,1080x1350,피드 세로,"A premium oversized bean bag sofa (좌식 문화 맞춤 초저높이 빈백), 테라코타 fabric color, a remote worker taking a break, dim bedroom at night with warm mood lighting, dramatic low angle, product looks grand and inviting, Korean home aesthetic, photorealistic, high-end interior photography, soft natural shadows, 8k, advertising quality, leave clean negative space at the top for a text overlay","logo, brand text, watermark, deformed limbs, extra fingers, low quality, blurry text, distorted face, cluttered, oversaturated, plastic look, duplicate furniture, broken perspective",pending,
yg_0425,더블,Double,fomo_scarcity,FOMO·희소성,한정 컬러 — 재입고 없음,게이밍 셋업 방,시니어 부모님,스플릿 비교 컷,코발트 블루,1:1,1080x1080,피드 정방,"A premium oversized bean bag sofa (맥스 2배 폭의 초대형 빈백, 커플·가족용 침대 겸용), 코발트 블루 fabric color, an elderly parent resting comfortably, gaming room with RGB lights and a desk setup, split-screen before/after comparison layout, Korean home aesthetic, photorealistic, high-end interior photography, soft natural shadows, 8k, advertising quality, leave clean negative space at the top for a text overlay","logo, brand text, watermark, deformed limbs, extra fingers, low quality, blurry text, distorted face, cluttered, oversaturated, plastic look, duplicate furniture, broken perspective",pending,
yg_0426,온돌,Ondol,aspiration,동경·라이프스타일,내가 꿈꾸던 거실은 이런 거였어,재택 홈오피스,재택근무 직장인,로우앵글 임팩트,올리브 그린,9:16,1080x1920,릴스/스토리,"A premium oversized bean bag sofa (겨울 발열 커버형 빈백, 전기요 호환), 올리브 그린 fabric color, a remote worker taking a break, work-from-home office corner, laptop on a low table, dramatic low angle, product looks grand and inviting, Korean home aesthetic, photorealistic, high-end interior photography, soft natural shadows, 8k, advertising quality, leave clean negative space at the top for a text overlay","logo, brand text, watermark, deformed limbs, extra fingers, low quality, blurry text, distorted face, cluttered, oversaturated, plastic look, duplicate furniture, broken perspective",pending,
yg_0427,허기보,Hugibo,aspiration,동경·라이프스타일,퇴근하고 싶어지는 집의 비밀,겨울 러그 깔린 마루,20대 1인 가구 여성,한 손 스케일 비교,라벤더,4:5,1080x1350,피드 세로,"A premium oversized bean bag sofa (끌어안는 바디필로우형 빈백, 수면·포옹감 강조), 라벤더 fabric color, a young woman in her 20s living alone, relaxed, winter living room with rug, cozy ondol floor warmth, hand or person for scale, emphasizing size and softness, Korean home aesthetic, photorealistic, high-end interior photography, soft natural shadows, 8k, advertising quality, leave clean negative space at the top for a text overlay","logo, brand text, watermark, deformed limbs, extra fingers, low quality, blurry text, distorted face, cluttered, oversaturated, plastic look, duplicate furniture, broken perspective",pending,
yg_0428,미니 K,Mini K,asmr_sensory,감각·ASMR,무중력으로 가라앉는 30초,한강 피크닉 잔디,친구들 홈파티,푹 꺼지는 모션 블러,딥 네이비,9:16,1080x1920,릴스/스토리,"A premium oversized bean bag sofa (원룸·15평 이하 전용 초소형 빈백), 딥 네이비 fabric color, a few friends hanging out, casual home party, Hangang river park lawn picnic, outdoor daytime, motion-blur of a body sinking into the bean bag, dynamic, Korean home aesthetic, photorealistic, high-end interior photography, soft natural shadows, 8k, advertising quality, leave clean negative space at the top for a text overlay","logo, brand text, watermark, deformed limbs, extra fingers, low quality, blurry text, distorted face, cluttered, oversaturated, plastic look, duplicate furniture, broken perspective",pending,
yg_0429,드롭,Drop,social_proof,사회적 증거,"리뷰 10,000개가 말하는 그 소파",겨울 러그 깔린 마루,재택근무 직장인,다크 무드 라이팅,테라코타,4:5,1080x1350,피드 세로,"A premium oversized bean bag sofa (물방울 형태의 빈백 스툴, 발받침·보조 좌석용), 테라코타 fabric color, a remote worker taking a break, winter living room with rug, cozy ondol floor warmth, dark moody lighting with a single warm light source, Korean home aesthetic, photorealistic, high-end interior photography, soft natural shadows, 8k, advertising quality, leave clean negative space at the top for a text overlay","logo, brand text, watermark, deformed limbs, extra fingers, low quality, blurry text, distorted face, cluttered, oversaturated, plastic look, duplicate furniture, broken perspective",pending,
yg_0430,허기보,Hugibo,price_value,가치·합리화,"10년 쓰는 소파, 커버만 갈면 새것",감성 카페 라운지,친구들 홈파티,미니멀 제품 히어로,오트밀 화이트,4:5,1080x1350,피드 세로,"A premium oversized bean bag sofa (끌어안는 바디필로우형 빈백, 수면·포옹감 강조), 오트밀 화이트 fabric color, a few friends hanging out, casual home party, trendy cafe lounge interior, warm wood tones, minimal product hero shot, soft gradient backdrop, studio light, Korean home aesthetic, photorealistic, high-end interior photography, soft natural shadows, 8k, advertising quality, leave clean negative space at the top for a text overlay","logo, brand text, watermark, deformed limbs, extra fingers, low quality, blurry text, distorted face, cluttered, oversaturated, plastic look, duplicate furniture, broken perspective",pending,
yg_0431,팟,Pod,problem_agitate,문제 자극,반려견이 소파를 다 뜯어놨다면,미니멀 화이트 스튜디오,20대 1인 가구 여성,로우앵글 임팩트,라벤더,4:5,1080x1350,피드 세로,"A premium oversized bean bag sofa (둥근 1인 의자형 빈백, 감싸는 듯한 곡선 실루엣), 라벤더 fabric color, a young woman in her 20s living alone, relaxed, clean white photo studio, seamless backdrop, dramatic low angle, product looks grand and inviting, Korean home aesthetic, photorealistic, high-end interior photography, soft natural shadows, 8k, advertising quality, leave clean negative space at the top for a text overlay","logo, brand text, watermark, deformed limbs, extra fingers, low quality, blurry text, distorted face, cluttered, oversaturated, plastic look, duplicate furniture, broken perspective",pending,
yg_0432,펫,Pet,before_after,비포·애프터,소파 있을 때 vs 요기보 들인 후,발코니·테라스,제품 단독(인물 없음),스플릿 비교 컷,오트밀 화이트,4:5,1080x1350,피드 세로,"A premium oversized bean bag sofa (방수·항균·발톱 저항 커버의 반려동물용 빈백), 오트밀 화이트 fabric color, apartment balcony with plants and city view, split-screen before/after comparison layout, Korean home aesthetic, photorealistic, high-end interior photography, soft natural shadows, 8k, advertising quality, leave clean negative space at the top for a text overlay","logo, brand text, watermark, deformed limbs, extra fingers, low quality, blurry text, distorted face, cluttered, oversaturated, plastic look, duplicate furniture, broken perspective",pending,
yg_0433,키즈,Kids,season_hook,시즌·타이밍,"연말, 가족이 모이는 새 중심",겨울 러그 깔린 마루,재택근무 직장인,탑다운 플랫레이,딥 네이비,4:5,1080x1350,피드 세로,"A premium oversized bean bag sofa (유아·아동 안전 인증 소형 빈백, 밝은 컬러), 딥 네이비 fabric color, a remote worker taking a break, winter living room with rug, cozy ondol floor warmth, top-down flat lay composition, neatly arranged, Korean home aesthetic, photorealistic, high-end interior photography, soft natural shadows, 8k, advertising quality, leave clean negative space at the top for a text overlay","logo, brand text, watermark, deformed limbs, extra fingers, low quality, blurry text, distorted face, cluttered, oversaturated, plastic look, duplicate furniture, broken perspective",pending,
yg_0434,미디,Midi,price_value,가치·합리화,"10년 쓰는 소파, 커버만 갈면 새것",겨울 러그 깔린 마루,다정한 커플,푹 꺼지는 모션 블러,더스티 핑크,4:5,1080x1350,피드 세로,"A premium oversized bean bag sofa (맥스의 컴팩트 버전, 청소년·소형 공간용 중형 빈백), 더스티 핑크 fabric color, a cozy couple lounging together, winter living room with rug, cozy ondol floor warmth, motion-blur of a body sinking into the bean bag, dynamic, Korean home aesthetic, photorealistic, high-end interior photography, soft natural shadows, 8k, advertising quality, leave clean negative space at the top for a text overlay","logo, brand text, watermark, deformed limbs, extra fingers, low quality, blurry text, distorted face, cluttered, oversaturated, plastic look, duplicate furniture, broken perspective",pending,
yg_0435,서포트,Support,pattern_interrupt,패턴 인터럽트,끝까지 안 보면 손해,무드등 켜진 밤 침실,반려묘와 함께,파스텔 팝 컬러블록,머스타드 옐로,9:16,1080x1920,릴스/스토리,"A premium oversized bean bag sofa (U자형 받침 쿠션, 빈백과 결합해 리클라이너로 변신), 머스타드 옐로 fabric color, a person with a cat curled up nearby, dim bedroom at night with warm mood lighting, pastel pop color-block background, playful graphic style, Korean home aesthetic, photorealistic, high-end interior photography, soft natural shadows, 8k, advertising quality, leave clean negative space at the top for a text overlay","logo, brand text, watermark, deformed limbs, extra fingers, low quality, blurry text, distorted face, cluttered, oversaturated, plastic look, duplicate furniture, broken perspective",pending,
yg_0436,플로어,Floor,asmr_sensory,감각·ASMR,"오늘 밤, 여기로 사라지고 싶다",펜션·풀빌라 거실,재택근무 직장인,미니멀 제품 히어로,올리브 그린,9:16,1080x1920,릴스/스토리,"A premium oversized bean bag sofa (좌식 문화 맞춤 초저높이 빈백), 올리브 그린 fabric color, a remote worker taking a break, vacation pension living room, premium resort vibe, minimal product hero shot, soft gradient backdrop, studio light, Korean home aesthetic, photorealistic, high-end interior photography, soft natural shadows, 8k, advertising quality, leave clean negative space at the top for a text overlay","logo, brand text, watermark, deformed limbs, extra fingers, low quality, blurry text, distorted face, cluttered, oversaturated, plastic look, duplicate furniture, broken perspective",pending,
yg_0437,플로어,Floor,pattern_interrupt,패턴 인터럽트,"잠깐, 저 사람 지금 소파 안으로 빨려 들어감",발코니·테라스,반려묘와 함께,초근접 텍스처 클로즈업,코발트 블루,1:1,1080x1080,피드 정방,"A premium oversized bean bag sofa (좌식 문화 맞춤 초저높이 빈백), 코발트 블루 fabric color, a person with a cat curled up nearby, apartment balcony with plants and city view, extreme macro close-up of plush fabric texture, shallow depth of field, Korean home aesthetic, photorealistic, high-end interior photography, soft natural shadows, 8k, advertising quality, leave clean negative space at the top for a text overlay","logo, brand text, watermark, deformed limbs, extra fingers, low quality, blurry text, distorted face, cluttered, oversaturated, plastic look, duplicate furniture, broken perspective",pending,
yg_0438,허기보,Hugibo,asmr_sensory,감각·ASMR,"이 촉감, 화면으로도 느껴지나요?",미니멀 화이트 스튜디오,시니어 부모님,미니멀 제품 히어로,머스타드 옐로,4:5,1080x1350,피드 세로,"A premium oversized bean bag sofa (끌어안는 바디필로우형 빈백, 수면·포옹감 강조), 머스타드 옐로 fabric color, an elderly parent resting comfortably, clean white photo studio, seamless backdrop, minimal product hero shot, soft gradient backdrop, studio light, Korean home aesthetic, photorealistic, high-end interior photography, soft natural shadows, 8k, advertising quality, leave clean negative space at the top for a text overlay","logo, brand text, watermark, deformed limbs, extra fingers, low quality, blurry text, distorted face, cluttered, oversaturated, plastic look, duplicate furniture, broken perspective",pending,
yg_0439,온돌,Ondol,fomo_scarcity,FOMO·희소성,지금 안 보면 다음은 내년,발코니·테라스,게이머 청년,골든아워 시네마틱,오트밀 화이트,4:5,1080x1350,피드 세로,"A premium oversized bean bag sofa (겨울 발열 커버형 빈백, 전기요 호환), 오트밀 화이트 fabric color, a young gamer with a controller, apartment balcony with plants and city view, golden hour cinematic lighting, warm glow, film look, Korean home aesthetic, photorealistic, high-end interior photography, soft natural shadows, 8k, advertising quality, leave clean negative space at the top for a text overlay","logo, brand text, watermark, deformed limbs, extra fingers, low quality, blurry text, distorted face, cluttered, oversaturated, plastic look, duplicate furniture, broken perspective",pending,
yg_0440,온돌,Ondol,social_proof,사회적 증거,"리뷰 10,000개가 말하는 그 소파",펜션·풀빌라 거실,20대 1인 가구 여성,초근접 텍스처 클로즈업,코발트 블루,4:5,1080x1350,피드 세로,"A premium oversized bean bag sofa (겨울 발열 커버형 빈백, 전기요 호환), 코발트 블루 fabric color, a young woman in her 20s living alone, relaxed, vacation pension living room, premium resort vibe, extreme macro close-up of plush fabric texture, shallow depth of field, Korean home aesthetic, photorealistic, high-end interior photography, soft natural shadows, 8k, advertising quality, leave clean negative space at the top for a text overlay","logo, brand text, watermark, deformed limbs, extra fingers, low quality, blurry text, distorted face, cluttered, oversaturated, plastic look, duplicate furniture, broken perspective",pending,
yg_0441,슬림,Slim,before_after,비포·애프터,어제의 허리 vs 오늘의 허리,키즈룸,낮잠 자는 사람,초근접 텍스처 클로즈업,테라코타,4:5,1080x1350,피드 세로,"A premium oversized bean bag sofa (좁은 폭의 빈백, 1인 라운지 체어 형태), 테라코타 fabric color, a person napping, eyes closed, blissful, bright kids room with toys, playful pastel palette, extreme macro close-up of plush fabric texture, shallow depth of field, Korean home aesthetic, photorealistic, high-end interior photography, soft natural shadows, 8k, advertising quality, leave clean negative space at the top for a text overlay","logo, brand text, watermark, deformed limbs, extra fingers, low quality, blurry text, distorted face, cluttered, oversaturated, plastic look, duplicate furniture, broken perspective",pending,
yg_0442,라운저,Lounger,before_after,비포·애프터,소파 있을 때 vs 요기보 들인 후,겨울 러그 깔린 마루,게이머 청년,라이프스타일 와이드,올리브 그린,4:5,1080x1350,피드 세로,"A premium oversized bean bag sofa (등받이가 높은 1인 라운지형 빈백, 독서·휴식용), 올리브 그린 fabric color, a young gamer with a controller, winter living room with rug, cozy ondol floor warmth, wide lifestyle editorial shot, natural light, lived-in feel, Korean home aesthetic, photorealistic, high-end interior photography, soft natural shadows, 8k, advertising quality, leave clean negative space at the top for a text overlay","logo, brand text, watermark, deformed limbs, extra fingers, low quality, blurry text, distorted face, cluttered, oversaturated, plastic look, duplicate furniture, broken perspective",pending,
yg_0443,허기보,Hugibo,season_hook,시즌·타이밍,"연말, 가족이 모이는 새 중심",펜션·풀빌라 거실,다정한 커플,초근접 텍스처 클로즈업,올리브 그린,4:5,1080x1350,피드 세로,"A premium oversized bean bag sofa (끌어안는 바디필로우형 빈백, 수면·포옹감 강조), 올리브 그린 fabric color, a cozy couple lounging together, vacation pension living room, premium resort vibe, extreme macro close-up of plush fabric texture, shallow depth of field, Korean home aesthetic, photorealistic, high-end interior photography, soft natural shadows, 8k, advertising quality, leave clean negative space at the top for a text overlay","logo, brand text, watermark, deformed limbs, extra fingers, low quality, blurry text, distorted face, cluttered, oversaturated, plastic look, duplicate furniture, broken perspective",pending,
yg_0444,미니 K,Mini K,season_hook,시즌·타이밍,"장마철, 집이 가장 좋아지는 이유",아늑한 원룸,제품 단독(인물 없음),라이프스타일 와이드,테라코타,9:16,1080x1920,릴스/스토리,"A premium oversized bean bag sofa (원룸·15평 이하 전용 초소형 빈백), 테라코타 fabric color, cozy compact studio apartment, minimal Korean interior, wide lifestyle editorial shot, natural light, lived-in feel, Korean home aesthetic, photorealistic, high-end interior photography, soft natural shadows, 8k, advertising quality, leave clean negative space at the top for a text overlay","logo, brand text, watermark, deformed limbs, extra fingers, low quality, blurry text, distorted face, cluttered, oversaturated, plastic look, duplicate furniture, broken perspective",pending,
yg_0445,프라임,Prime,before_after,비포·애프터,어제의 허리 vs 오늘의 허리,감성 카페 라운지,아이와 부모 가족,오버헤드 부감,딥 네이비,4:5,1080x1350,피드 세로,"A premium oversized bean bag sofa (슬림한 등받이형 빈백, 의자처럼 세워 앉기 좋은 형태), 딥 네이비 fabric color, a parent and a child playing, trendy cafe lounge interior, warm wood tones, high overhead bird's-eye angle looking down, Korean home aesthetic, photorealistic, high-end interior photography, soft natural shadows, 8k, advertising quality, leave clean negative space at the top for a text overlay","logo, brand text, watermark, deformed limbs, extra fingers, low quality, blurry text, distorted face, cluttered, oversaturated, plastic look, duplicate furniture, broken perspective",pending,
yg_0446,피라미드,Pyramid,asmr_sensory,감각·ASMR,"이 촉감, 화면으로도 느껴지나요?",겨울 러그 깔린 마루,책 읽는 학생,한 손 스케일 비교,코발트 블루,4:5,1080x1350,피드 세로,"A premium oversized bean bag sofa (삼각 쿠션형 빈백, 등·허리 받침용 보조 쿠션), 코발트 블루 fabric color, a student reading a book, winter living room with rug, cozy ondol floor warmth, hand or person for scale, emphasizing size and softness, Korean home aesthetic, photorealistic, high-end interior photography, soft natural shadows, 8k, advertising quality, leave clean negative space at the top for a text overlay","logo, brand text, watermark, deformed limbs, extra fingers, low quality, blurry text, distorted face, cluttered, oversaturated, plastic look, duplicate furniture, broken perspective",pending,
yg_0447,팟엑스,Pod X,transformation,변신·다용도,"소파였다가, 침대였다가, 의자였다가",아늑한 원룸,제품 단독(인물 없음),라이프스타일 와이드,더스티 핑크,9:16,1080x1920,릴스/스토리,"A premium oversized bean bag sofa (확장형 듀얼 라이너 빈백, 몸 굴곡에 반응하는 분절 패널), 더스티 핑크 fabric color, cozy compact studio apartment, minimal Korean interior, wide lifestyle editorial shot, natural light, lived-in feel, Korean home aesthetic, photorealistic, high-end interior photography, soft natural shadows, 8k, advertising quality, leave clean negative space at the top for a text overlay","logo, brand text, watermark, deformed limbs, extra fingers, low quality, blurry text, distorted face, cluttered, oversaturated, plastic look, duplicate furniture, broken perspective",pending,
yg_0448,라운저,Lounger,before_after,비포·애프터,퇴근 전 vs 퇴근 후 내 모습,캠핑·차박 텐트 안,다정한 커플,파스텔 팝 컬러블록,차콜 그레이,9:16,1080x1920,릴스/스토리,"A premium oversized bean bag sofa (등받이가 높은 1인 라운지형 빈백, 독서·휴식용), 차콜 그레이 fabric color, a cozy couple lounging together, inside a camping tent / car-camping setup, lantern light, pastel pop color-block background, playful graphic style, Korean home aesthetic, photorealistic, high-end interior photography, soft natural shadows, 8k, advertising quality, leave clean negative space at the top for a text overlay","logo, brand text, watermark, deformed limbs, extra fingers, low quality, blurry text, distorted face, cluttered, oversaturated, plastic look, duplicate furniture, broken perspective",pending,
yg_0449,맥스,Max,humor_relatable,유머·공감,결국 가족 모두가 노리는 자리,펜션·풀빌라 거실,다정한 커플,다크 무드 라이팅,테라코타,1:1,1080x1080,피드 정방,"A premium oversized bean bag sofa (6피트 풀사이즈 빈백 소파, 1인이 완전히 누울 수 있는 길이), 테라코타 fabric color, a cozy couple lounging together, vacation pension living room, premium resort vibe, dark moody lighting with a single warm light source, Korean home aesthetic, photorealistic, high-end interior photography, soft natural shadows, 8k, advertising quality, leave clean negative space at the top for a text overlay","logo, brand text, watermark, deformed limbs, extra fingers, low quality, blurry text, distorted face, cluttered, oversaturated, plastic look, duplicate furniture, broken perspective",pending,
yg_0450,미디,Midi,transformation,변신·다용도,하나로 거실 전체를 바꾸는 법,감성 카페 라운지,친구들 홈파티,다크 무드 라이팅,차콜 그레이,4:5,1080x1350,피드 세로,"A premium oversized bean bag sofa (맥스의 컴팩트 버전, 청소년·소형 공간용 중형 빈백), 차콜 그레이 fabric color, a few friends hanging out, casual home party, trendy cafe lounge interior, warm wood tones, dark moody lighting with a single warm light source, Korean home aesthetic, photorealistic, high-end interior photography, soft natural shadows, 8k, advertising quality, leave clean negative space at the top for a text overlay","logo, brand text, watermark, deformed limbs, extra fingers, low quality, blurry text, distorted face, cluttered, oversaturated, plastic look, duplicate furniture, broken perspective",pending,
yg_0451,미디,Midi,asmr_sensory,감각·ASMR,무중력으로 가라앉는 30초,감성 카페 라운지,제품 단독(인물 없음),미니멀 제품 히어로,머스타드 옐로,9:16,1080x1920,릴스/스토리,"A premium oversized bean bag sofa (맥스의 컴팩트 버전, 청소년·소형 공간용 중형 빈백), 머스타드 옐로 fabric color, trendy cafe lounge interior, warm wood tones, minimal product hero shot, soft gradient backdrop, studio light, Korean home aesthetic, photorealistic, high-end interior photography, soft natural shadows, 8k, advertising quality, leave clean negative space at the top for a text overlay","logo, brand text, watermark, deformed limbs, extra fingers, low quality, blurry text, distorted face, cluttered, oversaturated, plastic look, duplicate furniture, broken perspective",pending,
yg_0452,미디,Midi,problem_agitate,문제 자극,"비싼 소파, 커버는 왜 못 빨까?",서재 책장 앞,친구들 홈파티,라이프스타일 와이드,라벤더,1:1,1080x1080,피드 정방,"A premium oversized bean bag sofa (맥스의 컴팩트 버전, 청소년·소형 공간용 중형 빈백), 라벤더 fabric color, a few friends hanging out, casual home party, home library nook in front of bookshelves, wide lifestyle editorial shot, natural light, lived-in feel, Korean home aesthetic, photorealistic, high-end interior photography, soft natural shadows, 8k, advertising quality, leave clean negative space at the top for a text overlay","logo, brand text, watermark, deformed limbs, extra fingers, low quality, blurry text, distorted face, cluttered, oversaturated, plastic look, duplicate furniture, broken perspective",pending,
yg_0453,라운저,Lounger,price_value,가치·합리화,"10년 쓰는 소파, 커버만 갈면 새것",햇살 드는 거실 창가,친구들 홈파티,스플릿 비교 컷,라벤더,1:1,1080x1080,피드 정방,"A premium oversized bean bag sofa (등받이가 높은 1인 라운지형 빈백, 독서·휴식용), 라벤더 fabric color, a few friends hanging out, casual home party, sunlit living room by a large window, soft daylight, split-screen before/after comparison layout, Korean home aesthetic, photorealistic, high-end interior photography, soft natural shadows, 8k, advertising quality, leave clean negative space at the top for a text overlay","logo, brand text, watermark, deformed limbs, extra fingers, low quality, blurry text, distorted face, cluttered, oversaturated, plastic look, duplicate furniture, broken perspective",pending,
yg_0454,키즈,Kids,problem_agitate,문제 자극,소파에서 자고 일어나면 허리 아픈 당신에게,한강 피크닉 잔디,책 읽는 학생,스플릿 비교 컷,테라코타,9:16,1080x1920,릴스/스토리,"A premium oversized bean bag sofa (유아·아동 안전 인증 소형 빈백, 밝은 컬러), 테라코타 fabric color, a student reading a book, Hangang river park lawn picnic, outdoor daytime, split-screen before/after comparison layout, Korean home aesthetic, photorealistic, high-end interior photography, soft natural shadows, 8k, advertising quality, leave clean negative space at the top for a text overlay","logo, brand text, watermark, deformed limbs, extra fingers, low quality, blurry text, distorted face, cluttered, oversaturated, plastic look, duplicate furniture, broken perspective",pending,
yg_0455,서포트,Support,asmr_sensory,감각·ASMR,"오늘 밤, 여기로 사라지고 싶다",게이밍 셋업 방,낮잠 자는 사람,파스텔 팝 컬러블록,차콜 그레이,9:16,1080x1920,릴스/스토리,"A premium oversized bean bag sofa (U자형 받침 쿠션, 빈백과 결합해 리클라이너로 변신), 차콜 그레이 fabric color, a person napping, eyes closed, blissful, gaming room with RGB lights and a desk setup, pastel pop color-block background, playful graphic style, Korean home aesthetic, photorealistic, high-end interior photography, soft natural shadows, 8k, advertising quality, leave clean negative space at the top for a text overlay","logo, brand text, watermark, deformed limbs, extra fingers, low quality, blurry text, distorted face, cluttered, oversaturated, plastic look, duplicate furniture, broken perspective",pending,
yg_0456,맥스,Max,social_proof,사회적 증거,한 번 산 사람은 색깔만 늘린다,발코니·테라스,다정한 커플,미니멀 제품 히어로,머스타드 옐로,9:16,1080x1920,릴스/스토리,"A premium oversized bean bag sofa (6피트 풀사이즈 빈백 소파, 1인이 완전히 누울 수 있는 길이), 머스타드 옐로 fabric color, a cozy couple lounging together, apartment balcony with plants and city view, minimal product hero shot, soft gradient backdrop, studio light, Korean home aesthetic, photorealistic, high-end interior photography, soft natural shadows, 8k, advertising quality, leave clean negative space at the top for a text overlay","logo, brand text, watermark, deformed limbs, extra fingers, low quality, blurry text, distorted face, cluttered, oversaturated, plastic look, duplicate furniture, broken perspective",pending,
yg_0457,펫,Pet,season_hook,시즌·타이밍,"장마철, 집이 가장 좋아지는 이유",무드등 켜진 밤 침실,낮잠 자는 사람,라이프스타일 와이드,오트밀 화이트,4:5,1080x1350,피드 세로,"A premium oversized bean bag sofa (방수·항균·발톱 저항 커버의 반려동물용 빈백), 오트밀 화이트 fabric color, a person napping, eyes closed, blissful, dim bedroom at night with warm mood lighting, wide lifestyle editorial shot, natural light, lived-in feel, Korean home aesthetic, photorealistic, high-end interior photography, soft natural shadows, 8k, advertising quality, leave clean negative space at the top for a text overlay","logo, brand text, watermark, deformed limbs, extra fingers, low quality, blurry text, distorted face, cluttered, oversaturated, plastic look, duplicate furniture, broken perspective",pending,
yg_0458,맥스,Max,fomo_scarcity,FOMO·희소성,"올여름 품절 1순위, 미리 보세요",게이밍 셋업 방,20대 1인 가구 여성,초근접 텍스처 클로즈업,라벤더,4:5,1080x1350,피드 세로,"A premium oversized bean bag sofa (6피트 풀사이즈 빈백 소파, 1인이 완전히 누울 수 있는 길이), 라벤더 fabric color, a young woman in her 20s living alone, relaxed, gaming room with RGB lights and a desk setup, extreme macro close-up of plush fabric texture, shallow depth of field, Korean home aesthetic, photorealistic, high-end interior photography, soft natural shadows, 8k, advertising quality, leave clean negative space at the top for a text overlay","logo, brand text, watermark, deformed limbs, extra fingers, low quality, blurry text, distorted face, cluttered, oversaturated, plastic look, duplicate furniture, broken perspective",pending,
yg_0459,키즈,Kids,transformation,변신·다용도,"소파였다가, 침대였다가, 의자였다가",캠핑·차박 텐트 안,제품 단독(인물 없음),미니멀 제품 히어로,라벤더,9:16,1080x1920,릴스/스토리,"A premium oversized bean bag sofa (유아·아동 안전 인증 소형 빈백, 밝은 컬러), 라벤더 fabric color, inside a camping tent / car-camping setup, lantern light, minimal product hero shot, soft gradient backdrop, studio light, Korean home aesthetic, photorealistic, high-end interior photography, soft natural shadows, 8k, advertising quality, leave clean negative space at the top for a text overlay","logo, brand text, watermark, deformed limbs, extra fingers, low quality, blurry text, distorted face, cluttered, oversaturated, plastic look, duplicate furniture, broken perspective",pending,
yg_0460,미디,Midi,fomo_scarcity,FOMO·희소성,지금 안 보면 다음은 내년,아늑한 원룸,게이머 청년,라이프스타일 와이드,테라코타,4:5,1080x1350,피드 세로,"A premium oversized bean bag sofa (맥스의 컴팩트 버전, 청소년·소형 공간용 중형 빈백), 테라코타 fabric color, a young gamer with a controller, cozy compact studio apartment, minimal Korean interior, wide lifestyle editorial shot, natural light, lived-in feel, Korean home aesthetic, photorealistic, high-end interior photography, soft natural shadows, 8k, advertising quality, leave clean negative space at the top for a text overlay","logo, brand text, watermark, deformed limbs, extra fingers, low quality, blurry text, distorted face, cluttered, oversaturated, plastic look, duplicate furniture, broken perspective",pending,
yg_0461,펫,Pet,social_proof,사회적 증거,"리뷰 10,000개가 말하는 그 소파",캠핑·차박 텐트 안,반려묘와 함께,파스텔 팝 컬러블록,올리브 그린,9:16,1080x1920,릴스/스토리,"A premium oversized bean bag sofa (방수·항균·발톱 저항 커버의 반려동물용 빈백), 올리브 그린 fabric color, a person with a cat curled up nearby, inside a camping tent / car-camping setup, lantern light, pastel pop color-block background, playful graphic style, Korean home aesthetic, photorealistic, high-end interior photography, soft natural shadows, 8k, advertising quality, leave clean negative space at the top for a text overlay","logo, brand text, watermark, deformed limbs, extra fingers, low quality, blurry text, distorted face, cluttered, oversaturated, plastic look, duplicate furniture, broken perspective",pending,
yg_0462,팟엑스,Pod X,curiosity_gap,호기심 갭,"이 소파, 3초만 앉으면 못 일어나는 이유",게이밍 셋업 방,재택근무 직장인,미니멀 제품 히어로,코발트 블루,1:1,1080x1080,피드 정방,"A premium oversized bean bag sofa (확장형 듀얼 라이너 빈백, 몸 굴곡에 반응하는 분절 패널), 코발트 블루 fabric color, a remote worker taking a break, gaming room with RGB lights and a desk setup, minimal product hero shot, soft gradient backdrop, studio light, Korean home aesthetic, photorealistic, high-end interior photography, soft natural shadows, 8k, advertising quality, leave clean negative space at the top for a text overlay","logo, brand text, watermark, deformed limbs, extra fingers, low quality, blurry text, distorted face, cluttered, oversaturated, plastic look, duplicate furniture, broken perspective",pending,
yg_0463,더블,Double,fomo_scarcity,FOMO·희소성,한정 컬러 — 재입고 없음,펜션·풀빌라 거실,제품 단독(인물 없음),파스텔 팝 컬러블록,차콜 그레이,4:5,1080x1350,피드 세로,"A premium oversized bean bag sofa (맥스 2배 폭의 초대형 빈백, 커플·가족용 침대 겸용), 차콜 그레이 fabric color, vacation pension living room, premium resort vibe, pastel pop color-block background, playful graphic style, Korean home aesthetic, photorealistic, high-end interior photography, soft natural shadows, 8k, advertising quality, leave clean negative space at the top for a text overlay","logo, brand text, watermark, deformed limbs, extra fingers, low quality, blurry text, distorted face, cluttered, oversaturated, plastic look, duplicate furniture, broken perspective",pending,
yg_0464,미디,Midi,price_value,가치·합리화,버리는 소파 vs 평생 가는 소파,햇살 드는 거실 창가,다정한 커플,다크 무드 라이팅,라벤더,9:16,1080x1920,릴스/스토리,"A premium oversized bean bag sofa (맥스의 컴팩트 버전, 청소년·소형 공간용 중형 빈백), 라벤더 fabric color, a cozy couple lounging together, sunlit living room by a large window, soft daylight, dark moody lighting with a single warm light source, Korean home aesthetic, photorealistic, high-end interior photography, soft natural shadows, 8k, advertising quality, leave clean negative space at the top for a text overlay","logo, brand text, watermark, deformed limbs, extra fingers, low quality, blurry text, distorted face, cluttered, oversaturated, plastic look, duplicate furniture, broken perspective",pending,
yg_0465,드롭,Drop,before_after,비포·애프터,소파 있을 때 vs 요기보 들인 후,발코니·테라스,다정한 커플,한 손 스케일 비교,차콜 그레이,4:5,1080x1350,피드 세로,"A premium oversized bean bag sofa (물방울 형태의 빈백 스툴, 발받침·보조 좌석용), 차콜 그레이 fabric color, a cozy couple lounging together, apartment balcony with plants and city view, hand or person for scale, emphasizing size and softness, Korean home aesthetic, photorealistic, high-end interior photography, soft natural shadows, 8k, advertising quality, leave clean negative space at the top for a text overlay","logo, brand text, watermark, deformed limbs, extra fingers, low quality, blurry text, distorted face, cluttered, oversaturated, plastic look, duplicate furniture, broken perspective",pending,
yg_0466,피라미드,Pyramid,transformation,변신·다용도,접고 펴고 세우고 — 공간이 살아난다,서재 책장 앞,시니어 부모님,라이프스타일 와이드,오트밀 화이트,1:1,1080x1080,피드 정방,"A premium oversized bean bag sofa (삼각 쿠션형 빈백, 등·허리 받침용 보조 쿠션), 오트밀 화이트 fabric color, an elderly parent resting comfortably, home library nook in front of bookshelves, wide lifestyle editorial shot, natural light, lived-in feel, Korean home aesthetic, photorealistic, high-end interior photography, soft natural shadows, 8k, advertising quality, leave clean negative space at the top for a text overlay","logo, brand text, watermark, deformed limbs, extra fingers, low quality, blurry text, distorted face, cluttered, oversaturated, plastic look, duplicate furniture, broken perspective",pending,
yg_0467,프라임,Prime,pattern_interrupt,패턴 인터럽트,"잠깐, 저 사람 지금 소파 안으로 빨려 들어감",키즈룸,시니어 부모님,골든아워 시네마틱,코발트 블루,1:1,1080x1080,피드 정방,"A premium oversized bean bag sofa (슬림한 등받이형 빈백, 의자처럼 세워 앉기 좋은 형태), 코발트 블루 fabric color, an elderly parent resting comfortably, bright kids room with toys, playful pastel palette, golden hour cinematic lighting, warm glow, film look, Korean home aesthetic, photorealistic, high-end interior photography, soft natural shadows, 8k, advertising quality, leave clean negative space at the top for a text overlay","logo, brand text, watermark, deformed limbs, extra fingers, low quality, blurry text, distorted face, cluttered, oversaturated, plastic look, duplicate furniture, broken perspective",pending,
yg_0468,미니,Mini,social_proof,사회적 증거,한 번 산 사람은 색깔만 늘린다,무드등 켜진 밤 침실,게이머 청년,라이프스타일 와이드,차콜 그레이,4:5,1080x1350,피드 세로,"A premium oversized bean bag sofa (1인용 소형 빈백, 가볍고 어디든 옮기는 컴팩트 사이즈), 차콜 그레이 fabric color, a young gamer with a controller, dim bedroom at night with warm mood lighting, wide lifestyle editorial shot, natural light, lived-in feel, Korean home aesthetic, photorealistic, high-end interior photography, soft natural shadows, 8k, advertising quality, leave clean negative space at the top for a text overlay","logo, brand text, watermark, deformed limbs, extra fingers, low quality, blurry text, distorted face, cluttered, oversaturated, plastic look, duplicate furniture, broken perspective",pending,
yg_0469,키즈,Kids,curiosity_gap,호기심 갭,"이 소파, 3초만 앉으면 못 일어나는 이유",햇살 드는 거실 창가,20대 1인 가구 여성,푹 꺼지는 모션 블러,코발트 블루,9:16,1080x1920,릴스/스토리,"A premium oversized bean bag sofa (유아·아동 안전 인증 소형 빈백, 밝은 컬러), 코발트 블루 fabric color, a young woman in her 20s living alone, relaxed, sunlit living room by a large window, soft daylight, motion-blur of a body sinking into the bean bag, dynamic, Korean home aesthetic, photorealistic, high-end interior photography, soft natural shadows, 8k, advertising quality, leave clean negative space at the top for a text overlay","logo, brand text, watermark, deformed limbs, extra fingers, low quality, blurry text, distorted face, cluttered, oversaturated, plastic look, duplicate furniture, broken perspective",pending,
yg_0470,서포트,Support,before_after,비포·애프터,어제의 허리 vs 오늘의 허리,무드등 켜진 밤 침실,20대 1인 가구 여성,오버헤드 부감,테라코타,9:16,1080x1920,릴스/스토리,"A premium oversized bean bag sofa (U자형 받침 쿠션, 빈백과 결합해 리클라이너로 변신), 테라코타 fabric color, a young woman in her 20s living alone, relaxed, dim bedroom at night with warm mood lighting, high overhead bird's-eye angle looking down, Korean home aesthetic, photorealistic, high-end interior photography, soft natural shadows, 8k, advertising quality, leave clean negative space at the top for a text overlay","logo, brand text, watermark, deformed limbs, extra fingers, low quality, blurry text, distorted face, cluttered, oversaturated, plastic look, duplicate furniture, broken perspective",pending,
yg_0471,팟엑스,Pod X,transformation,변신·다용도,"소파였다가, 침대였다가, 의자였다가",한강 피크닉 잔디,반려견과 집사,스플릿 비교 컷,오트밀 화이트,9:16,1080x1920,릴스/스토리,"A premium oversized bean bag sofa (확장형 듀얼 라이너 빈백, 몸 굴곡에 반응하는 분절 패널), 오트밀 화이트 fabric color, a person with a small dog cuddling, Hangang river park lawn picnic, outdoor daytime, split-screen before/after comparison layout, Korean home aesthetic, photorealistic, high-end interior photography, soft natural shadows, 8k, advertising quality, leave clean negative space at the top for a text overlay","logo, brand text, watermark, deformed limbs, extra fingers, low quality, blurry text, distorted face, cluttered, oversaturated, plastic look, duplicate furniture, broken perspective",pending,
yg_0472,슬림,Slim,aspiration,동경·라이프스타일,"이런 주말, 가져본 적 있나요",펜션·풀빌라 거실,20대 1인 가구 여성,탑다운 플랫레이,라벤더,4:5,1080x1350,피드 세로,"A premium oversized bean bag sofa (좁은 폭의 빈백, 1인 라운지 체어 형태), 라벤더 fabric color, a young woman in her 20s living alone, relaxed, vacation pension living room, premium resort vibe, top-down flat lay composition, neatly arranged, Korean home aesthetic, photorealistic, high-end interior photography, soft natural shadows, 8k, advertising quality, leave clean negative space at the top for a text overlay","logo, brand text, watermark, deformed limbs, extra fingers, low quality, blurry text, distorted face, cluttered, oversaturated, plastic look, duplicate furniture, broken perspective",pending,
yg_0473,서포트,Support,asmr_sensory,감각·ASMR,무중력으로 가라앉는 30초,키즈룸,게이머 청년,스플릿 비교 컷,차콜 그레이,9:16,1080x1920,릴스/스토리,"A premium oversized bean bag sofa (U자형 받침 쿠션, 빈백과 결합해 리클라이너로 변신), 차콜 그레이 fabric color, a young gamer with a controller, bright kids room with toys, playful pastel palette, split-screen before/after comparison layout, Korean home aesthetic, photorealistic, high-end interior photography, soft natural shadows, 8k, advertising quality, leave clean negative space at the top for a text overlay","logo, brand text, watermark, deformed limbs, extra fingers, low quality, blurry text, distorted face, cluttered, oversaturated, plastic look, duplicate furniture, broken perspective",pending,
yg_0474,플로어,Floor,curiosity_gap,호기심 갭,이게 소파라고? 끝까지 보면 놀람,발코니·테라스,아이와 부모 가족,스플릿 비교 컷,올리브 그린,1:1,1080x1080,피드 정방,"A premium oversized bean bag sofa (좌식 문화 맞춤 초저높이 빈백), 올리브 그린 fabric color, a parent and a child playing, apartment balcony with plants and city view, split-screen before/after comparison layout, Korean home aesthetic, photorealistic, high-end interior photography, soft natural shadows, 8k, advertising quality, leave clean negative space at the top for a text overlay","logo, brand text, watermark, deformed limbs, extra fingers, low quality, blurry text, distorted face, cluttered, oversaturated, plastic look, duplicate furniture, broken perspective",pending,
yg_0475,팟엑스,Pod X,pattern_interrupt,패턴 인터럽트,이 자세 실화냐,발코니·테라스,반려묘와 함께,다크 무드 라이팅,라벤더,4:5,1080x1350,피드 세로,"A premium oversized bean bag sofa (확장형 듀얼 라이너 빈백, 몸 굴곡에 반응하는 분절 패널), 라벤더 fabric color, a person with a cat curled up nearby, apartment balcony with plants and city view, dark moody lighting with a single warm light source, Korean home aesthetic, photorealistic, high-end interior photography, soft natural shadows, 8k, advertising quality, leave clean negative space at the top for a text overlay","logo, brand text, watermark, deformed limbs, extra fingers, low quality, blurry text, distorted face, cluttered, oversaturated, plastic look, duplicate furniture, broken perspective",pending,
yg_0476,미디,Midi,curiosity_gap,호기심 갭,이게 소파라고? 끝까지 보면 놀람,캠핑·차박 텐트 안,20대 1인 가구 여성,푹 꺼지는 모션 블러,더스티 핑크,1:1,1080x1080,피드 정방,"A premium oversized bean bag sofa (맥스의 컴팩트 버전, 청소년·소형 공간용 중형 빈백), 더스티 핑크 fabric color, a young woman in her 20s living alone, relaxed, inside a camping tent / car-camping setup, lantern light, motion-blur of a body sinking into the bean bag, dynamic, Korean home aesthetic, photorealistic, high-end interior photography, soft natural shadows, 8k, advertising quality, leave clean negative space at the top for a text overlay","logo, brand text, watermark, deformed limbs, extra fingers, low quality, blurry text, distorted face, cluttered, oversaturated, plastic look, duplicate furniture, broken perspective",pending,
yg_0477,맥스,Max,social_proof,사회적 증거,1인 가구가 가장 많이 산 가구 1위,햇살 드는 거실 창가,친구들 홈파티,미니멀 제품 히어로,차콜 그레이,4:5,1080x1350,피드 세로,"A premium oversized bean bag sofa (6피트 풀사이즈 빈백 소파, 1인이 완전히 누울 수 있는 길이), 차콜 그레이 fabric color, a few friends hanging out, casual home party, sunlit living room by a large window, soft daylight, minimal product hero shot, soft gradient backdrop, studio light, Korean home aesthetic, photorealistic, high-end interior photography, soft natural shadows, 8k, advertising quality, leave clean negative space at the top for a text overlay","logo, brand text, watermark, deformed limbs, extra fingers, low quality, blurry text, distorted face, cluttered, oversaturated, plastic look, duplicate furniture, broken perspective",pending,
yg_0478,키즈,Kids,problem_agitate,문제 자극,"비싼 소파, 커버는 왜 못 빨까?",캠핑·차박 텐트 안,낮잠 자는 사람,초근접 텍스처 클로즈업,올리브 그린,4:5,1080x1350,피드 세로,"A premium oversized bean bag sofa (유아·아동 안전 인증 소형 빈백, 밝은 컬러), 올리브 그린 fabric color, a person napping, eyes closed, blissful, inside a camping tent / car-camping setup, lantern light, extreme macro close-up of plush fabric texture, shallow depth of field, Korean home aesthetic, photorealistic, high-end interior photography, soft natural shadows, 8k, advertising quality, leave clean negative space at the top for a text overlay","logo, brand text, watermark, deformed limbs, extra fingers, low quality, blurry text, distorted face, cluttered, oversaturated, plastic look, duplicate furniture, broken perspective",pending,
yg_0479,더블,Double,problem_agitate,문제 자극,반려견이 소파를 다 뜯어놨다면,겨울 러그 깔린 마루,시니어 부모님,미니멀 제품 히어로,코발트 블루,4:5,1080x1350,피드 세로,"A premium oversized bean bag sofa (맥스 2배 폭의 초대형 빈백, 커플·가족용 침대 겸용), 코발트 블루 fabric color, an elderly parent resting comfortably, winter living room with rug, cozy ondol floor warmth, minimal product hero shot, soft gradient backdrop, studio light, Korean home aesthetic, photorealistic, high-end interior photography, soft natural shadows, 8k, advertising quality, leave clean negative space at the top for a text overlay","logo, brand text, watermark, deformed limbs, extra fingers, low quality, blurry text, distorted face, cluttered, oversaturated, plastic look, duplicate furniture, broken perspective",pending,
yg_0480,슬림,Slim,aspiration,동경·라이프스타일,내가 꿈꾸던 거실은 이런 거였어,무드등 켜진 밤 침실,친구들 홈파티,미니멀 제품 히어로,오트밀 화이트,1:1,1080x1080,피드 정방,"A premium oversized bean bag sofa (좁은 폭의 빈백, 1인 라운지 체어 형태), 오트밀 화이트 fabric color, a few friends hanging out, casual home party, dim bedroom at night with warm mood lighting, minimal product hero shot, soft gradient backdrop, studio light, Korean home aesthetic, photorealistic, high-end interior photography, soft natural shadows, 8k, advertising quality, leave clean negative space at the top for a text overlay","logo, brand text, watermark, deformed limbs, extra fingers, low quality, blurry text, distorted face, cluttered, oversaturated, plastic look, duplicate furniture, broken perspective",pending,
yg_0481,더블,Double,transformation,변신·다용도,접고 펴고 세우고 — 공간이 살아난다,펜션·풀빌라 거실,다정한 커플,푹 꺼지는 모션 블러,올리브 그린,9:16,1080x1920,릴스/스토리,"A premium oversized bean bag sofa (맥스 2배 폭의 초대형 빈백, 커플·가족용 침대 겸용), 올리브 그린 fabric color, a cozy couple lounging together, vacation pension living room, premium resort vibe, motion-blur of a body sinking into the bean bag, dynamic, Korean home aesthetic, photorealistic, high-end interior photography, soft natural shadows, 8k, advertising quality, leave clean negative space at the top for a text overlay","logo, brand text, watermark, deformed limbs, extra fingers, low quality, blurry text, distorted face, cluttered, oversaturated, plastic look, duplicate furniture, broken perspective",pending,
yg_0482,서포트,Support,price_value,가치·합리화,버리는 소파 vs 평생 가는 소파,겨울 러그 깔린 마루,제품 단독(인물 없음),골든아워 시네마틱,코발트 블루,4:5,1080x1350,피드 세로,"A premium oversized bean bag sofa (U자형 받침 쿠션, 빈백과 결합해 리클라이너로 변신), 코발트 블루 fabric color, winter living room with rug, cozy ondol floor warmth, golden hour cinematic lighting, warm glow, film look, Korean home aesthetic, photorealistic, high-end interior photography, soft natural shadows, 8k, advertising quality, leave clean negative space at the top for a text overlay","logo, brand text, watermark, deformed limbs, extra fingers, low quality, blurry text, distorted face, cluttered, oversaturated, plastic look, duplicate furniture, broken perspective",pending,
yg_0483,팟엑스,Pod X,asmr_sensory,감각·ASMR,푹— 몸이 그대로 녹아드는 소리,게이밍 셋업 방,다정한 커플,로우앵글 임팩트,크림 베이지,4:5,1080x1350,피드 세로,"A premium oversized bean bag sofa (확장형 듀얼 라이너 빈백, 몸 굴곡에 반응하는 분절 패널), 크림 베이지 fabric color, a cozy couple lounging together, gaming room with RGB lights and a desk setup, dramatic low angle, product looks grand and inviting, Korean home aesthetic, photorealistic, high-end interior photography, soft natural shadows, 8k, advertising quality, leave clean negative space at the top for a text overlay","logo, brand text, watermark, deformed limbs, extra fingers, low quality, blurry text, distorted face, cluttered, oversaturated, plastic look, duplicate furniture, broken perspective",pending,
yg_0484,미니,Mini,pattern_interrupt,패턴 인터럽트,"잠깐, 저 사람 지금 소파 안으로 빨려 들어감",키즈룸,반려견과 집사,미니멀 제품 히어로,라벤더,9:16,1080x1920,릴스/스토리,"A premium oversized bean bag sofa (1인용 소형 빈백, 가볍고 어디든 옮기는 컴팩트 사이즈), 라벤더 fabric color, a person with a small dog cuddling, bright kids room with toys, playful pastel palette, minimal product hero shot, soft gradient backdrop, studio light, Korean home aesthetic, photorealistic, high-end interior photography, soft natural shadows, 8k, advertising quality, leave clean negative space at the top for a text overlay","logo, brand text, watermark, deformed limbs, extra fingers, low quality, blurry text, distorted face, cluttered, oversaturated, plastic look, duplicate furniture, broken perspective",pending,
yg_0485,팟,Pod,pattern_interrupt,패턴 인터럽트,"잠깐, 저 사람 지금 소파 안으로 빨려 들어감",서재 책장 앞,낮잠 자는 사람,스플릿 비교 컷,차콜 그레이,4:5,1080x1350,피드 세로,"A premium oversized bean bag sofa (둥근 1인 의자형 빈백, 감싸는 듯한 곡선 실루엣), 차콜 그레이 fabric color, a person napping, eyes closed, blissful, home library nook in front of bookshelves, split-screen before/after comparison layout, Korean home aesthetic, photorealistic, high-end interior photography, soft natural shadows, 8k, advertising quality, leave clean negative space at the top for a text overlay","logo, brand text, watermark, deformed limbs, extra fingers, low quality, blurry text, distorted face, cluttered, oversaturated, plastic look, duplicate furniture, broken perspective",pending,
yg_0486,라운저,Lounger,price_value,가치·합리화,"10년 쓰는 소파, 커버만 갈면 새것",한강 피크닉 잔디,반려묘와 함께,초근접 텍스처 클로즈업,더스티 핑크,4:5,1080x1350,피드 세로,"A premium oversized bean bag sofa (등받이가 높은 1인 라운지형 빈백, 독서·휴식용), 더스티 핑크 fabric color, a person with a cat curled up nearby, Hangang river park lawn picnic, outdoor daytime, extreme macro close-up of plush fabric texture, shallow depth of field, Korean home aesthetic, photorealistic, high-end interior photography, soft natural shadows, 8k, advertising quality, leave clean negative space at the top for a text overlay","logo, brand text, watermark, deformed limbs, extra fingers, low quality, blurry text, distorted face, cluttered, oversaturated, plastic look, duplicate furniture, broken perspective",pending,
yg_0487,프라임,Prime,price_value,가치·합리화,한 번 사면 왜 안 바꾸는지 알게 됨,게이밍 셋업 방,반려견과 집사,미니멀 제품 히어로,딥 네이비,1:1,1080x1080,피드 정방,"A premium oversized bean bag sofa (슬림한 등받이형 빈백, 의자처럼 세워 앉기 좋은 형태), 딥 네이비 fabric color, a person with a small dog cuddling, gaming room with RGB lights and a desk setup, minimal product hero shot, soft gradient backdrop, studio light, Korean home aesthetic, photorealistic, high-end interior photography, soft natural shadows, 8k, advertising quality, leave clean negative space at the top for a text overlay","logo, brand text, watermark, deformed limbs, extra fingers, low quality, blurry text, distorted face, cluttered, oversaturated, plastic look, duplicate furniture, broken perspective",pending,
yg_0488,라운저,Lounger,fomo_scarcity,FOMO·희소성,"올여름 품절 1순위, 미리 보세요",겨울 러그 깔린 마루,다정한 커플,초근접 텍스처 클로즈업,코발트 블루,9:16,1080x1920,릴스/스토리,"A premium oversized bean bag sofa (등받이가 높은 1인 라운지형 빈백, 독서·휴식용), 코발트 블루 fabric color, a cozy couple lounging together, winter living room with rug, cozy ondol floor warmth, extreme macro close-up of plush fabric texture, shallow depth of field, Korean home aesthetic, photorealistic, high-end interior photography, soft natural shadows, 8k, advertising quality, leave clean negative space at the top for a text overlay","logo, brand text, watermark, deformed limbs, extra fingers, low quality, blurry text, distorted face, cluttered, oversaturated, plastic look, duplicate furniture, broken perspective",pending,
yg_0489,펫,Pet,problem_agitate,문제 자극,"비싼 소파, 커버는 왜 못 빨까?",아늑한 원룸,낮잠 자는 사람,라이프스타일 와이드,차콜 그레이,4:5,1080x1350,피드 세로,"A premium oversized bean bag sofa (방수·항균·발톱 저항 커버의 반려동물용 빈백), 차콜 그레이 fabric color, a person napping, eyes closed, blissful, cozy compact studio apartment, minimal Korean interior, wide lifestyle editorial shot, natural light, lived-in feel, Korean home aesthetic, photorealistic, high-end interior photography, soft natural shadows, 8k, advertising quality, leave clean negative space at the top for a text overlay","logo, brand text, watermark, deformed limbs, extra fingers, low quality, blurry text, distorted face, cluttered, oversaturated, plastic look, duplicate furniture, broken perspective",pending,
yg_0490,더블,Double,problem_agitate,문제 자극,반려견이 소파를 다 뜯어놨다면,무드등 켜진 밤 침실,아이와 부모 가족,미니멀 제품 히어로,차콜 그레이,1:1,1080x1080,피드 정방,"A premium oversized bean bag sofa (맥스 2배 폭의 초대형 빈백, 커플·가족용 침대 겸용), 차콜 그레이 fabric color, a parent and a child playing, dim bedroom at night with warm mood lighting, minimal product hero shot, soft gradient backdrop, studio light, Korean home aesthetic, photorealistic, high-end interior photography, soft natural shadows, 8k, advertising quality, leave clean negative space at the top for a text overlay","logo, brand text, watermark, deformed limbs, extra fingers, low quality, blurry text, distorted face, cluttered, oversaturated, plastic look, duplicate furniture, broken perspective",pending,
yg_0491,드롭,Drop,asmr_sensory,감각·ASMR,손이 닿는 순간 멈추는 마법의 촉감,햇살 드는 거실 창가,재택근무 직장인,푹 꺼지는 모션 블러,크림 베이지,4:5,1080x1350,피드 세로,"A premium oversized bean bag sofa (물방울 형태의 빈백 스툴, 발받침·보조 좌석용), 크림 베이지 fabric color, a remote worker taking a break, sunlit living room by a large window, soft daylight, motion-blur of a body sinking into the bean bag, dynamic, Korean home aesthetic, photorealistic, high-end interior photography, soft natural shadows, 8k, advertising quality, leave clean negative space at the top for a text overlay","logo, brand text, watermark, deformed limbs, extra fingers, low quality, blurry text, distorted face, cluttered, oversaturated, plastic look, duplicate furniture, broken perspective",pending,
yg_0492,피라미드,Pyramid,asmr_sensory,감각·ASMR,"이 촉감, 화면으로도 느껴지나요?",햇살 드는 거실 창가,낮잠 자는 사람,초근접 텍스처 클로즈업,오트밀 화이트,9:16,1080x1920,릴스/스토리,"A premium oversized bean bag sofa (삼각 쿠션형 빈백, 등·허리 받침용 보조 쿠션), 오트밀 화이트 fabric color, a person napping, eyes closed, blissful, sunlit living room by a large window, soft daylight, extreme macro close-up of plush fabric texture, shallow depth of field, Korean home aesthetic, photorealistic, high-end interior photography, soft natural shadows, 8k, advertising quality, leave clean negative space at the top for a text overlay","logo, brand text, watermark, deformed limbs, extra fingers, low quality, blurry text, distorted face, cluttered, oversaturated, plastic look, duplicate furniture, broken perspective",pending,
yg_0493,서포트,Support,pattern_interrupt,패턴 인터럽트,이런 식으로 앉는 거 처음 봄,햇살 드는 거실 창가,책 읽는 학생,파스텔 팝 컬러블록,크림 베이지,9:16,1080x1920,릴스/스토리,"A premium oversized bean bag sofa (U자형 받침 쿠션, 빈백과 결합해 리클라이너로 변신), 크림 베이지 fabric color, a student reading a book, sunlit living room by a large window, soft daylight, pastel pop color-block background, playful graphic style, Korean home aesthetic, photorealistic, high-end interior photography, soft natural shadows, 8k, advertising quality, leave clean negative space at the top for a text overlay","logo, brand text, watermark, deformed limbs, extra fingers, low quality, blurry text, distorted face, cluttered, oversaturated, plastic look, duplicate furniture, broken perspective",pending,
yg_0494,팟,Pod,before_after,비포·애프터,퇴근 전 vs 퇴근 후 내 모습,서재 책장 앞,게이머 청년,다크 무드 라이팅,딥 네이비,1:1,1080x1080,피드 정방,"A premium oversized bean bag sofa (둥근 1인 의자형 빈백, 감싸는 듯한 곡선 실루엣), 딥 네이비 fabric color, a young gamer with a controller, home library nook in front of bookshelves, dark moody lighting with a single warm light source, Korean home aesthetic, photorealistic, high-end interior photography, soft natural shadows, 8k, advertising quality, leave clean negative space at the top for a text overlay","logo, brand text, watermark, deformed limbs, extra fingers, low quality, blurry text, distorted face, cluttered, oversaturated, plastic look, duplicate furniture, broken perspective",pending,
yg_0495,팟엑스,Pod X,season_hook,시즌·타이밍,"이사 시즌, 소파 대신 이것",서재 책장 앞,낮잠 자는 사람,미니멀 제품 히어로,코발트 블루,4:5,1080x1350,피드 세로,"A premium oversized bean bag sofa (확장형 듀얼 라이너 빈백, 몸 굴곡에 반응하는 분절 패널), 코발트 블루 fabric color, a person napping, eyes closed, blissful, home library nook in front of bookshelves, minimal product hero shot, soft gradient backdrop, studio light, Korean home aesthetic, photorealistic, high-end interior photography, soft natural shadows, 8k, advertising quality, leave clean negative space at the top for a text overlay","logo, brand text, watermark, deformed limbs, extra fingers, low quality, blurry text, distorted face, cluttered, oversaturated, plastic look, duplicate furniture, broken perspective",pending,
yg_0496,프라임,Prime,fomo_scarcity,FOMO·희소성,한정 컬러 — 재입고 없음,캠핑·차박 텐트 안,다정한 커플,미니멀 제품 히어로,라벤더,4:5,1080x1350,피드 세로,"A premium oversized bean bag sofa (슬림한 등받이형 빈백, 의자처럼 세워 앉기 좋은 형태), 라벤더 fabric color, a cozy couple lounging together, inside a camping tent / car-camping setup, lantern light, minimal product hero shot, soft gradient backdrop, studio light, Korean home aesthetic, photorealistic, high-end interior photography, soft natural shadows, 8k, advertising quality, leave clean negative space at the top for a text overlay","logo, brand text, watermark, deformed limbs, extra fingers, low quality, blurry text, distorted face, cluttered, oversaturated, plastic look, duplicate furniture, broken perspective",pending,
yg_0497,펫,Pet,curiosity_gap,호기심 갭,사람을 망치는 소파가 있다는데…,캠핑·차박 텐트 안,제품 단독(인물 없음),골든아워 시네마틱,라벤더,9:16,1080x1920,릴스/스토리,"A premium oversized bean bag sofa (방수·항균·발톱 저항 커버의 반려동물용 빈백), 라벤더 fabric color, inside a camping tent / car-camping setup, lantern light, golden hour cinematic lighting, warm glow, film look, Korean home aesthetic, photorealistic, high-end interior photography, soft natural shadows, 8k, advertising quality, leave clean negative space at the top for a text overlay","logo, brand text, watermark, deformed limbs, extra fingers, low quality, blurry text, distorted face, cluttered, oversaturated, plastic look, duplicate furniture, broken perspective",pending,
yg_0498,허기보,Hugibo,humor_relatable,유머·공감,결국 가족 모두가 노리는 자리,재택 홈오피스,반려견과 집사,미니멀 제품 히어로,크림 베이지,4:5,1080x1350,피드 세로,"A premium oversized bean bag sofa (끌어안는 바디필로우형 빈백, 수면·포옹감 강조), 크림 베이지 fabric color, a person with a small dog cuddling, work-from-home office corner, laptop on a low table, minimal product hero shot, soft gradient backdrop, studio light, Korean home aesthetic, photorealistic, high-end interior photography, soft natural shadows, 8k, advertising quality, leave clean negative space at the top for a text overlay","logo, brand text, watermark, deformed limbs, extra fingers, low quality, blurry text, distorted face, cluttered, oversaturated, plastic look, duplicate furniture, broken perspective",pending,
yg_0499,피라미드,Pyramid,humor_relatable,유머·공감,주말의 나: 요기보와 한 몸,게이밍 셋업 방,20대 1인 가구 여성,스플릿 비교 컷,코발트 블루,9:16,1080x1920,릴스/스토리,"A premium oversized bean bag sofa (삼각 쿠션형 빈백, 등·허리 받침용 보조 쿠션), 코발트 블루 fabric color, a young woman in her 20s living alone, relaxed, gaming room with RGB lights and a desk setup, split-screen before/after comparison layout, Korean home aesthetic, photorealistic, high-end interior photography, soft natural shadows, 8k, advertising quality, leave clean negative space at the top for a text overlay","logo, brand text, watermark, deformed limbs, extra fingers, low quality, blurry text, distorted face, cluttered, oversaturated, plastic look, duplicate furniture, broken perspective",pending,
yg_0500,허기보,Hugibo,humor_relatable,유머·공감,약속 취소되자마자 향한 곳,게이밍 셋업 방,다정한 커플,라이프스타일 와이드,테라코타,4:5,1080x1350,피드 세로,"A premium oversized bean bag sofa (끌어안는 바디필로우형 빈백, 수면·포옹감 강조), 테라코타 fabric color, a cozy couple lounging together, gaming room with RGB lights and a desk setup, wide lifestyle editorial shot, natural light, lived-in feel, Korean home aesthetic, photorealistic, high-end interior photography, soft natural shadows, 8k, advertising quality, leave clean negative space at the top for a text overlay","logo, brand text, watermark, deformed limbs, extra fingers, low quality, blurry text, distorted face, cluttered, oversaturated, plastic look, duplicate furniture, broken perspective",pending,
yg_0501,펫,Pet,price_value,가치·합리화,비싸 보이지만 1평도 안 차지,햇살 드는 거실 창가,아이와 부모 가족,로우앵글 임팩트,더스티 핑크,4:5,1080x1350,피드 세로,"A premium oversized bean bag sofa (방수·항균·발톱 저항 커버의 반려동물용 빈백), 더스티 핑크 fabric color, a parent and a child playing, sunlit living room by a large window, soft daylight, dramatic low angle, product looks grand and inviting, Korean home aesthetic, photorealistic, high-end interior photography, soft natural shadows, 8k, advertising quality, leave clean negative space at the top for a text overlay","logo, brand text, watermark, deformed limbs, extra fingers, low quality, blurry text, distorted face, cluttered, oversaturated, plastic look, duplicate furniture, broken perspective",pending,
yg_0502,미니,Mini,problem_agitate,문제 자극,반려견이 소파를 다 뜯어놨다면,감성 카페 라운지,반려견과 집사,한 손 스케일 비교,오트밀 화이트,4:5,1080x1350,피드 세로,"A premium oversized bean bag sofa (1인용 소형 빈백, 가볍고 어디든 옮기는 컴팩트 사이즈), 오트밀 화이트 fabric color, a person with a small dog cuddling, trendy cafe lounge interior, warm wood tones, hand or person for scale, emphasizing size and softness, Korean home aesthetic, photorealistic, high-end interior photography, soft natural shadows, 8k, advertising quality, leave clean negative space at the top for a text overlay","logo, brand text, watermark, deformed limbs, extra fingers, low quality, blurry text, distorted face, cluttered, oversaturated, plastic look, duplicate furniture, broken perspective",pending,
yg_0503,허기보,Hugibo,humor_relatable,유머·공감,약속 취소되자마자 향한 곳,감성 카페 라운지,다정한 커플,로우앵글 임팩트,코발트 블루,9:16,1080x1920,릴스/스토리,"A premium oversized bean bag sofa (끌어안는 바디필로우형 빈백, 수면·포옹감 강조), 코발트 블루 fabric color, a cozy couple lounging together, trendy cafe lounge interior, warm wood tones, dramatic low angle, product looks grand and inviting, Korean home aesthetic, photorealistic, high-end interior photography, soft natural shadows, 8k, advertising quality, leave clean negative space at the top for a text overlay","logo, brand text, watermark, deformed limbs, extra fingers, low quality, blurry text, distorted face, cluttered, oversaturated, plastic look, duplicate furniture, broken perspective",pending,
yg_0504,라운저,Lounger,before_after,비포·애프터,딱딱한 거실 → 3초 만에 라운지로,키즈룸,20대 1인 가구 여성,라이프스타일 와이드,테라코타,1:1,1080x1080,피드 정방,"A premium oversized bean bag sofa (등받이가 높은 1인 라운지형 빈백, 독서·휴식용), 테라코타 fabric color, a young woman in her 20s living alone, relaxed, bright kids room with toys, playful pastel palette, wide lifestyle editorial shot, natural light, lived-in feel, Korean home aesthetic, photorealistic, high-end interior photography, soft natural shadows, 8k, advertising quality, leave clean negative space at the top for a text overlay","logo, brand text, watermark, deformed limbs, extra fingers, low quality, blurry text, distorted face, cluttered, oversaturated, plastic look, duplicate furniture, broken perspective",pending,
yg_0505,팟엑스,Pod X,curiosity_gap,호기심 갭,이걸 본 사람들이 소파를 버렸습니다,재택 홈오피스,낮잠 자는 사람,초근접 텍스처 클로즈업,오트밀 화이트,4:5,1080x1350,피드 세로,"A premium oversized bean bag sofa (확장형 듀얼 라이너 빈백, 몸 굴곡에 반응하는 분절 패널), 오트밀 화이트 fabric color, a person napping, eyes closed, blissful, work-from-home office corner, laptop on a low table, extreme macro close-up of plush fabric texture, shallow depth of field, Korean home aesthetic, photorealistic, high-end interior photography, soft natural shadows, 8k, advertising quality, leave clean negative space at the top for a text overlay","logo, brand text, watermark, deformed limbs, extra fingers, low quality, blurry text, distorted face, cluttered, oversaturated, plastic look, duplicate furniture, broken perspective",pending,
yg_0506,미디,Midi,social_proof,사회적 증거,"리뷰 10,000개가 말하는 그 소파",한강 피크닉 잔디,다정한 커플,골든아워 시네마틱,딥 네이비,4:5,1080x1350,피드 세로,"A premium oversized bean bag sofa (맥스의 컴팩트 버전, 청소년·소형 공간용 중형 빈백), 딥 네이비 fabric color, a cozy couple lounging together, Hangang river park lawn picnic, outdoor daytime, golden hour cinematic lighting, warm glow, film look, Korean home aesthetic, photorealistic, high-end interior photography, soft natural shadows, 8k, advertising quality, leave clean negative space at the top for a text overlay","logo, brand text, watermark, deformed limbs, extra fingers, low quality, blurry text, distorted face, cluttered, oversaturated, plastic look, duplicate furniture, broken perspective",pending,
yg_0507,미디,Midi,asmr_sensory,감각·ASMR,푹— 몸이 그대로 녹아드는 소리,겨울 러그 깔린 마루,시니어 부모님,골든아워 시네마틱,더스티 핑크,1:1,1080x1080,피드 정방,"A premium oversized bean bag sofa (맥스의 컴팩트 버전, 청소년·소형 공간용 중형 빈백), 더스티 핑크 fabric color, an elderly parent resting comfortably, winter living room with rug, cozy ondol floor warmth, golden hour cinematic lighting, warm glow, film look, Korean home aesthetic, photorealistic, high-end interior photography, soft natural shadows, 8k, advertising quality, leave clean negative space at the top for a text overlay","logo, brand text, watermark, deformed limbs, extra fingers, low quality, blurry text, distorted face, cluttered, oversaturated, plastic look, duplicate furniture, broken perspective",pending,
yg_0508,서포트,Support,humor_relatable,유머·공감,결국 가족 모두가 노리는 자리,아늑한 원룸,반려견과 집사,스플릿 비교 컷,크림 베이지,4:5,1080x1350,피드 세로,"A premium oversized bean bag sofa (U자형 받침 쿠션, 빈백과 결합해 리클라이너로 변신), 크림 베이지 fabric color, a person with a small dog cuddling, cozy compact studio apartment, minimal Korean interior, split-screen before/after comparison layout, Korean home aesthetic, photorealistic, high-end interior photography, soft natural shadows, 8k, advertising quality, leave clean negative space at the top for a text overlay","logo, brand text, watermark, deformed limbs, extra fingers, low quality, blurry text, distorted face, cluttered, oversaturated, plastic look, duplicate furniture, broken perspective",pending,
yg_0509,미니 K,Mini K,season_hook,시즌·타이밍,올여름 에어컨 앞 명당 자리,키즈룸,친구들 홈파티,골든아워 시네마틱,라벤더,1:1,1080x1080,피드 정방,"A premium oversized bean bag sofa (원룸·15평 이하 전용 초소형 빈백), 라벤더 fabric color, a few friends hanging out, casual home party, bright kids room with toys, playful pastel palette, golden hour cinematic lighting, warm glow, film look, Korean home aesthetic, photorealistic, high-end interior photography, soft natural shadows, 8k, advertising quality, leave clean negative space at the top for a text overlay","logo, brand text, watermark, deformed limbs, extra fingers, low quality, blurry text, distorted face, cluttered, oversaturated, plastic look, duplicate furniture, broken perspective",pending,
yg_0510,허기보,Hugibo,problem_agitate,문제 자극,원룸이라 소파는 포기했다고요?,펜션·풀빌라 거실,반려묘와 함께,탑다운 플랫레이,올리브 그린,4:5,1080x1350,피드 세로,"A premium oversized bean bag sofa (끌어안는 바디필로우형 빈백, 수면·포옹감 강조), 올리브 그린 fabric color, a person with a cat curled up nearby, vacation pension living room, premium resort vibe, top-down flat lay composition, neatly arranged, Korean home aesthetic, photorealistic, high-end interior photography, soft natural shadows, 8k, advertising quality, leave clean negative space at the top for a text overlay","logo, brand text, watermark, deformed limbs, extra fingers, low quality, blurry text, distorted face, cluttered, oversaturated, plastic look, duplicate furniture, broken perspective",pending,
yg_0511,미디,Midi,before_after,비포·애프터,혼자 살기 전 → 혼자 살고 난 후의 거실,한강 피크닉 잔디,20대 1인 가구 여성,한 손 스케일 비교,머스타드 옐로,1:1,1080x1080,피드 정방,"A premium oversized bean bag sofa (맥스의 컴팩트 버전, 청소년·소형 공간용 중형 빈백), 머스타드 옐로 fabric color, a young woman in her 20s living alone, relaxed, Hangang river park lawn picnic, outdoor daytime, hand or person for scale, emphasizing size and softness, Korean home aesthetic, photorealistic, high-end interior photography, soft natural shadows, 8k, advertising quality, leave clean negative space at the top for a text overlay","logo, brand text, watermark, deformed limbs, extra fingers, low quality, blurry text, distorted face, cluttered, oversaturated, plastic look, duplicate furniture, broken perspective",pending,
yg_0512,더블,Double,before_after,비포·애프터,퇴근 전 vs 퇴근 후 내 모습,감성 카페 라운지,반려견과 집사,로우앵글 임팩트,오트밀 화이트,4:5,1080x1350,피드 세로,"A premium oversized bean bag sofa (맥스 2배 폭의 초대형 빈백, 커플·가족용 침대 겸용), 오트밀 화이트 fabric color, a person with a small dog cuddling, trendy cafe lounge interior, warm wood tones, dramatic low angle, product looks grand and inviting, Korean home aesthetic, photorealistic, high-end interior photography, soft natural shadows, 8k, advertising quality, leave clean negative space at the top for a text overlay","logo, brand text, watermark, deformed limbs, extra fingers, low quality, blurry text, distorted face, cluttered, oversaturated, plastic look, duplicate furniture, broken perspective",pending,
yg_0513,온돌,Ondol,before_after,비포·애프터,퇴근 전 vs 퇴근 후 내 모습,발코니·테라스,제품 단독(인물 없음),라이프스타일 와이드,더스티 핑크,9:16,1080x1920,릴스/스토리,"A premium oversized bean bag sofa (겨울 발열 커버형 빈백, 전기요 호환), 더스티 핑크 fabric color, apartment balcony with plants and city view, wide lifestyle editorial shot, natural light, lived-in feel, Korean home aesthetic, photorealistic, high-end interior photography, soft natural shadows, 8k, advertising quality, leave clean negative space at the top for a text overlay","logo, brand text, watermark, deformed limbs, extra fingers, low quality, blurry text, distorted face, cluttered, oversaturated, plastic look, duplicate furniture, broken perspective",pending,
yg_0514,미니,Mini,season_hook,시즌·타이밍,환절기 허리에게 주는 선물,아늑한 원룸,제품 단독(인물 없음),파스텔 팝 컬러블록,코발트 블루,4:5,1080x1350,피드 세로,"A premium oversized bean bag sofa (1인용 소형 빈백, 가볍고 어디든 옮기는 컴팩트 사이즈), 코발트 블루 fabric color, cozy compact studio apartment, minimal Korean interior, pastel pop color-block background, playful graphic style, Korean home aesthetic, photorealistic, high-end interior photography, soft natural shadows, 8k, advertising quality, leave clean negative space at the top for a text overlay","logo, brand text, watermark, deformed limbs, extra fingers, low quality, blurry text, distorted face, cluttered, oversaturated, plastic look, duplicate furniture, broken perspective",pending,
yg_0515,드롭,Drop,problem_agitate,문제 자극,반려견이 소파를 다 뜯어놨다면,게이밍 셋업 방,제품 단독(인물 없음),라이프스타일 와이드,올리브 그린,4:5,1080x1350,피드 세로,"A premium oversized bean bag sofa (물방울 형태의 빈백 스툴, 발받침·보조 좌석용), 올리브 그린 fabric color, gaming room with RGB lights and a desk setup, wide lifestyle editorial shot, natural light, lived-in feel, Korean home aesthetic, photorealistic, high-end interior photography, soft natural shadows, 8k, advertising quality, leave clean negative space at the top for a text overlay","logo, brand text, watermark, deformed limbs, extra fingers, low quality, blurry text, distorted face, cluttered, oversaturated, plastic look, duplicate furniture, broken perspective",pending,
yg_0516,맥스,Max,curiosity_gap,호기심 갭,사람을 망치는 소파가 있다는데…,캠핑·차박 텐트 안,낮잠 자는 사람,한 손 스케일 비교,크림 베이지,9:16,1080x1920,릴스/스토리,"A premium oversized bean bag sofa (6피트 풀사이즈 빈백 소파, 1인이 완전히 누울 수 있는 길이), 크림 베이지 fabric color, a person napping, eyes closed, blissful, inside a camping tent / car-camping setup, lantern light, hand or person for scale, emphasizing size and softness, Korean home aesthetic, photorealistic, high-end interior photography, soft natural shadows, 8k, advertising quality, leave clean negative space at the top for a text overlay","logo, brand text, watermark, deformed limbs, extra fingers, low quality, blurry text, distorted face, cluttered, oversaturated, plastic look, duplicate furniture, broken perspective",pending,
yg_0517,온돌,Ondol,transformation,변신·다용도,"소파였다가, 침대였다가, 의자였다가",발코니·테라스,시니어 부모님,미니멀 제품 히어로,코발트 블루,1:1,1080x1080,피드 정방,"A premium oversized bean bag sofa (겨울 발열 커버형 빈백, 전기요 호환), 코발트 블루 fabric color, an elderly parent resting comfortably, apartment balcony with plants and city view, minimal product hero shot, soft gradient backdrop, studio light, Korean home aesthetic, photorealistic, high-end interior photography, soft natural shadows, 8k, advertising quality, leave clean negative space at the top for a text overlay","logo, brand text, watermark, deformed limbs, extra fingers, low quality, blurry text, distorted face, cluttered, oversaturated, plastic look, duplicate furniture, broken perspective",pending,
yg_0518,팟엑스,Pod X,before_after,비포·애프터,소파 있을 때 vs 요기보 들인 후,키즈룸,재택근무 직장인,초근접 텍스처 클로즈업,딥 네이비,9:16,1080x1920,릴스/스토리,"A premium oversized bean bag sofa (확장형 듀얼 라이너 빈백, 몸 굴곡에 반응하는 분절 패널), 딥 네이비 fabric color, a remote worker taking a break, bright kids room with toys, playful pastel palette, extreme macro close-up of plush fabric texture, shallow depth of field, Korean home aesthetic, photorealistic, high-end interior photography, soft natural shadows, 8k, advertising quality, leave clean negative space at the top for a text overlay","logo, brand text, watermark, deformed limbs, extra fingers, low quality, blurry text, distorted face, cluttered, oversaturated, plastic look, duplicate furniture, broken perspective",pending,
yg_0519,드롭,Drop,asmr_sensory,감각·ASMR,손이 닿는 순간 멈추는 마법의 촉감,아늑한 원룸,반려견과 집사,탑다운 플랫레이,크림 베이지,4:5,1080x1350,피드 세로,"A premium oversized bean bag sofa (물방울 형태의 빈백 스툴, 발받침·보조 좌석용), 크림 베이지 fabric color, a person with a small dog cuddling, cozy compact studio apartment, minimal Korean interior, top-down flat lay composition, neatly arranged, Korean home aesthetic, photorealistic, high-end interior photography, soft natural shadows, 8k, advertising quality, leave clean negative space at the top for a text overlay","logo, brand text, watermark, deformed limbs, extra fingers, low quality, blurry text, distorted face, cluttered, oversaturated, plastic look, duplicate furniture, broken perspective",pending,
yg_0520,펫,Pet,asmr_sensory,감각·ASMR,손이 닿는 순간 멈추는 마법의 촉감,발코니·테라스,반려묘와 함께,로우앵글 임팩트,딥 네이비,9:16,1080x1920,릴스/스토리,"A premium oversized bean bag sofa (방수·항균·발톱 저항 커버의 반려동물용 빈백), 딥 네이비 fabric color, a person with a cat curled up nearby, apartment balcony with plants and city view, dramatic low angle, product looks grand and inviting, Korean home aesthetic, photorealistic, high-end interior photography, soft natural shadows, 8k, advertising quality, leave clean negative space at the top for a text overlay","logo, brand text, watermark, deformed limbs, extra fingers, low quality, blurry text, distorted face, cluttered, oversaturated, plastic look, duplicate furniture, broken perspective",pending,
yg_0521,미니,Mini,humor_relatable,유머·공감,주말의 나: 요기보와 한 몸,캠핑·차박 텐트 안,다정한 커플,초근접 텍스처 클로즈업,더스티 핑크,4:5,1080x1350,피드 세로,"A premium oversized bean bag sofa (1인용 소형 빈백, 가볍고 어디든 옮기는 컴팩트 사이즈), 더스티 핑크 fabric color, a cozy couple lounging together, inside a camping tent / car-camping setup, lantern light, extreme macro close-up of plush fabric texture, shallow depth of field, Korean home aesthetic, photorealistic, high-end interior photography, soft natural shadows, 8k, advertising quality, leave clean negative space at the top for a text overlay","logo, brand text, watermark, deformed limbs, extra fingers, low quality, blurry text, distorted face, cluttered, oversaturated, plastic look, duplicate furniture, broken perspective",pending,
yg_0522,팟,Pod,transformation,변신·다용도,"낮엔 소파, 밤엔 침대",한강 피크닉 잔디,시니어 부모님,한 손 스케일 비교,올리브 그린,1:1,1080x1080,피드 정방,"A premium oversized bean bag sofa (둥근 1인 의자형 빈백, 감싸는 듯한 곡선 실루엣), 올리브 그린 fabric color, an elderly parent resting comfortably, Hangang river park lawn picnic, outdoor daytime, hand or person for scale, emphasizing size and softness, Korean home aesthetic, photorealistic, high-end interior photography, soft natural shadows, 8k, advertising quality, leave clean negative space at the top for a text overlay","logo, brand text, watermark, deformed limbs, extra fingers, low quality, blurry text, distorted face, cluttered, oversaturated, plastic look, duplicate furniture, broken perspective",pending,
yg_0523,라운저,Lounger,fomo_scarcity,FOMO·희소성,"올여름 품절 1순위, 미리 보세요",게이밍 셋업 방,재택근무 직장인,초근접 텍스처 클로즈업,오트밀 화이트,9:16,1080x1920,릴스/스토리,"A premium oversized bean bag sofa (등받이가 높은 1인 라운지형 빈백, 독서·휴식용), 오트밀 화이트 fabric color, a remote worker taking a break, gaming room with RGB lights and a desk setup, extreme macro close-up of plush fabric texture, shallow depth of field, Korean home aesthetic, photorealistic, high-end interior photography, soft natural shadows, 8k, advertising quality, leave clean negative space at the top for a text overlay","logo, brand text, watermark, deformed limbs, extra fingers, low quality, blurry text, distorted face, cluttered, oversaturated, plastic look, duplicate furniture, broken perspective",pending,
yg_0524,온돌,Ondol,before_after,비포·애프터,어제의 허리 vs 오늘의 허리,햇살 드는 거실 창가,반려견과 집사,초근접 텍스처 클로즈업,차콜 그레이,4:5,1080x1350,피드 세로,"A premium oversized bean bag sofa (겨울 발열 커버형 빈백, 전기요 호환), 차콜 그레이 fabric color, a person with a small dog cuddling, sunlit living room by a large window, soft daylight, extreme macro close-up of plush fabric texture, shallow depth of field, Korean home aesthetic, photorealistic, high-end interior photography, soft natural shadows, 8k, advertising quality, leave clean negative space at the top for a text overlay","logo, brand text, watermark, deformed limbs, extra fingers, low quality, blurry text, distorted face, cluttered, oversaturated, plastic look, duplicate furniture, broken perspective",pending,
yg_0525,온돌,Ondol,problem_agitate,문제 자극,"비싼 소파, 커버는 왜 못 빨까?",아늑한 원룸,20대 1인 가구 여성,푹 꺼지는 모션 블러,올리브 그린,4:5,1080x1350,피드 세로,"A premium oversized bean bag sofa (겨울 발열 커버형 빈백, 전기요 호환), 올리브 그린 fabric color, a young woman in her 20s living alone, relaxed, cozy compact studio apartment, minimal Korean interior, motion-blur of a body sinking into the bean bag, dynamic, Korean home aesthetic, photorealistic, high-end interior photography, soft natural shadows, 8k, advertising quality, leave clean negative space at the top for a text overlay","logo, brand text, watermark, deformed limbs, extra fingers, low quality, blurry text, distorted face, cluttered, oversaturated, plastic look, duplicate furniture, broken perspective",pending,
yg_0526,온돌,Ondol,asmr_sensory,감각·ASMR,손이 닿는 순간 멈추는 마법의 촉감,서재 책장 앞,책 읽는 학생,다크 무드 라이팅,올리브 그린,4:5,1080x1350,피드 세로,"A premium oversized bean bag sofa (겨울 발열 커버형 빈백, 전기요 호환), 올리브 그린 fabric color, a student reading a book, home library nook in front of bookshelves, dark moody lighting with a single warm light source, Korean home aesthetic, photorealistic, high-end interior photography, soft natural shadows, 8k, advertising quality, leave clean negative space at the top for a text overlay","logo, brand text, watermark, deformed limbs, extra fingers, low quality, blurry text, distorted face, cluttered, oversaturated, plastic look, duplicate furniture, broken perspective",pending,
yg_0527,펫,Pet,transformation,변신·다용도,접고 펴고 세우고 — 공간이 살아난다,무드등 켜진 밤 침실,반려견과 집사,미니멀 제품 히어로,크림 베이지,9:16,1080x1920,릴스/스토리,"A premium oversized bean bag sofa (방수·항균·발톱 저항 커버의 반려동물용 빈백), 크림 베이지 fabric color, a person with a small dog cuddling, dim bedroom at night with warm mood lighting, minimal product hero shot, soft gradient backdrop, studio light, Korean home aesthetic, photorealistic, high-end interior photography, soft natural shadows, 8k, advertising quality, leave clean negative space at the top for a text overlay","logo, brand text, watermark, deformed limbs, extra fingers, low quality, blurry text, distorted face, cluttered, oversaturated, plastic look, duplicate furniture, broken perspective",pending,
yg_0528,더블,Double,fomo_scarcity,FOMO·희소성,한정 컬러 — 재입고 없음,키즈룸,낮잠 자는 사람,스플릿 비교 컷,올리브 그린,1:1,1080x1080,피드 정방,"A premium oversized bean bag sofa (맥스 2배 폭의 초대형 빈백, 커플·가족용 침대 겸용), 올리브 그린 fabric color, a person napping, eyes closed, blissful, bright kids room with toys, playful pastel palette, split-screen before/after comparison layout, Korean home aesthetic, photorealistic, high-end interior photography, soft natural shadows, 8k, advertising quality, leave clean negative space at the top for a text overlay","logo, brand text, watermark, deformed limbs, extra fingers, low quality, blurry text, distorted face, cluttered, oversaturated, plastic look, duplicate furniture, broken perspective",pending,
yg_0529,더블,Double,before_after,비포·애프터,딱딱한 거실 → 3초 만에 라운지로,미니멀 화이트 스튜디오,제품 단독(인물 없음),파스텔 팝 컬러블록,차콜 그레이,1:1,1080x1080,피드 정방,"A premium oversized bean bag sofa (맥스 2배 폭의 초대형 빈백, 커플·가족용 침대 겸용), 차콜 그레이 fabric color, clean white photo studio, seamless backdrop, pastel pop color-block background, playful graphic style, Korean home aesthetic, photorealistic, high-end interior photography, soft natural shadows, 8k, advertising quality, leave clean negative space at the top for a text overlay","logo, brand text, watermark, deformed limbs, extra fingers, low quality, blurry text, distorted face, cluttered, oversaturated, plastic look, duplicate furniture, broken perspective",pending,
yg_0530,허기보,Hugibo,aspiration,동경·라이프스타일,"남의 집 같던 그 무드, 우리집에",캠핑·차박 텐트 안,반려묘와 함께,푹 꺼지는 모션 블러,딥 네이비,9:16,1080x1920,릴스/스토리,"A premium oversized bean bag sofa (끌어안는 바디필로우형 빈백, 수면·포옹감 강조), 딥 네이비 fabric color, a person with a cat curled up nearby, inside a camping tent / car-camping setup, lantern light, motion-blur of a body sinking into the bean bag, dynamic, Korean home aesthetic, photorealistic, high-end interior photography, soft natural shadows, 8k, advertising quality, leave clean negative space at the top for a text overlay","logo, brand text, watermark, deformed limbs, extra fingers, low quality, blurry text, distorted face, cluttered, oversaturated, plastic look, duplicate furniture, broken perspective",pending,
yg_0531,키즈,Kids,transformation,변신·다용도,"낮엔 소파, 밤엔 침대",재택 홈오피스,친구들 홈파티,다크 무드 라이팅,테라코타,9:16,1080x1920,릴스/스토리,"A premium oversized bean bag sofa (유아·아동 안전 인증 소형 빈백, 밝은 컬러), 테라코타 fabric color, a few friends hanging out, casual home party, work-from-home office corner, laptop on a low table, dark moody lighting with a single warm light source, Korean home aesthetic, photorealistic, high-end interior photography, soft natural shadows, 8k, advertising quality, leave clean negative space at the top for a text overlay","logo, brand text, watermark, deformed limbs, extra fingers, low quality, blurry text, distorted face, cluttered, oversaturated, plastic look, duplicate furniture, broken perspective",pending,
yg_0532,라운저,Lounger,asmr_sensory,감각·ASMR,"오늘 밤, 여기로 사라지고 싶다",캠핑·차박 텐트 안,제품 단독(인물 없음),초근접 텍스처 클로즈업,오트밀 화이트,9:16,1080x1920,릴스/스토리,"A premium oversized bean bag sofa (등받이가 높은 1인 라운지형 빈백, 독서·휴식용), 오트밀 화이트 fabric color, inside a camping tent / car-camping setup, lantern light, extreme macro close-up of plush fabric texture, shallow depth of field, Korean home aesthetic, photorealistic, high-end interior photography, soft natural shadows, 8k, advertising quality, leave clean negative space at the top for a text overlay","logo, brand text, watermark, deformed limbs, extra fingers, low quality, blurry text, distorted face, cluttered, oversaturated, plastic look, duplicate furniture, broken perspective",pending,
yg_0533,미디,Midi,asmr_sensory,감각·ASMR,"이 촉감, 화면으로도 느껴지나요?",미니멀 화이트 스튜디오,낮잠 자는 사람,탑다운 플랫레이,테라코타,4:5,1080x1350,피드 세로,"A premium oversized bean bag sofa (맥스의 컴팩트 버전, 청소년·소형 공간용 중형 빈백), 테라코타 fabric color, a person napping, eyes closed, blissful, clean white photo studio, seamless backdrop, top-down flat lay composition, neatly arranged, Korean home aesthetic, photorealistic, high-end interior photography, soft natural shadows, 8k, advertising quality, leave clean negative space at the top for a text overlay","logo, brand text, watermark, deformed limbs, extra fingers, low quality, blurry text, distorted face, cluttered, oversaturated, plastic look, duplicate furniture, broken perspective",pending,
yg_0534,미디,Midi,curiosity_gap,호기심 갭,사람을 망치는 소파가 있다는데…,캠핑·차박 텐트 안,재택근무 직장인,파스텔 팝 컬러블록,테라코타,1:1,1080x1080,피드 정방,"A premium oversized bean bag sofa (맥스의 컴팩트 버전, 청소년·소형 공간용 중형 빈백), 테라코타 fabric color, a remote worker taking a break, inside a camping tent / car-camping setup, lantern light, pastel pop color-block background, playful graphic style, Korean home aesthetic, photorealistic, high-end interior photography, soft natural shadows, 8k, advertising quality, leave clean negative space at the top for a text overlay","logo, brand text, watermark, deformed limbs, extra fingers, low quality, blurry text, distorted face, cluttered, oversaturated, plastic look, duplicate furniture, broken perspective",pending,
yg_0535,미디,Midi,humor_relatable,유머·공감,주말의 나: 요기보와 한 몸,서재 책장 앞,반려견과 집사,한 손 스케일 비교,차콜 그레이,9:16,1080x1920,릴스/스토리,"A premium oversized bean bag sofa (맥스의 컴팩트 버전, 청소년·소형 공간용 중형 빈백), 차콜 그레이 fabric color, a person with a small dog cuddling, home library nook in front of bookshelves, hand or person for scale, emphasizing size and softness, Korean home aesthetic, photorealistic, high-end interior photography, soft natural shadows, 8k, advertising quality, leave clean negative space at the top for a text overlay","logo, brand text, watermark, deformed limbs, extra fingers, low quality, blurry text, distorted face, cluttered, oversaturated, plastic look, duplicate furniture, broken perspective",pending,
yg_0536,펫,Pet,transformation,변신·다용도,"낮엔 소파, 밤엔 침대",재택 홈오피스,반려견과 집사,스플릿 비교 컷,코발트 블루,4:5,1080x1350,피드 세로,"A premium oversized bean bag sofa (방수·항균·발톱 저항 커버의 반려동물용 빈백), 코발트 블루 fabric color, a person with a small dog cuddling, work-from-home office corner, laptop on a low table, split-screen before/after comparison layout, Korean home aesthetic, photorealistic, high-end interior photography, soft natural shadows, 8k, advertising quality, leave clean negative space at the top for a text overlay","logo, brand text, watermark, deformed limbs, extra fingers, low quality, blurry text, distorted face, cluttered, oversaturated, plastic look, duplicate furniture, broken perspective",pending,
yg_0537,키즈,Kids,transformation,변신·다용도,하나로 거실 전체를 바꾸는 법,아늑한 원룸,책 읽는 학생,탑다운 플랫레이,오트밀 화이트,1:1,1080x1080,피드 정방,"A premium oversized bean bag sofa (유아·아동 안전 인증 소형 빈백, 밝은 컬러), 오트밀 화이트 fabric color, a student reading a book, cozy compact studio apartment, minimal Korean interior, top-down flat lay composition, neatly arranged, Korean home aesthetic, photorealistic, high-end interior photography, soft natural shadows, 8k, advertising quality, leave clean negative space at the top for a text overlay","logo, brand text, watermark, deformed limbs, extra fingers, low quality, blurry text, distorted face, cluttered, oversaturated, plastic look, duplicate furniture, broken perspective",pending,
yg_0538,슬림,Slim,asmr_sensory,감각·ASMR,"오늘 밤, 여기로 사라지고 싶다",감성 카페 라운지,재택근무 직장인,스플릿 비교 컷,더스티 핑크,9:16,1080x1920,릴스/스토리,"A premium oversized bean bag sofa (좁은 폭의 빈백, 1인 라운지 체어 형태), 더스티 핑크 fabric color, a remote worker taking a break, trendy cafe lounge interior, warm wood tones, split-screen before/after comparison layout, Korean home aesthetic, photorealistic, high-end interior photography, soft natural shadows, 8k, advertising quality, leave clean negative space at the top for a text overlay","logo, brand text, watermark, deformed limbs, extra fingers, low quality, blurry text, distorted face, cluttered, oversaturated, plastic look, duplicate furniture, broken perspective",pending,
yg_0539,드롭,Drop,transformation,변신·다용도,"낮엔 소파, 밤엔 침대",펜션·풀빌라 거실,낮잠 자는 사람,로우앵글 임팩트,코발트 블루,4:5,1080x1350,피드 세로,"A premium oversized bean bag sofa (물방울 형태의 빈백 스툴, 발받침·보조 좌석용), 코발트 블루 fabric color, a person napping, eyes closed, blissful, vacation pension living room, premium resort vibe, dramatic low angle, product looks grand and inviting, Korean home aesthetic, photorealistic, high-end interior photography, soft natural shadows, 8k, advertising quality, leave clean negative space at the top for a text overlay","logo, brand text, watermark, deformed limbs, extra fingers, low quality, blurry text, distorted face, cluttered, oversaturated, plastic look, duplicate furniture, broken perspective",pending,
yg_0540,미니,Mini,fomo_scarcity,FOMO·희소성,지금 안 보면 다음은 내년,캠핑·차박 텐트 안,다정한 커플,로우앵글 임팩트,머스타드 옐로,4:5,1080x1350,피드 세로,"A premium oversized bean bag sofa (1인용 소형 빈백, 가볍고 어디든 옮기는 컴팩트 사이즈), 머스타드 옐로 fabric color, a cozy couple lounging together, inside a camping tent / car-camping setup, lantern light, dramatic low angle, product looks grand and inviting, Korean home aesthetic, photorealistic, high-end interior photography, soft natural shadows, 8k, advertising quality, leave clean negative space at the top for a text overlay","logo, brand text, watermark, deformed limbs, extra fingers, low quality, blurry text, distorted face, cluttered, oversaturated, plastic look, duplicate furniture, broken perspective",pending,
yg_0541,서포트,Support,social_proof,사회적 증거,재구매율이 말해주는 편안함,한강 피크닉 잔디,아이와 부모 가족,초근접 텍스처 클로즈업,올리브 그린,9:16,1080x1920,릴스/스토리,"A premium oversized bean bag sofa (U자형 받침 쿠션, 빈백과 결합해 리클라이너로 변신), 올리브 그린 fabric color, a parent and a child playing, Hangang river park lawn picnic, outdoor daytime, extreme macro close-up of plush fabric texture, shallow depth of field, Korean home aesthetic, photorealistic, high-end interior photography, soft natural shadows, 8k, advertising quality, leave clean negative space at the top for a text overlay","logo, brand text, watermark, deformed limbs, extra fingers, low quality, blurry text, distorted face, cluttered, oversaturated, plastic look, duplicate furniture, broken perspective",pending,
yg_0542,맥스,Max,social_proof,사회적 증거,1인 가구가 가장 많이 산 가구 1위,겨울 러그 깔린 마루,게이머 청년,스플릿 비교 컷,코발트 블루,1:1,1080x1080,피드 정방,"A premium oversized bean bag sofa (6피트 풀사이즈 빈백 소파, 1인이 완전히 누울 수 있는 길이), 코발트 블루 fabric color, a young gamer with a controller, winter living room with rug, cozy ondol floor warmth, split-screen before/after comparison layout, Korean home aesthetic, photorealistic, high-end interior photography, soft natural shadows, 8k, advertising quality, leave clean negative space at the top for a text overlay","logo, brand text, watermark, deformed limbs, extra fingers, low quality, blurry text, distorted face, cluttered, oversaturated, plastic look, duplicate furniture, broken perspective",pending,
yg_0543,슬림,Slim,problem_agitate,문제 자극,원룸이라 소파는 포기했다고요?,무드등 켜진 밤 침실,게이머 청년,한 손 스케일 비교,더스티 핑크,4:5,1080x1350,피드 세로,"A premium oversized bean bag sofa (좁은 폭의 빈백, 1인 라운지 체어 형태), 더스티 핑크 fabric color, a young gamer with a controller, dim bedroom at night with warm mood lighting, hand or person for scale, emphasizing size and softness, Korean home aesthetic, photorealistic, high-end interior photography, soft natural shadows, 8k, advertising quality, leave clean negative space at the top for a text overlay","logo, brand text, watermark, deformed limbs, extra fingers, low quality, blurry text, distorted face, cluttered, oversaturated, plastic look, duplicate furniture, broken perspective",pending,
yg_0544,미니 K,Mini K,humor_relatable,유머·공감,강아지에게 자리 뺏긴 1인,펜션·풀빌라 거실,재택근무 직장인,푹 꺼지는 모션 블러,테라코타,9:16,1080x1920,릴스/스토리,"A premium oversized bean bag sofa (원룸·15평 이하 전용 초소형 빈백), 테라코타 fabric color, a remote worker taking a break, vacation pension living room, premium resort vibe, motion-blur of a body sinking into the bean bag, dynamic, Korean home aesthetic, photorealistic, high-end interior photography, soft natural shadows, 8k, advertising quality, leave clean negative space at the top for a text overlay","logo, brand text, watermark, deformed limbs, extra fingers, low quality, blurry text, distorted face, cluttered, oversaturated, plastic look, duplicate furniture, broken perspective",pending,
yg_0545,온돌,Ondol,aspiration,동경·라이프스타일,"남의 집 같던 그 무드, 우리집에",겨울 러그 깔린 마루,반려견과 집사,초근접 텍스처 클로즈업,크림 베이지,4:5,1080x1350,피드 세로,"A premium oversized bean bag sofa (겨울 발열 커버형 빈백, 전기요 호환), 크림 베이지 fabric color, a person with a small dog cuddling, winter living room with rug, cozy ondol floor warmth, extreme macro close-up of plush fabric texture, shallow depth of field, Korean home aesthetic, photorealistic, high-end interior photography, soft natural shadows, 8k, advertising quality, leave clean negative space at the top for a text overlay","logo, brand text, watermark, deformed limbs, extra fingers, low quality, blurry text, distorted face, cluttered, oversaturated, plastic look, duplicate furniture, broken perspective",pending,
yg_0546,라운저,Lounger,price_value,가치·합리화,한 번 사면 왜 안 바꾸는지 알게 됨,재택 홈오피스,책 읽는 학생,탑다운 플랫레이,오트밀 화이트,4:5,1080x1350,피드 세로,"A premium oversized bean bag sofa (등받이가 높은 1인 라운지형 빈백, 독서·휴식용), 오트밀 화이트 fabric color, a student reading a book, work-from-home office corner, laptop on a low table, top-down flat lay composition, neatly arranged, Korean home aesthetic, photorealistic, high-end interior photography, soft natural shadows, 8k, advertising quality, leave clean negative space at the top for a text overlay","logo, brand text, watermark, deformed limbs, extra fingers, low quality, blurry text, distorted face, cluttered, oversaturated, plastic look, duplicate furniture, broken perspective",pending,
yg_0547,미니,Mini,problem_agitate,문제 자극,"비싼 소파, 커버는 왜 못 빨까?",겨울 러그 깔린 마루,아이와 부모 가족,초근접 텍스처 클로즈업,딥 네이비,9:16,1080x1920,릴스/스토리,"A premium oversized bean bag sofa (1인용 소형 빈백, 가볍고 어디든 옮기는 컴팩트 사이즈), 딥 네이비 fabric color, a parent and a child playing, winter living room with rug, cozy ondol floor warmth, extreme macro close-up of plush fabric texture, shallow depth of field, Korean home aesthetic, photorealistic, high-end interior photography, soft natural shadows, 8k, advertising quality, leave clean negative space at the top for a text overlay","logo, brand text, watermark, deformed limbs, extra fingers, low quality, blurry text, distorted face, cluttered, oversaturated, plastic look, duplicate furniture, broken perspective",pending,
yg_0548,더블,Double,social_proof,사회적 증거,1인 가구가 가장 많이 산 가구 1위,한강 피크닉 잔디,아이와 부모 가족,스플릿 비교 컷,코발트 블루,9:16,1080x1920,릴스/스토리,"A premium oversized bean bag sofa (맥스 2배 폭의 초대형 빈백, 커플·가족용 침대 겸용), 코발트 블루 fabric color, a parent and a child playing, Hangang river park lawn picnic, outdoor daytime, split-screen before/after comparison layout, Korean home aesthetic, photorealistic, high-end interior photography, soft natural shadows, 8k, advertising quality, leave clean negative space at the top for a text overlay","logo, brand text, watermark, deformed limbs, extra fingers, low quality, blurry text, distorted face, cluttered, oversaturated, plastic look, duplicate furniture, broken perspective",pending,
yg_0549,서포트,Support,season_hook,시즌·타이밍,올여름 에어컨 앞 명당 자리,아늑한 원룸,친구들 홈파티,초근접 텍스처 클로즈업,더스티 핑크,9:16,1080x1920,릴스/스토리,"A premium oversized bean bag sofa (U자형 받침 쿠션, 빈백과 결합해 리클라이너로 변신), 더스티 핑크 fabric color, a few friends hanging out, casual home party, cozy compact studio apartment, minimal Korean interior, extreme macro close-up of plush fabric texture, shallow depth of field, Korean home aesthetic, photorealistic, high-end interior photography, soft natural shadows, 8k, advertising quality, leave clean negative space at the top for a text overlay","logo, brand text, watermark, deformed limbs, extra fingers, low quality, blurry text, distorted face, cluttered, oversaturated, plastic look, duplicate furniture, broken perspective",pending,
yg_0550,플로어,Floor,before_after,비포·애프터,혼자 살기 전 → 혼자 살고 난 후의 거실,겨울 러그 깔린 마루,낮잠 자는 사람,로우앵글 임팩트,더스티 핑크,9:16,1080x1920,릴스/스토리,"A premium oversized bean bag sofa (좌식 문화 맞춤 초저높이 빈백), 더스티 핑크 fabric color, a person napping, eyes closed, blissful, winter living room with rug, cozy ondol floor warmth, dramatic low angle, product looks grand and inviting, Korean home aesthetic, photorealistic, high-end interior photography, soft natural shadows, 8k, advertising quality, leave clean negative space at the top for a text overlay","logo, brand text, watermark, deformed limbs, extra fingers, low quality, blurry text, distorted face, cluttered, oversaturated, plastic look, duplicate furniture, broken perspective",pending,
yg_0551,미니,Mini,fomo_scarcity,FOMO·희소성,다들 이미 거실에 하나씩 들였대요,한강 피크닉 잔디,제품 단독(인물 없음),라이프스타일 와이드,딥 네이비,9:16,1080x1920,릴스/스토리,"A premium oversized bean bag sofa (1인용 소형 빈백, 가볍고 어디든 옮기는 컴팩트 사이즈), 딥 네이비 fabric color, Hangang river park lawn picnic, outdoor daytime, wide lifestyle editorial shot, natural light, lived-in feel, Korean home aesthetic, photorealistic, high-end interior photography, soft natural shadows, 8k, advertising quality, leave clean negative space at the top for a text overlay","logo, brand text, watermark, deformed limbs, extra fingers, low quality, blurry text, distorted face, cluttered, oversaturated, plastic look, duplicate furniture, broken perspective",pending,
yg_0552,더블,Double,before_after,비포·애프터,퇴근 전 vs 퇴근 후 내 모습,겨울 러그 깔린 마루,반려묘와 함께,푹 꺼지는 모션 블러,테라코타,1:1,1080x1080,피드 정방,"A premium oversized bean bag sofa (맥스 2배 폭의 초대형 빈백, 커플·가족용 침대 겸용), 테라코타 fabric color, a person with a cat curled up nearby, winter living room with rug, cozy ondol floor warmth, motion-blur of a body sinking into the bean bag, dynamic, Korean home aesthetic, photorealistic, high-end interior photography, soft natural shadows, 8k, advertising quality, leave clean negative space at the top for a text overlay","logo, brand text, watermark, deformed limbs, extra fingers, low quality, blurry text, distorted face, cluttered, oversaturated, plastic look, duplicate furniture, broken perspective",pending,
yg_0553,팟,Pod,fomo_scarcity,FOMO·희소성,"이 컬러, 곧 사라집니다",펜션·풀빌라 거실,책 읽는 학생,오버헤드 부감,딥 네이비,9:16,1080x1920,릴스/스토리,"A premium oversized bean bag sofa (둥근 1인 의자형 빈백, 감싸는 듯한 곡선 실루엣), 딥 네이비 fabric color, a student reading a book, vacation pension living room, premium resort vibe, high overhead bird's-eye angle looking down, Korean home aesthetic, photorealistic, high-end interior photography, soft natural shadows, 8k, advertising quality, leave clean negative space at the top for a text overlay","logo, brand text, watermark, deformed limbs, extra fingers, low quality, blurry text, distorted face, cluttered, oversaturated, plastic look, duplicate furniture, broken perspective",pending,
yg_0554,미디,Midi,season_hook,시즌·타이밍,올여름 에어컨 앞 명당 자리,무드등 켜진 밤 침실,반려묘와 함께,초근접 텍스처 클로즈업,올리브 그린,1:1,1080x1080,피드 정방,"A premium oversized bean bag sofa (맥스의 컴팩트 버전, 청소년·소형 공간용 중형 빈백), 올리브 그린 fabric color, a person with a cat curled up nearby, dim bedroom at night with warm mood lighting, extreme macro close-up of plush fabric texture, shallow depth of field, Korean home aesthetic, photorealistic, high-end interior photography, soft natural shadows, 8k, advertising quality, leave clean negative space at the top for a text overlay","logo, brand text, watermark, deformed limbs, extra fingers, low quality, blurry text, distorted face, cluttered, oversaturated, plastic look, duplicate furniture, broken perspective",pending,
yg_0555,라운저,Lounger,price_value,가치·합리화,비싸 보이지만 1평도 안 차지,한강 피크닉 잔디,친구들 홈파티,스플릿 비교 컷,머스타드 옐로,9:16,1080x1920,릴스/스토리,"A premium oversized bean bag sofa (등받이가 높은 1인 라운지형 빈백, 독서·휴식용), 머스타드 옐로 fabric color, a few friends hanging out, casual home party, Hangang river park lawn picnic, outdoor daytime, split-screen before/after comparison layout, Korean home aesthetic, photorealistic, high-end interior photography, soft natural shadows, 8k, advertising quality, leave clean negative space at the top for a text overlay","logo, brand text, watermark, deformed limbs, extra fingers, low quality, blurry text, distorted face, cluttered, oversaturated, plastic look, duplicate furniture, broken perspective",pending,
yg_0556,플로어,Floor,fomo_scarcity,FOMO·희소성,지금 안 보면 다음은 내년,게이밍 셋업 방,낮잠 자는 사람,스플릿 비교 컷,오트밀 화이트,9:16,1080x1920,릴스/스토리,"A premium oversized bean bag sofa (좌식 문화 맞춤 초저높이 빈백), 오트밀 화이트 fabric color, a person napping, eyes closed, blissful, gaming room with RGB lights and a desk setup, split-screen before/after comparison layout, Korean home aesthetic, photorealistic, high-end interior photography, soft natural shadows, 8k, advertising quality, leave clean negative space at the top for a text overlay","logo, brand text, watermark, deformed limbs, extra fingers, low quality, blurry text, distorted face, cluttered, oversaturated, plastic look, duplicate furniture, broken perspective",pending,
yg_0557,슬림,Slim,curiosity_gap,호기심 갭,이게 소파라고? 끝까지 보면 놀람,재택 홈오피스,친구들 홈파티,골든아워 시네마틱,오트밀 화이트,1:1,1080x1080,피드 정방,"A premium oversized bean bag sofa (좁은 폭의 빈백, 1인 라운지 체어 형태), 오트밀 화이트 fabric color, a few friends hanging out, casual home party, work-from-home office corner, laptop on a low table, golden hour cinematic lighting, warm glow, film look, Korean home aesthetic, photorealistic, high-end interior photography, soft natural shadows, 8k, advertising quality, leave clean negative space at the top for a text overlay","logo, brand text, watermark, deformed limbs, extra fingers, low quality, blurry text, distorted face, cluttered, oversaturated, plastic look, duplicate furniture, broken perspective",pending,
yg_0558,라운저,Lounger,fomo_scarcity,FOMO·희소성,"이 컬러, 곧 사라집니다",펜션·풀빌라 거실,재택근무 직장인,다크 무드 라이팅,더스티 핑크,4:5,1080x1350,피드 세로,"A premium oversized bean bag sofa (등받이가 높은 1인 라운지형 빈백, 독서·휴식용), 더스티 핑크 fabric color, a remote worker taking a break, vacation pension living room, premium resort vibe, dark moody lighting with a single warm light source, Korean home aesthetic, photorealistic, high-end interior photography, soft natural shadows, 8k, advertising quality, leave clean negative space at the top for a text overlay","logo, brand text, watermark, deformed limbs, extra fingers, low quality, blurry text, distorted face, cluttered, oversaturated, plastic look, duplicate furniture, broken perspective",pending,
yg_0559,피라미드,Pyramid,fomo_scarcity,FOMO·희소성,다들 이미 거실에 하나씩 들였대요,서재 책장 앞,친구들 홈파티,한 손 스케일 비교,테라코타,4:5,1080x1350,피드 세로,"A premium oversized bean bag sofa (삼각 쿠션형 빈백, 등·허리 받침용 보조 쿠션), 테라코타 fabric color, a few friends hanging out, casual home party, home library nook in front of bookshelves, hand or person for scale, emphasizing size and softness, Korean home aesthetic, photorealistic, high-end interior photography, soft natural shadows, 8k, advertising quality, leave clean negative space at the top for a text overlay","logo, brand text, watermark, deformed limbs, extra fingers, low quality, blurry text, distorted face, cluttered, oversaturated, plastic look, duplicate furniture, broken perspective",pending,
yg_0560,키즈,Kids,problem_agitate,문제 자극,반려견이 소파를 다 뜯어놨다면,햇살 드는 거실 창가,반려묘와 함께,미니멀 제품 히어로,크림 베이지,4:5,1080x1350,피드 세로,"A premium oversized bean bag sofa (유아·아동 안전 인증 소형 빈백, 밝은 컬러), 크림 베이지 fabric color, a person with a cat curled up nearby, sunlit living room by a large window, soft daylight, minimal product hero shot, soft gradient backdrop, studio light, Korean home aesthetic, photorealistic, high-end interior photography, soft natural shadows, 8k, advertising quality, leave clean negative space at the top for a text overlay","logo, brand text, watermark, deformed limbs, extra fingers, low quality, blurry text, distorted face, cluttered, oversaturated, plastic look, duplicate furniture, broken perspective",pending,
yg_0561,온돌,Ondol,fomo_scarcity,FOMO·희소성,"올여름 품절 1순위, 미리 보세요",서재 책장 앞,책 읽는 학생,미니멀 제품 히어로,딥 네이비,1:1,1080x1080,피드 정방,"A premium oversized bean bag sofa (겨울 발열 커버형 빈백, 전기요 호환), 딥 네이비 fabric color, a student reading a book, home library nook in front of bookshelves, minimal product hero shot, soft gradient backdrop, studio light, Korean home aesthetic, photorealistic, high-end interior photography, soft natural shadows, 8k, advertising quality, leave clean negative space at the top for a text overlay","logo, brand text, watermark, deformed limbs, extra fingers, low quality, blurry text, distorted face, cluttered, oversaturated, plastic look, duplicate furniture, broken perspective",pending,
yg_0562,팟,Pod,social_proof,사회적 증거,한 번 산 사람은 색깔만 늘린다,한강 피크닉 잔디,제품 단독(인물 없음),푹 꺼지는 모션 블러,코발트 블루,1:1,1080x1080,피드 정방,"A premium oversized bean bag sofa (둥근 1인 의자형 빈백, 감싸는 듯한 곡선 실루엣), 코발트 블루 fabric color, Hangang river park lawn picnic, outdoor daytime, motion-blur of a body sinking into the bean bag, dynamic, Korean home aesthetic, photorealistic, high-end interior photography, soft natural shadows, 8k, advertising quality, leave clean negative space at the top for a text overlay","logo, brand text, watermark, deformed limbs, extra fingers, low quality, blurry text, distorted face, cluttered, oversaturated, plastic look, duplicate furniture, broken perspective",pending,
yg_0563,허기보,Hugibo,aspiration,동경·라이프스타일,"남의 집 같던 그 무드, 우리집에",서재 책장 앞,다정한 커플,파스텔 팝 컬러블록,크림 베이지,4:5,1080x1350,피드 세로,"A premium oversized bean bag sofa (끌어안는 바디필로우형 빈백, 수면·포옹감 강조), 크림 베이지 fabric color, a cozy couple lounging together, home library nook in front of bookshelves, pastel pop color-block background, playful graphic style, Korean home aesthetic, photorealistic, high-end interior photography, soft natural shadows, 8k, advertising quality, leave clean negative space at the top for a text overlay","logo, brand text, watermark, deformed limbs, extra fingers, low quality, blurry text, distorted face, cluttered, oversaturated, plastic look, duplicate furniture, broken perspective",pending,
yg_0564,슬림,Slim,pattern_interrupt,패턴 인터럽트,3초 뒤 반전 주의,무드등 켜진 밤 침실,제품 단독(인물 없음),스플릿 비교 컷,크림 베이지,1:1,1080x1080,피드 정방,"A premium oversized bean bag sofa (좁은 폭의 빈백, 1인 라운지 체어 형태), 크림 베이지 fabric color, dim bedroom at night with warm mood lighting, split-screen before/after comparison layout, Korean home aesthetic, photorealistic, high-end interior photography, soft natural shadows, 8k, advertising quality, leave clean negative space at the top for a text overlay","logo, brand text, watermark, deformed limbs, extra fingers, low quality, blurry text, distorted face, cluttered, oversaturated, plastic look, duplicate furniture, broken perspective",pending,
yg_0565,피라미드,Pyramid,season_hook,시즌·타이밍,올여름 에어컨 앞 명당 자리,아늑한 원룸,아이와 부모 가족,골든아워 시네마틱,올리브 그린,9:16,1080x1920,릴스/스토리,"A premium oversized bean bag sofa (삼각 쿠션형 빈백, 등·허리 받침용 보조 쿠션), 올리브 그린 fabric color, a parent and a child playing, cozy compact studio apartment, minimal Korean interior, golden hour cinematic lighting, warm glow, film look, Korean home aesthetic, photorealistic, high-end interior photography, soft natural shadows, 8k, advertising quality, leave clean negative space at the top for a text overlay","logo, brand text, watermark, deformed limbs, extra fingers, low quality, blurry text, distorted face, cluttered, oversaturated, plastic look, duplicate furniture, broken perspective",pending,
yg_0566,피라미드,Pyramid,social_proof,사회적 증거,재구매율이 말해주는 편안함,서재 책장 앞,반려묘와 함께,스플릿 비교 컷,차콜 그레이,9:16,1080x1920,릴스/스토리,"A premium oversized bean bag sofa (삼각 쿠션형 빈백, 등·허리 받침용 보조 쿠션), 차콜 그레이 fabric color, a person with a cat curled up nearby, home library nook in front of bookshelves, split-screen before/after comparison layout, Korean home aesthetic, photorealistic, high-end interior photography, soft natural shadows, 8k, advertising quality, leave clean negative space at the top for a text overlay","logo, brand text, watermark, deformed limbs, extra fingers, low quality, blurry text, distorted face, cluttered, oversaturated, plastic look, duplicate furniture, broken perspective",pending,
yg_0567,더블,Double,season_hook,시즌·타이밍,"장마철, 집이 가장 좋아지는 이유",감성 카페 라운지,반려묘와 함께,로우앵글 임팩트,코발트 블루,4:5,1080x1350,피드 세로,"A premium oversized bean bag sofa (맥스 2배 폭의 초대형 빈백, 커플·가족용 침대 겸용), 코발트 블루 fabric color, a person with a cat curled up nearby, trendy cafe lounge interior, warm wood tones, dramatic low angle, product looks grand and inviting, Korean home aesthetic, photorealistic, high-end interior photography, soft natural shadows, 8k, advertising quality, leave clean negative space at the top for a text overlay","logo, brand text, watermark, deformed limbs, extra fingers, low quality, blurry text, distorted face, cluttered, oversaturated, plastic look, duplicate furniture, broken perspective",pending,
yg_0568,키즈,Kids,asmr_sensory,감각·ASMR,"오늘 밤, 여기로 사라지고 싶다",겨울 러그 깔린 마루,친구들 홈파티,미니멀 제품 히어로,올리브 그린,9:16,1080x1920,릴스/스토리,"A premium oversized bean bag sofa (유아·아동 안전 인증 소형 빈백, 밝은 컬러), 올리브 그린 fabric color, a few friends hanging out, casual home party, winter living room with rug, cozy ondol floor warmth, minimal product hero shot, soft gradient backdrop, studio light, Korean home aesthetic, photorealistic, high-end interior photography, soft natural shadows, 8k, advertising quality, leave clean negative space at the top for a text overlay","logo, brand text, watermark, deformed limbs, extra fingers, low quality, blurry text, distorted face, cluttered, oversaturated, plastic look, duplicate furniture, broken perspective",pending,
yg_0569,더블,Double,before_after,비포·애프터,어제의 허리 vs 오늘의 허리,무드등 켜진 밤 침실,아이와 부모 가족,골든아워 시네마틱,오트밀 화이트,9:16,1080x1920,릴스/스토리,"A premium oversized bean bag sofa (맥스 2배 폭의 초대형 빈백, 커플·가족용 침대 겸용), 오트밀 화이트 fabric color, a parent and a child playing, dim bedroom at night with warm mood lighting, golden hour cinematic lighting, warm glow, film look, Korean home aesthetic, photorealistic, high-end interior photography, soft natural shadows, 8k, advertising quality, leave clean negative space at the top for a text overlay","logo, brand text, watermark, deformed limbs, extra fingers, low quality, blurry text, distorted face, cluttered, oversaturated, plastic look, duplicate furniture, broken perspective",pending,
yg_0570,미디,Midi,social_proof,사회적 증거,"리뷰 10,000개가 말하는 그 소파",겨울 러그 깔린 마루,제품 단독(인물 없음),탑다운 플랫레이,코발트 블루,9:16,1080x1920,릴스/스토리,"A premium oversized bean bag sofa (맥스의 컴팩트 버전, 청소년·소형 공간용 중형 빈백), 코발트 블루 fabric color, winter living room with rug, cozy ondol floor warmth, top-down flat lay composition, neatly arranged, Korean home aesthetic, photorealistic, high-end interior photography, soft natural shadows, 8k, advertising quality, leave clean negative space at the top for a text overlay","logo, brand text, watermark, deformed limbs, extra fingers, low quality, blurry text, distorted face, cluttered, oversaturated, plastic look, duplicate furniture, broken perspective",pending,
yg_0571,미니,Mini,social_proof,사회적 증거,재구매율이 말해주는 편안함,펜션·풀빌라 거실,20대 1인 가구 여성,초근접 텍스처 클로즈업,올리브 그린,4:5,1080x1350,피드 세로,"A premium oversized bean bag sofa (1인용 소형 빈백, 가볍고 어디든 옮기는 컴팩트 사이즈), 올리브 그린 fabric color, a young woman in her 20s living alone, relaxed, vacation pension living room, premium resort vibe, extreme macro close-up of plush fabric texture, shallow depth of field, Korean home aesthetic, photorealistic, high-end interior photography, soft natural shadows, 8k, advertising quality, leave clean negative space at the top for a text overlay","logo, brand text, watermark, deformed limbs, extra fingers, low quality, blurry text, distorted face, cluttered, oversaturated, plastic look, duplicate furniture, broken perspective",pending,
yg_0572,미니,Mini,humor_relatable,유머·공감,주말의 나: 요기보와 한 몸,미니멀 화이트 스튜디오,다정한 커플,다크 무드 라이팅,크림 베이지,1:1,1080x1080,피드 정방,"A premium oversized bean bag sofa (1인용 소형 빈백, 가볍고 어디든 옮기는 컴팩트 사이즈), 크림 베이지 fabric color, a cozy couple lounging together, clean white photo studio, seamless backdrop, dark moody lighting with a single warm light source, Korean home aesthetic, photorealistic, high-end interior photography, soft natural shadows, 8k, advertising quality, leave clean negative space at the top for a text overlay","logo, brand text, watermark, deformed limbs, extra fingers, low quality, blurry text, distorted face, cluttered, oversaturated, plastic look, duplicate furniture, broken perspective",pending,
yg_0573,미니 K,Mini K,season_hook,시즌·타이밍,"연말, 가족이 모이는 새 중심",캠핑·차박 텐트 안,책 읽는 학생,미니멀 제품 히어로,머스타드 옐로,4:5,1080x1350,피드 세로,"A premium oversized bean bag sofa (원룸·15평 이하 전용 초소형 빈백), 머스타드 옐로 fabric color, a student reading a book, inside a camping tent / car-camping setup, lantern light, minimal product hero shot, soft gradient backdrop, studio light, Korean home aesthetic, photorealistic, high-end interior photography, soft natural shadows, 8k, advertising quality, leave clean negative space at the top for a text overlay","logo, brand text, watermark, deformed limbs, extra fingers, low quality, blurry text, distorted face, cluttered, oversaturated, plastic look, duplicate furniture, broken perspective",pending,
yg_0574,더블,Double,aspiration,동경·라이프스타일,내가 꿈꾸던 거실은 이런 거였어,게이밍 셋업 방,제품 단독(인물 없음),골든아워 시네마틱,더스티 핑크,9:16,1080x1920,릴스/스토리,"A premium oversized bean bag sofa (맥스 2배 폭의 초대형 빈백, 커플·가족용 침대 겸용), 더스티 핑크 fabric color, gaming room with RGB lights and a desk setup, golden hour cinematic lighting, warm glow, film look, Korean home aesthetic, photorealistic, high-end interior photography, soft natural shadows, 8k, advertising quality, leave clean negative space at the top for a text overlay","logo, brand text, watermark, deformed limbs, extra fingers, low quality, blurry text, distorted face, cluttered, oversaturated, plastic look, duplicate furniture, broken perspective",pending,
yg_0575,팟,Pod,curiosity_gap,호기심 갭,왜 다들 침대를 두고 여기서 잘까?,펜션·풀빌라 거실,20대 1인 가구 여성,파스텔 팝 컬러블록,테라코타,9:16,1080x1920,릴스/스토리,"A premium oversized bean bag sofa (둥근 1인 의자형 빈백, 감싸는 듯한 곡선 실루엣), 테라코타 fabric color, a young woman in her 20s living alone, relaxed, vacation pension living room, premium resort vibe, pastel pop color-block background, playful graphic style, Korean home aesthetic, photorealistic, high-end interior photography, soft natural shadows, 8k, advertising quality, leave clean negative space at the top for a text overlay","logo, brand text, watermark, deformed limbs, extra fingers, low quality, blurry text, distorted face, cluttered, oversaturated, plastic look, duplicate furniture, broken perspective",pending,
yg_0576,라운저,Lounger,before_after,비포·애프터,혼자 살기 전 → 혼자 살고 난 후의 거실,아늑한 원룸,책 읽는 학생,오버헤드 부감,올리브 그린,4:5,1080x1350,피드 세로,"A premium oversized bean bag sofa (등받이가 높은 1인 라운지형 빈백, 독서·휴식용), 올리브 그린 fabric color, a student reading a book, cozy compact studio apartment, minimal Korean interior, high overhead bird's-eye angle looking down, Korean home aesthetic, photorealistic, high-end interior photography, soft natural shadows, 8k, advertising quality, leave clean negative space at the top for a text overlay","logo, brand text, watermark, deformed limbs, extra fingers, low quality, blurry text, distorted face, cluttered, oversaturated, plastic look, duplicate furniture, broken perspective",pending,
yg_0577,프라임,Prime,curiosity_gap,호기심 갭,이게 소파라고? 끝까지 보면 놀람,서재 책장 앞,게이머 청년,다크 무드 라이팅,오트밀 화이트,9:16,1080x1920,릴스/스토리,"A premium oversized bean bag sofa (슬림한 등받이형 빈백, 의자처럼 세워 앉기 좋은 형태), 오트밀 화이트 fabric color, a young gamer with a controller, home library nook in front of bookshelves, dark moody lighting with a single warm light source, Korean home aesthetic, photorealistic, high-end interior photography, soft natural shadows, 8k, advertising quality, leave clean negative space at the top for a text overlay","logo, brand text, watermark, deformed limbs, extra fingers, low quality, blurry text, distorted face, cluttered, oversaturated, plastic look, duplicate furniture, broken perspective",pending,
yg_0578,피라미드,Pyramid,transformation,변신·다용도,"1개로 5가지 자세, 직접 보세요",펜션·풀빌라 거실,다정한 커플,골든아워 시네마틱,더스티 핑크,4:5,1080x1350,피드 세로,"A premium oversized bean bag sofa (삼각 쿠션형 빈백, 등·허리 받침용 보조 쿠션), 더스티 핑크 fabric color, a cozy couple lounging together, vacation pension living room, premium resort vibe, golden hour cinematic lighting, warm glow, film look, Korean home aesthetic, photorealistic, high-end interior photography, soft natural shadows, 8k, advertising quality, leave clean negative space at the top for a text overlay","logo, brand text, watermark, deformed limbs, extra fingers, low quality, blurry text, distorted face, cluttered, oversaturated, plastic look, duplicate furniture, broken perspective",pending,
yg_0579,미니,Mini,transformation,변신·다용도,하나로 거실 전체를 바꾸는 법,햇살 드는 거실 창가,아이와 부모 가족,푹 꺼지는 모션 블러,테라코타,4:5,1080x1350,피드 세로,"A premium oversized bean bag sofa (1인용 소형 빈백, 가볍고 어디든 옮기는 컴팩트 사이즈), 테라코타 fabric color, a parent and a child playing, sunlit living room by a large window, soft daylight, motion-blur of a body sinking into the bean bag, dynamic, Korean home aesthetic, photorealistic, high-end interior photography, soft natural shadows, 8k, advertising quality, leave clean negative space at the top for a text overlay","logo, brand text, watermark, deformed limbs, extra fingers, low quality, blurry text, distorted face, cluttered, oversaturated, plastic look, duplicate furniture, broken perspective",pending,
yg_0580,키즈,Kids,before_after,비포·애프터,딱딱한 거실 → 3초 만에 라운지로,아늑한 원룸,반려견과 집사,한 손 스케일 비교,머스타드 옐로,1:1,1080x1080,피드 정방,"A premium oversized bean bag sofa (유아·아동 안전 인증 소형 빈백, 밝은 컬러), 머스타드 옐로 fabric color, a person with a small dog cuddling, cozy compact studio apartment, minimal Korean interior, hand or person for scale, emphasizing size and softness, Korean home aesthetic, photorealistic, high-end interior photography, soft natural shadows, 8k, advertising quality, leave clean negative space at the top for a text overlay","logo, brand text, watermark, deformed limbs, extra fingers, low quality, blurry text, distorted face, cluttered, oversaturated, plastic look, duplicate furniture, broken perspective",pending,
yg_0581,드롭,Drop,aspiration,동경·라이프스타일,내가 꿈꾸던 거실은 이런 거였어,감성 카페 라운지,20대 1인 가구 여성,로우앵글 임팩트,차콜 그레이,1:1,1080x1080,피드 정방,"A premium oversized bean bag sofa (물방울 형태의 빈백 스툴, 발받침·보조 좌석용), 차콜 그레이 fabric color, a young woman in her 20s living alone, relaxed, trendy cafe lounge interior, warm wood tones, dramatic low angle, product looks grand and inviting, Korean home aesthetic, photorealistic, high-end interior photography, soft natural shadows, 8k, advertising quality, leave clean negative space at the top for a text overlay","logo, brand text, watermark, deformed limbs, extra fingers, low quality, blurry text, distorted face, cluttered, oversaturated, plastic look, duplicate furniture, broken perspective",pending,
yg_0582,맥스,Max,curiosity_gap,호기심 갭,사람을 망치는 소파가 있다는데…,한강 피크닉 잔디,재택근무 직장인,미니멀 제품 히어로,머스타드 옐로,4:5,1080x1350,피드 세로,"A premium oversized bean bag sofa (6피트 풀사이즈 빈백 소파, 1인이 완전히 누울 수 있는 길이), 머스타드 옐로 fabric color, a remote worker taking a break, Hangang river park lawn picnic, outdoor daytime, minimal product hero shot, soft gradient backdrop, studio light, Korean home aesthetic, photorealistic, high-end interior photography, soft natural shadows, 8k, advertising quality, leave clean negative space at the top for a text overlay","logo, brand text, watermark, deformed limbs, extra fingers, low quality, blurry text, distorted face, cluttered, oversaturated, plastic look, duplicate furniture, broken perspective",pending,
yg_0583,펫,Pet,fomo_scarcity,FOMO·희소성,한정 컬러 — 재입고 없음,키즈룸,제품 단독(인물 없음),탑다운 플랫레이,딥 네이비,4:5,1080x1350,피드 세로,"A premium oversized bean bag sofa (방수·항균·발톱 저항 커버의 반려동물용 빈백), 딥 네이비 fabric color, bright kids room with toys, playful pastel palette, top-down flat lay composition, neatly arranged, Korean home aesthetic, photorealistic, high-end interior photography, soft natural shadows, 8k, advertising quality, leave clean negative space at the top for a text overlay","logo, brand text, watermark, deformed limbs, extra fingers, low quality, blurry text, distorted face, cluttered, oversaturated, plastic look, duplicate furniture, broken perspective",pending,
yg_0584,미니 K,Mini K,season_hook,시즌·타이밍,환절기 허리에게 주는 선물,아늑한 원룸,친구들 홈파티,오버헤드 부감,오트밀 화이트,1:1,1080x1080,피드 정방,"A premium oversized bean bag sofa (원룸·15평 이하 전용 초소형 빈백), 오트밀 화이트 fabric color, a few friends hanging out, casual home party, cozy compact studio apartment, minimal Korean interior, high overhead bird's-eye angle looking down, Korean home aesthetic, photorealistic, high-end interior photography, soft natural shadows, 8k, advertising quality, leave clean negative space at the top for a text overlay","logo, brand text, watermark, deformed limbs, extra fingers, low quality, blurry text, distorted face, cluttered, oversaturated, plastic look, duplicate furniture, broken perspective",pending,
yg_0585,미디,Midi,transformation,변신·다용도,"낮엔 소파, 밤엔 침대",겨울 러그 깔린 마루,재택근무 직장인,오버헤드 부감,차콜 그레이,4:5,1080x1350,피드 세로,"A premium oversized bean bag sofa (맥스의 컴팩트 버전, 청소년·소형 공간용 중형 빈백), 차콜 그레이 fabric color, a remote worker taking a break, winter living room with rug, cozy ondol floor warmth, high overhead bird's-eye angle looking down, Korean home aesthetic, photorealistic, high-end interior photography, soft natural shadows, 8k, advertising quality, leave clean negative space at the top for a text overlay","logo, brand text, watermark, deformed limbs, extra fingers, low quality, blurry text, distorted face, cluttered, oversaturated, plastic look, duplicate furniture, broken perspective",pending,
yg_0586,슬림,Slim,asmr_sensory,감각·ASMR,"이 촉감, 화면으로도 느껴지나요?",키즈룸,아이와 부모 가족,로우앵글 임팩트,올리브 그린,9:16,1080x1920,릴스/스토리,"A premium oversized bean bag sofa (좁은 폭의 빈백, 1인 라운지 체어 형태), 올리브 그린 fabric color, a parent and a child playing, bright kids room with toys, playful pastel palette, dramatic low angle, product looks grand and inviting, Korean home aesthetic, photorealistic, high-end interior photography, soft natural shadows, 8k, advertising quality, leave clean negative space at the top for a text overlay","logo, brand text, watermark, deformed limbs, extra fingers, low quality, blurry text, distorted face, cluttered, oversaturated, plastic look, duplicate furniture, broken perspective",pending,
yg_0587,팟,Pod,social_proof,사회적 증거,연예인 자취방에 다 있다는 그것,한강 피크닉 잔디,책 읽는 학생,스플릿 비교 컷,딥 네이비,9:16,1080x1920,릴스/스토리,"A premium oversized bean bag sofa (둥근 1인 의자형 빈백, 감싸는 듯한 곡선 실루엣), 딥 네이비 fabric color, a student reading a book, Hangang river park lawn picnic, outdoor daytime, split-screen before/after comparison layout, Korean home aesthetic, photorealistic, high-end interior photography, soft natural shadows, 8k, advertising quality, leave clean negative space at the top for a text overlay","logo, brand text, watermark, deformed limbs, extra fingers, low quality, blurry text, distorted face, cluttered, oversaturated, plastic look, duplicate furniture, broken perspective",pending,
yg_0588,온돌,Ondol,problem_agitate,문제 자극,"비싼 소파, 커버는 왜 못 빨까?",한강 피크닉 잔디,낮잠 자는 사람,골든아워 시네마틱,딥 네이비,4:5,1080x1350,피드 세로,"A premium oversized bean bag sofa (겨울 발열 커버형 빈백, 전기요 호환), 딥 네이비 fabric color, a person napping, eyes closed, blissful, Hangang river park lawn picnic, outdoor daytime, golden hour cinematic lighting, warm glow, film look, Korean home aesthetic, photorealistic, high-end interior photography, soft natural shadows, 8k, advertising quality, leave clean negative space at the top for a text overlay","logo, brand text, watermark, deformed limbs, extra fingers, low quality, blurry text, distorted face, cluttered, oversaturated, plastic look, duplicate furniture, broken perspective",pending,
yg_0589,프라임,Prime,asmr_sensory,감각·ASMR,손이 닿는 순간 멈추는 마법의 촉감,겨울 러그 깔린 마루,반려묘와 함께,파스텔 팝 컬러블록,크림 베이지,4:5,1080x1350,피드 세로,"A premium oversized bean bag sofa (슬림한 등받이형 빈백, 의자처럼 세워 앉기 좋은 형태), 크림 베이지 fabric color, a person with a cat curled up nearby, winter living room with rug, cozy ondol floor warmth, pastel pop color-block background, playful graphic style, Korean home aesthetic, photorealistic, high-end interior photography, soft natural shadows, 8k, advertising quality, leave clean negative space at the top for a text overlay","logo, brand text, watermark, deformed limbs, extra fingers, low quality, blurry text, distorted face, cluttered, oversaturated, plastic look, duplicate furniture, broken perspective",pending,
yg_0590,키즈,Kids,asmr_sensory,감각·ASMR,무중력으로 가라앉는 30초,한강 피크닉 잔디,제품 단독(인물 없음),라이프스타일 와이드,테라코타,9:16,1080x1920,릴스/스토리,"A premium oversized bean bag sofa (유아·아동 안전 인증 소형 빈백, 밝은 컬러), 테라코타 fabric color, Hangang river park lawn picnic, outdoor daytime, wide lifestyle editorial shot, natural light, lived-in feel, Korean home aesthetic, photorealistic, high-end interior photography, soft natural shadows, 8k, advertising quality, leave clean negative space at the top for a text overlay","logo, brand text, watermark, deformed limbs, extra fingers, low quality, blurry text, distorted face, cluttered, oversaturated, plastic look, duplicate furniture, broken perspective",pending,
yg_0591,라운저,Lounger,fomo_scarcity,FOMO·희소성,한정 컬러 — 재입고 없음,키즈룸,20대 1인 가구 여성,라이프스타일 와이드,딥 네이비,4:5,1080x1350,피드 세로,"A premium oversized bean bag sofa (등받이가 높은 1인 라운지형 빈백, 독서·휴식용), 딥 네이비 fabric color, a young woman in her 20s living alone, relaxed, bright kids room with toys, playful pastel palette, wide lifestyle editorial shot, natural light, lived-in feel, Korean home aesthetic, photorealistic, high-end interior photography, soft natural shadows, 8k, advertising quality, leave clean negative space at the top for a text overlay","logo, brand text, watermark, deformed limbs, extra fingers, low quality, blurry text, distorted face, cluttered, oversaturated, plastic look, duplicate furniture, broken perspective",pending,
yg_0592,허기보,Hugibo,season_hook,시즌·타이밍,"장마철, 집이 가장 좋아지는 이유",발코니·테라스,책 읽는 학생,한 손 스케일 비교,차콜 그레이,4:5,1080x1350,피드 세로,"A premium oversized bean bag sofa (끌어안는 바디필로우형 빈백, 수면·포옹감 강조), 차콜 그레이 fabric color, a student reading a book, apartment balcony with plants and city view, hand or person for scale, emphasizing size and softness, Korean home aesthetic, photorealistic, high-end interior photography, soft natural shadows, 8k, advertising quality, leave clean negative space at the top for a text overlay","logo, brand text, watermark, deformed limbs, extra fingers, low quality, blurry text, distorted face, cluttered, oversaturated, plastic look, duplicate furniture, broken perspective",pending,
yg_0593,맥스,Max,before_after,비포·애프터,소파 있을 때 vs 요기보 들인 후,펜션·풀빌라 거실,친구들 홈파티,탑다운 플랫레이,더스티 핑크,9:16,1080x1920,릴스/스토리,"A premium oversized bean bag sofa (6피트 풀사이즈 빈백 소파, 1인이 완전히 누울 수 있는 길이), 더스티 핑크 fabric color, a few friends hanging out, casual home party, vacation pension living room, premium resort vibe, top-down flat lay composition, neatly arranged, Korean home aesthetic, photorealistic, high-end interior photography, soft natural shadows, 8k, advertising quality, leave clean negative space at the top for a text overlay","logo, brand text, watermark, deformed limbs, extra fingers, low quality, blurry text, distorted face, cluttered, oversaturated, plastic look, duplicate furniture, broken perspective",pending,
yg_0594,드롭,Drop,price_value,가치·합리화,"10년 쓰는 소파, 커버만 갈면 새것",아늑한 원룸,반려견과 집사,골든아워 시네마틱,차콜 그레이,9:16,1080x1920,릴스/스토리,"A premium oversized bean bag sofa (물방울 형태의 빈백 스툴, 발받침·보조 좌석용), 차콜 그레이 fabric color, a person with a small dog cuddling, cozy compact studio apartment, minimal Korean interior, golden hour cinematic lighting, warm glow, film look, Korean home aesthetic, photorealistic, high-end interior photography, soft natural shadows, 8k, advertising quality, leave clean negative space at the top for a text overlay","logo, brand text, watermark, deformed limbs, extra fingers, low quality, blurry text, distorted face, cluttered, oversaturated, plastic look, duplicate furniture, broken perspective",pending,
yg_0595,서포트,Support,pattern_interrupt,패턴 인터럽트,이런 식으로 앉는 거 처음 봄,서재 책장 앞,책 읽는 학생,한 손 스케일 비교,머스타드 옐로,1:1,1080x1080,피드 정방,"A premium oversized bean bag sofa (U자형 받침 쿠션, 빈백과 결합해 리클라이너로 변신), 머스타드 옐로 fabric color, a student reading a book, home library nook in front of bookshelves, hand or person for scale, emphasizing size and softness, Korean home aesthetic, photorealistic, high-end interior photography, soft natural shadows, 8k, advertising quality, leave clean negative space at the top for a text overlay","logo, brand text, watermark, deformed limbs, extra fingers, low quality, blurry text, distorted face, cluttered, oversaturated, plastic look, duplicate furniture, broken perspective",pending,
yg_0596,미니,Mini,asmr_sensory,감각·ASMR,푹— 몸이 그대로 녹아드는 소리,무드등 켜진 밤 침실,제품 단독(인물 없음),한 손 스케일 비교,크림 베이지,4:5,1080x1350,피드 세로,"A premium oversized bean bag sofa (1인용 소형 빈백, 가볍고 어디든 옮기는 컴팩트 사이즈), 크림 베이지 fabric color, dim bedroom at night with warm mood lighting, hand or person for scale, emphasizing size and softness, Korean home aesthetic, photorealistic, high-end interior photography, soft natural shadows, 8k, advertising quality, leave clean negative space at the top for a text overlay","logo, brand text, watermark, deformed limbs, extra fingers, low quality, blurry text, distorted face, cluttered, oversaturated, plastic look, duplicate furniture, broken perspective",pending,
yg_0597,미니 K,Mini K,humor_relatable,유머·공감,강아지에게 자리 뺏긴 1인,키즈룸,반려묘와 함께,파스텔 팝 컬러블록,크림 베이지,1:1,1080x1080,피드 정방,"A premium oversized bean bag sofa (원룸·15평 이하 전용 초소형 빈백), 크림 베이지 fabric color, a person with a cat curled up nearby, bright kids room with toys, playful pastel palette, pastel pop color-block background, playful graphic style, Korean home aesthetic, photorealistic, high-end interior photography, soft natural shadows, 8k, advertising quality, leave clean negative space at the top for a text overlay","logo, brand text, watermark, deformed limbs, extra fingers, low quality, blurry text, distorted face, cluttered, oversaturated, plastic look, duplicate furniture, broken perspective",pending,
yg_0598,서포트,Support,social_proof,사회적 증거,연예인 자취방에 다 있다는 그것,감성 카페 라운지,20대 1인 가구 여성,파스텔 팝 컬러블록,코발트 블루,9:16,1080x1920,릴스/스토리,"A premium oversized bean bag sofa (U자형 받침 쿠션, 빈백과 결합해 리클라이너로 변신), 코발트 블루 fabric color, a young woman in her 20s living alone, relaxed, trendy cafe lounge interior, warm wood tones, pastel pop color-block background, playful graphic style, Korean home aesthetic, photorealistic, high-end interior photography, soft natural shadows, 8k, advertising quality, leave clean negative space at the top for a text overlay","logo, brand text, watermark, deformed limbs, extra fingers, low quality, blurry text, distorted face, cluttered, oversaturated, plastic look, duplicate furniture, broken perspective",pending,
yg_0599,슬림,Slim,transformation,변신·다용도,접고 펴고 세우고 — 공간이 살아난다,키즈룸,20대 1인 가구 여성,라이프스타일 와이드,더스티 핑크,4:5,1080x1350,피드 세로,"A premium oversized bean bag sofa (좁은 폭의 빈백, 1인 라운지 체어 형태), 더스티 핑크 fabric color, a young woman in her 20s living alone, relaxed, bright kids room with toys, playful pastel palette, wide lifestyle editorial shot, natural light, lived-in feel, Korean home aesthetic, photorealistic, high-end interior photography, soft natural shadows, 8k, advertising quality, leave clean negative space at the top for a text overlay","logo, brand text, watermark, deformed limbs, extra fingers, low quality, blurry text, distorted face, cluttered, oversaturated, plastic look, duplicate furniture, broken perspective",pending,
yg_0600,키즈,Kids,price_value,가치·합리화,"10년 쓰는 소파, 커버만 갈면 새것",감성 카페 라운지,제품 단독(인물 없음),로우앵글 임팩트,더스티 핑크,9:16,1080x1920,릴스/스토리,"A premium oversized bean bag sofa (유아·아동 안전 인증 소형 빈백, 밝은 컬러), 더스티 핑크 fabric color, trendy cafe lounge interior, warm wood tones, dramatic low angle, product looks grand and inviting, Korean home aesthetic, photorealistic, high-end interior photography, soft natural shadows, 8k, advertising quality, leave clean negative space at the top for a text overlay","logo, brand text, watermark, deformed limbs, extra fingers, low quality, blurry text, distorted face, cluttered, oversaturated, plastic look, duplicate furniture, broken perspective",pending,
yg_0601,키즈,Kids,price_value,가치·합리화,비싸 보이지만 1평도 안 차지,한강 피크닉 잔디,반려묘와 함께,라이프스타일 와이드,테라코타,9:16,1080x1920,릴스/스토리,"A premium oversized bean bag sofa (유아·아동 안전 인증 소형 빈백, 밝은 컬러), 테라코타 fabric color, a person with a cat curled up nearby, Hangang river park lawn picnic, outdoor daytime, wide lifestyle editorial shot, natural light, lived-in feel, Korean home aesthetic, photorealistic, high-end interior photography, soft natural shadows, 8k, advertising quality, leave clean negative space at the top for a text overlay","logo, brand text, watermark, deformed limbs, extra fingers, low quality, blurry text, distorted face, cluttered, oversaturated, plastic look, duplicate furniture, broken perspective",pending,
yg_0602,허기보,Hugibo,season_hook,시즌·타이밍,올여름 에어컨 앞 명당 자리,펜션·풀빌라 거실,친구들 홈파티,미니멀 제품 히어로,라벤더,1:1,1080x1080,피드 정방,"A premium oversized bean bag sofa (끌어안는 바디필로우형 빈백, 수면·포옹감 강조), 라벤더 fabric color, a few friends hanging out, casual home party, vacation pension living room, premium resort vibe, minimal product hero shot, soft gradient backdrop, studio light, Korean home aesthetic, photorealistic, high-end interior photography, soft natural shadows, 8k, advertising quality, leave clean negative space at the top for a text overlay","logo, brand text, watermark, deformed limbs, extra fingers, low quality, blurry text, distorted face, cluttered, oversaturated, plastic look, duplicate furniture, broken perspective",pending,
yg_0603,더블,Double,curiosity_gap,호기심 갭,사람을 망치는 소파가 있다는데…,펜션·풀빌라 거실,다정한 커플,오버헤드 부감,코발트 블루,4:5,1080x1350,피드 세로,"A premium oversized bean bag sofa (맥스 2배 폭의 초대형 빈백, 커플·가족용 침대 겸용), 코발트 블루 fabric color, a cozy couple lounging together, vacation pension living room, premium resort vibe, high overhead bird's-eye angle looking down, Korean home aesthetic, photorealistic, high-end interior photography, soft natural shadows, 8k, advertising quality, leave clean negative space at the top for a text overlay","logo, brand text, watermark, deformed limbs, extra fingers, low quality, blurry text, distorted face, cluttered, oversaturated, plastic look, duplicate furniture, broken perspective",pending,
yg_0604,프라임,Prime,pattern_interrupt,패턴 인터럽트,끝까지 안 보면 손해,발코니·테라스,아이와 부모 가족,골든아워 시네마틱,딥 네이비,9:16,1080x1920,릴스/스토리,"A premium oversized bean bag sofa (슬림한 등받이형 빈백, 의자처럼 세워 앉기 좋은 형태), 딥 네이비 fabric color, a parent and a child playing, apartment balcony with plants and city view, golden hour cinematic lighting, warm glow, film look, Korean home aesthetic, photorealistic, high-end interior photography, soft natural shadows, 8k, advertising quality, leave clean negative space at the top for a text overlay","logo, brand text, watermark, deformed limbs, extra fingers, low quality, blurry text, distorted face, cluttered, oversaturated, plastic look, duplicate furniture, broken perspective",pending,
yg_0605,팟엑스,Pod X,aspiration,동경·라이프스타일,"이런 주말, 가져본 적 있나요",펜션·풀빌라 거실,책 읽는 학생,미니멀 제품 히어로,차콜 그레이,9:16,1080x1920,릴스/스토리,"A premium oversized bean bag sofa (확장형 듀얼 라이너 빈백, 몸 굴곡에 반응하는 분절 패널), 차콜 그레이 fabric color, a student reading a book, vacation pension living room, premium resort vibe, minimal product hero shot, soft gradient backdrop, studio light, Korean home aesthetic, photorealistic, high-end interior photography, soft natural shadows, 8k, advertising quality, leave clean negative space at the top for a text overlay","logo, brand text, watermark, deformed limbs, extra fingers, low quality, blurry text, distorted face, cluttered, oversaturated, plastic look, duplicate furniture, broken perspective",pending,
yg_0606,플로어,Floor,humor_relatable,유머·공감,강아지에게 자리 뺏긴 1인,키즈룸,재택근무 직장인,다크 무드 라이팅,더스티 핑크,4:5,1080x1350,피드 세로,"A premium oversized bean bag sofa (좌식 문화 맞춤 초저높이 빈백), 더스티 핑크 fabric color, a remote worker taking a break, bright kids room with toys, playful pastel palette, dark moody lighting with a single warm light source, Korean home aesthetic, photorealistic, high-end interior photography, soft natural shadows, 8k, advertising quality, leave clean negative space at the top for a text overlay","logo, brand text, watermark, deformed limbs, extra fingers, low quality, blurry text, distorted face, cluttered, oversaturated, plastic look, duplicate furniture, broken perspective",pending,
yg_0607,온돌,Ondol,price_value,가치·합리화,비싸 보이지만 1평도 안 차지,펜션·풀빌라 거실,20대 1인 가구 여성,라이프스타일 와이드,머스타드 옐로,4:5,1080x1350,피드 세로,"A premium oversized bean bag sofa (겨울 발열 커버형 빈백, 전기요 호환), 머스타드 옐로 fabric color, a young woman in her 20s living alone, relaxed, vacation pension living room, premium resort vibe, wide lifestyle editorial shot, natural light, lived-in feel, Korean home aesthetic, photorealistic, high-end interior photography, soft natural shadows, 8k, advertising quality, leave clean negative space at the top for a text overlay","logo, brand text, watermark, deformed limbs, extra fingers, low quality, blurry text, distorted face, cluttered, oversaturated, plastic look, duplicate furniture, broken perspective",pending,
yg_0608,펫,Pet,aspiration,동경·라이프스타일,"남의 집 같던 그 무드, 우리집에",햇살 드는 거실 창가,재택근무 직장인,로우앵글 임팩트,올리브 그린,9:16,1080x1920,릴스/스토리,"A premium oversized bean bag sofa (방수·항균·발톱 저항 커버의 반려동물용 빈백), 올리브 그린 fabric color, a remote worker taking a break, sunlit living room by a large window, soft daylight, dramatic low angle, product looks grand and inviting, Korean home aesthetic, photorealistic, high-end interior photography, soft natural shadows, 8k, advertising quality, leave clean negative space at the top for a text overlay","logo, brand text, watermark, deformed limbs, extra fingers, low quality, blurry text, distorted face, cluttered, oversaturated, plastic look, duplicate furniture, broken perspective",pending,
yg_0609,펫,Pet,problem_agitate,문제 자극,반려견이 소파를 다 뜯어놨다면,펜션·풀빌라 거실,친구들 홈파티,다크 무드 라이팅,더스티 핑크,4:5,1080x1350,피드 세로,"A premium oversized bean bag sofa (방수·항균·발톱 저항 커버의 반려동물용 빈백), 더스티 핑크 fabric color, a few friends hanging out, casual home party, vacation pension living room, premium resort vibe, dark moody lighting with a single warm light source, Korean home aesthetic, photorealistic, high-end interior photography, soft natural shadows, 8k, advertising quality, leave clean negative space at the top for a text overlay","logo, brand text, watermark, deformed limbs, extra fingers, low quality, blurry text, distorted face, cluttered, oversaturated, plastic look, duplicate furniture, broken perspective",pending,
yg_0610,팟엑스,Pod X,pattern_interrupt,패턴 인터럽트,3초 뒤 반전 주의,발코니·테라스,시니어 부모님,로우앵글 임팩트,코발트 블루,1:1,1080x1080,피드 정방,"A premium oversized bean bag sofa (확장형 듀얼 라이너 빈백, 몸 굴곡에 반응하는 분절 패널), 코발트 블루 fabric color, an elderly parent resting comfortably, apartment balcony with plants and city view, dramatic low angle, product looks grand and inviting, Korean home aesthetic, photorealistic, high-end interior photography, soft natural shadows, 8k, advertising quality, leave clean negative space at the top for a text overlay","logo, brand text, watermark, deformed limbs, extra fingers, low quality, blurry text, distorted face, cluttered, oversaturated, plastic look, duplicate furniture, broken perspective",pending,
yg_0611,허기보,Hugibo,price_value,가치·합리화,"10년 쓰는 소파, 커버만 갈면 새것",키즈룸,재택근무 직장인,라이프스타일 와이드,딥 네이비,9:16,1080x1920,릴스/스토리,"A premium oversized bean bag sofa (끌어안는 바디필로우형 빈백, 수면·포옹감 강조), 딥 네이비 fabric color, a remote worker taking a break, bright kids room with toys, playful pastel palette, wide lifestyle editorial shot, natural light, lived-in feel, Korean home aesthetic, photorealistic, high-end interior photography, soft natural shadows, 8k, advertising quality, leave clean negative space at the top for a text overlay","logo, brand text, watermark, deformed limbs, extra fingers, low quality, blurry text, distorted face, cluttered, oversaturated, plastic look, duplicate furniture, broken perspective",pending,
yg_0612,허기보,Hugibo,season_hook,시즌·타이밍,"이사 시즌, 소파 대신 이것",미니멀 화이트 스튜디오,게이머 청년,오버헤드 부감,더스티 핑크,4:5,1080x1350,피드 세로,"A premium oversized bean bag sofa (끌어안는 바디필로우형 빈백, 수면·포옹감 강조), 더스티 핑크 fabric color, a young gamer with a controller, clean white photo studio, seamless backdrop, high overhead bird's-eye angle looking down, Korean home aesthetic, photorealistic, high-end interior photography, soft natural shadows, 8k, advertising quality, leave clean negative space at the top for a text overlay","logo, brand text, watermark, deformed limbs, extra fingers, low quality, blurry text, distorted face, cluttered, oversaturated, plastic look, duplicate furniture, broken perspective",pending,
yg_0613,더블,Double,before_after,비포·애프터,어제의 허리 vs 오늘의 허리,키즈룸,다정한 커플,한 손 스케일 비교,차콜 그레이,4:5,1080x1350,피드 세로,"A premium oversized bean bag sofa (맥스 2배 폭의 초대형 빈백, 커플·가족용 침대 겸용), 차콜 그레이 fabric color, a cozy couple lounging together, bright kids room with toys, playful pastel palette, hand or person for scale, emphasizing size and softness, Korean home aesthetic, photorealistic, high-end interior photography, soft natural shadows, 8k, advertising quality, leave clean negative space at the top for a text overlay","logo, brand text, watermark, deformed limbs, extra fingers, low quality, blurry text, distorted face, cluttered, oversaturated, plastic look, duplicate furniture, broken perspective",pending,
yg_0614,팟,Pod,problem_agitate,문제 자극,원룸이라 소파는 포기했다고요?,아늑한 원룸,책 읽는 학생,푹 꺼지는 모션 블러,테라코타,9:16,1080x1920,릴스/스토리,"A premium oversized bean bag sofa (둥근 1인 의자형 빈백, 감싸는 듯한 곡선 실루엣), 테라코타 fabric color, a student reading a book, cozy compact studio apartment, minimal Korean interior, motion-blur of a body sinking into the bean bag, dynamic, Korean home aesthetic, photorealistic, high-end interior photography, soft natural shadows, 8k, advertising quality, leave clean negative space at the top for a text overlay","logo, brand text, watermark, deformed limbs, extra fingers, low quality, blurry text, distorted face, cluttered, oversaturated, plastic look, duplicate furniture, broken perspective",pending,
yg_0615,슬림,Slim,transformation,변신·다용도,"낮엔 소파, 밤엔 침대",햇살 드는 거실 창가,친구들 홈파티,파스텔 팝 컬러블록,차콜 그레이,9:16,1080x1920,릴스/스토리,"A premium oversized bean bag sofa (좁은 폭의 빈백, 1인 라운지 체어 형태), 차콜 그레이 fabric color, a few friends hanging out, casual home party, sunlit living room by a large window, soft daylight, pastel pop color-block background, playful graphic style, Korean home aesthetic, photorealistic, high-end interior photography, soft natural shadows, 8k, advertising quality, leave clean negative space at the top for a text overlay","logo, brand text, watermark, deformed limbs, extra fingers, low quality, blurry text, distorted face, cluttered, oversaturated, plastic look, duplicate furniture, broken perspective",pending,
yg_0616,플로어,Floor,season_hook,시즌·타이밍,"연말, 가족이 모이는 새 중심",감성 카페 라운지,시니어 부모님,탑다운 플랫레이,딥 네이비,9:16,1080x1920,릴스/스토리,"A premium oversized bean bag sofa (좌식 문화 맞춤 초저높이 빈백), 딥 네이비 fabric color, an elderly parent resting comfortably, trendy cafe lounge interior, warm wood tones, top-down flat lay composition, neatly arranged, Korean home aesthetic, photorealistic, high-end interior photography, soft natural shadows, 8k, advertising quality, leave clean negative space at the top for a text overlay","logo, brand text, watermark, deformed limbs, extra fingers, low quality, blurry text, distorted face, cluttered, oversaturated, plastic look, duplicate furniture, broken perspective",pending,
yg_0617,더블,Double,aspiration,동경·라이프스타일,"남의 집 같던 그 무드, 우리집에",캠핑·차박 텐트 안,반려묘와 함께,다크 무드 라이팅,크림 베이지,1:1,1080x1080,피드 정방,"A premium oversized bean bag sofa (맥스 2배 폭의 초대형 빈백, 커플·가족용 침대 겸용), 크림 베이지 fabric color, a person with a cat curled up nearby, inside a camping tent / car-camping setup, lantern light, dark moody lighting with a single warm light source, Korean home aesthetic, photorealistic, high-end interior photography, soft natural shadows, 8k, advertising quality, leave clean negative space at the top for a text overlay","logo, brand text, watermark, deformed limbs, extra fingers, low quality, blurry text, distorted face, cluttered, oversaturated, plastic look, duplicate furniture, broken perspective",pending,
yg_0618,미니,Mini,price_value,가치·합리화,비싸 보이지만 1평도 안 차지,겨울 러그 깔린 마루,다정한 커플,라이프스타일 와이드,오트밀 화이트,1:1,1080x1080,피드 정방,"A premium oversized bean bag sofa (1인용 소형 빈백, 가볍고 어디든 옮기는 컴팩트 사이즈), 오트밀 화이트 fabric color, a cozy couple lounging together, winter living room with rug, cozy ondol floor warmth, wide lifestyle editorial shot, natural light, lived-in feel, Korean home aesthetic, photorealistic, high-end interior photography, soft natural shadows, 8k, advertising quality, leave clean negative space at the top for a text overlay","logo, brand text, watermark, deformed limbs, extra fingers, low quality, blurry text, distorted face, cluttered, oversaturated, plastic look, duplicate furniture, broken perspective",pending,
yg_0619,피라미드,Pyramid,aspiration,동경·라이프스타일,"이런 주말, 가져본 적 있나요",캠핑·차박 텐트 안,책 읽는 학생,로우앵글 임팩트,올리브 그린,9:16,1080x1920,릴스/스토리,"A premium oversized bean bag sofa (삼각 쿠션형 빈백, 등·허리 받침용 보조 쿠션), 올리브 그린 fabric color, a student reading a book, inside a camping tent / car-camping setup, lantern light, dramatic low angle, product looks grand and inviting, Korean home aesthetic, photorealistic, high-end interior photography, soft natural shadows, 8k, advertising quality, leave clean negative space at the top for a text overlay","logo, brand text, watermark, deformed limbs, extra fingers, low quality, blurry text, distorted face, cluttered, oversaturated, plastic look, duplicate furniture, broken perspective",pending,
yg_0620,피라미드,Pyramid,fomo_scarcity,FOMO·희소성,"올여름 품절 1순위, 미리 보세요",키즈룸,다정한 커플,탑다운 플랫레이,오트밀 화이트,9:16,1080x1920,릴스/스토리,"A premium oversized bean bag sofa (삼각 쿠션형 빈백, 등·허리 받침용 보조 쿠션), 오트밀 화이트 fabric color, a cozy couple lounging together, bright kids room with toys, playful pastel palette, top-down flat lay composition, neatly arranged, Korean home aesthetic, photorealistic, high-end interior photography, soft natural shadows, 8k, advertising quality, leave clean negative space at the top for a text overlay","logo, brand text, watermark, deformed limbs, extra fingers, low quality, blurry text, distorted face, cluttered, oversaturated, plastic look, duplicate furniture, broken perspective",pending,
yg_0621,라운저,Lounger,price_value,가치·합리화,한 번 사면 왜 안 바꾸는지 알게 됨,재택 홈오피스,반려견과 집사,한 손 스케일 비교,테라코타,4:5,1080x1350,피드 세로,"A premium oversized bean bag sofa (등받이가 높은 1인 라운지형 빈백, 독서·휴식용), 테라코타 fabric color, a person with a small dog cuddling, work-from-home office corner, laptop on a low table, hand or person for scale, emphasizing size and softness, Korean home aesthetic, photorealistic, high-end interior photography, soft natural shadows, 8k, advertising quality, leave clean negative space at the top for a text overlay","logo, brand text, watermark, deformed limbs, extra fingers, low quality, blurry text, distorted face, cluttered, oversaturated, plastic look, duplicate furniture, broken perspective",pending,
yg_0622,팟,Pod,humor_relatable,유머·공감,결국 가족 모두가 노리는 자리,한강 피크닉 잔디,게이머 청년,파스텔 팝 컬러블록,크림 베이지,1:1,1080x1080,피드 정방,"A premium oversized bean bag sofa (둥근 1인 의자형 빈백, 감싸는 듯한 곡선 실루엣), 크림 베이지 fabric color, a young gamer with a controller, Hangang river park lawn picnic, outdoor daytime, pastel pop color-block background, playful graphic style, Korean home aesthetic, photorealistic, high-end interior photography, soft natural shadows, 8k, advertising quality, leave clean negative space at the top for a text overlay","logo, brand text, watermark, deformed limbs, extra fingers, low quality, blurry text, distorted face, cluttered, oversaturated, plastic look, duplicate furniture, broken perspective",pending,
yg_0623,미니,Mini,aspiration,동경·라이프스타일,햇살 + 요기보 = 완벽한 일요일,재택 홈오피스,제품 단독(인물 없음),파스텔 팝 컬러블록,차콜 그레이,9:16,1080x1920,릴스/스토리,"A premium oversized bean bag sofa (1인용 소형 빈백, 가볍고 어디든 옮기는 컴팩트 사이즈), 차콜 그레이 fabric color, work-from-home office corner, laptop on a low table, pastel pop color-block background, playful graphic style, Korean home aesthetic, photorealistic, high-end interior photography, soft natural shadows, 8k, advertising quality, leave clean negative space at the top for a text overlay","logo, brand text, watermark, deformed limbs, extra fingers, low quality, blurry text, distorted face, cluttered, oversaturated, plastic look, duplicate furniture, broken perspective",pending,
yg_0624,펫,Pet,pattern_interrupt,패턴 인터럽트,이런 식으로 앉는 거 처음 봄,감성 카페 라운지,반려묘와 함께,파스텔 팝 컬러블록,라벤더,4:5,1080x1350,피드 세로,"A premium oversized bean bag sofa (방수·항균·발톱 저항 커버의 반려동물용 빈백), 라벤더 fabric color, a person with a cat curled up nearby, trendy cafe lounge interior, warm wood tones, pastel pop color-block background, playful graphic style, Korean home aesthetic, photorealistic, high-end interior photography, soft natural shadows, 8k, advertising quality, leave clean negative space at the top for a text overlay","logo, brand text, watermark, deformed limbs, extra fingers, low quality, blurry text, distorted face, cluttered, oversaturated, plastic look, duplicate furniture, broken perspective",pending,
yg_0625,미니 K,Mini K,curiosity_gap,호기심 갭,사람을 망치는 소파가 있다는데…,재택 홈오피스,재택근무 직장인,초근접 텍스처 클로즈업,크림 베이지,4:5,1080x1350,피드 세로,"A premium oversized bean bag sofa (원룸·15평 이하 전용 초소형 빈백), 크림 베이지 fabric color, a remote worker taking a break, work-from-home office corner, laptop on a low table, extreme macro close-up of plush fabric texture, shallow depth of field, Korean home aesthetic, photorealistic, high-end interior photography, soft natural shadows, 8k, advertising quality, leave clean negative space at the top for a text overlay","logo, brand text, watermark, deformed limbs, extra fingers, low quality, blurry text, distorted face, cluttered, oversaturated, plastic look, duplicate furniture, broken perspective",pending,
yg_0626,더블,Double,problem_agitate,문제 자극,반려견이 소파를 다 뜯어놨다면,서재 책장 앞,다정한 커플,스플릿 비교 컷,크림 베이지,4:5,1080x1350,피드 세로,"A premium oversized bean bag sofa (맥스 2배 폭의 초대형 빈백, 커플·가족용 침대 겸용), 크림 베이지 fabric color, a cozy couple lounging together, home library nook in front of bookshelves, split-screen before/after comparison layout, Korean home aesthetic, photorealistic, high-end interior photography, soft natural shadows, 8k, advertising quality, leave clean negative space at the top for a text overlay","logo, brand text, watermark, deformed limbs, extra fingers, low quality, blurry text, distorted face, cluttered, oversaturated, plastic look, duplicate furniture, broken perspective",pending,
yg_0627,라운저,Lounger,problem_agitate,문제 자극,반려견이 소파를 다 뜯어놨다면,미니멀 화이트 스튜디오,시니어 부모님,초근접 텍스처 클로즈업,코발트 블루,4:5,1080x1350,피드 세로,"A premium oversized bean bag sofa (등받이가 높은 1인 라운지형 빈백, 독서·휴식용), 코발트 블루 fabric color, an elderly parent resting comfortably, clean white photo studio, seamless backdrop, extreme macro close-up of plush fabric texture, shallow depth of field, Korean home aesthetic, photorealistic, high-end interior photography, soft natural shadows, 8k, advertising quality, leave clean negative space at the top for a text overlay","logo, brand text, watermark, deformed limbs, extra fingers, low quality, blurry text, distorted face, cluttered, oversaturated, plastic look, duplicate furniture, broken perspective",pending,
yg_0628,펫,Pet,problem_agitate,문제 자극,원룸이라 소파는 포기했다고요?,한강 피크닉 잔디,친구들 홈파티,오버헤드 부감,테라코타,9:16,1080x1920,릴스/스토리,"A premium oversized bean bag sofa (방수·항균·발톱 저항 커버의 반려동물용 빈백), 테라코타 fabric color, a few friends hanging out, casual home party, Hangang river park lawn picnic, outdoor daytime, high overhead bird's-eye angle looking down, Korean home aesthetic, photorealistic, high-end interior photography, soft natural shadows, 8k, advertising quality, leave clean negative space at the top for a text overlay","logo, brand text, watermark, deformed limbs, extra fingers, low quality, blurry text, distorted face, cluttered, oversaturated, plastic look, duplicate furniture, broken perspective",pending,
yg_0629,라운저,Lounger,price_value,가치·합리화,비싸 보이지만 1평도 안 차지,펜션·풀빌라 거실,20대 1인 가구 여성,미니멀 제품 히어로,머스타드 옐로,1:1,1080x1080,피드 정방,"A premium oversized bean bag sofa (등받이가 높은 1인 라운지형 빈백, 독서·휴식용), 머스타드 옐로 fabric color, a young woman in her 20s living alone, relaxed, vacation pension living room, premium resort vibe, minimal product hero shot, soft gradient backdrop, studio light, Korean home aesthetic, photorealistic, high-end interior photography, soft natural shadows, 8k, advertising quality, leave clean negative space at the top for a text overlay","logo, brand text, watermark, deformed limbs, extra fingers, low quality, blurry text, distorted face, cluttered, oversaturated, plastic look, duplicate furniture, broken perspective",pending,
yg_0630,피라미드,Pyramid,aspiration,동경·라이프스타일,햇살 + 요기보 = 완벽한 일요일,햇살 드는 거실 창가,20대 1인 가구 여성,한 손 스케일 비교,테라코타,1:1,1080x1080,피드 정방,"A premium oversized bean bag sofa (삼각 쿠션형 빈백, 등·허리 받침용 보조 쿠션), 테라코타 fabric color, a young woman in her 20s living alone, relaxed, sunlit living room by a large window, soft daylight, hand or person for scale, emphasizing size and softness, Korean home aesthetic, photorealistic, high-end interior photography, soft natural shadows, 8k, advertising quality, leave clean negative space at the top for a text overlay","logo, brand text, watermark, deformed limbs, extra fingers, low quality, blurry text, distorted face, cluttered, oversaturated, plastic look, duplicate furniture, broken perspective",pending,
yg_0631,플로어,Floor,problem_agitate,문제 자극,반려견이 소파를 다 뜯어놨다면,펜션·풀빌라 거실,제품 단독(인물 없음),한 손 스케일 비교,오트밀 화이트,9:16,1080x1920,릴스/스토리,"A premium oversized bean bag sofa (좌식 문화 맞춤 초저높이 빈백), 오트밀 화이트 fabric color, vacation pension living room, premium resort vibe, hand or person for scale, emphasizing size and softness, Korean home aesthetic, photorealistic, high-end interior photography, soft natural shadows, 8k, advertising quality, leave clean negative space at the top for a text overlay","logo, brand text, watermark, deformed limbs, extra fingers, low quality, blurry text, distorted face, cluttered, oversaturated, plastic look, duplicate furniture, broken perspective",pending,
yg_0632,팟,Pod,price_value,가치·합리화,"10년 쓰는 소파, 커버만 갈면 새것",게이밍 셋업 방,게이머 청년,다크 무드 라이팅,차콜 그레이,4:5,1080x1350,피드 세로,"A premium oversized bean bag sofa (둥근 1인 의자형 빈백, 감싸는 듯한 곡선 실루엣), 차콜 그레이 fabric color, a young gamer with a controller, gaming room with RGB lights and a desk setup, dark moody lighting with a single warm light source, Korean home aesthetic, photorealistic, high-end interior photography, soft natural shadows, 8k, advertising quality, leave clean negative space at the top for a text overlay","logo, brand text, watermark, deformed limbs, extra fingers, low quality, blurry text, distorted face, cluttered, oversaturated, plastic look, duplicate furniture, broken perspective",pending,
yg_0633,미니,Mini,price_value,가치·합리화,"소파 + 침대 + 의자, 가격은 하나",재택 홈오피스,재택근무 직장인,미니멀 제품 히어로,머스타드 옐로,4:5,1080x1350,피드 세로,"A premium oversized bean bag sofa (1인용 소형 빈백, 가볍고 어디든 옮기는 컴팩트 사이즈), 머스타드 옐로 fabric color, a remote worker taking a break, work-from-home office corner, laptop on a low table, minimal product hero shot, soft gradient backdrop, studio light, Korean home aesthetic, photorealistic, high-end interior photography, soft natural shadows, 8k, advertising quality, leave clean negative space at the top for a text overlay","logo, brand text, watermark, deformed limbs, extra fingers, low quality, blurry text, distorted face, cluttered, oversaturated, plastic look, duplicate furniture, broken perspective",pending,
yg_0634,펫,Pet,fomo_scarcity,FOMO·희소성,다들 이미 거실에 하나씩 들였대요,무드등 켜진 밤 침실,다정한 커플,로우앵글 임팩트,딥 네이비,9:16,1080x1920,릴스/스토리,"A premium oversized bean bag sofa (방수·항균·발톱 저항 커버의 반려동물용 빈백), 딥 네이비 fabric color, a cozy couple lounging together, dim bedroom at night with warm mood lighting, dramatic low angle, product looks grand and inviting, Korean home aesthetic, photorealistic, high-end interior photography, soft natural shadows, 8k, advertising quality, leave clean negative space at the top for a text overlay","logo, brand text, watermark, deformed limbs, extra fingers, low quality, blurry text, distorted face, cluttered, oversaturated, plastic look, duplicate furniture, broken perspective",pending,
yg_0635,플로어,Floor,price_value,가치·합리화,버리는 소파 vs 평생 가는 소파,무드등 켜진 밤 침실,20대 1인 가구 여성,탑다운 플랫레이,오트밀 화이트,4:5,1080x1350,피드 세로,"A premium oversized bean bag sofa (좌식 문화 맞춤 초저높이 빈백), 오트밀 화이트 fabric color, a young woman in her 20s living alone, relaxed, dim bedroom at night with warm mood lighting, top-down flat lay composition, neatly arranged, Korean home aesthetic, photorealistic, high-end interior photography, soft natural shadows, 8k, advertising quality, leave clean negative space at the top for a text overlay","logo, brand text, watermark, deformed limbs, extra fingers, low quality, blurry text, distorted face, cluttered, oversaturated, plastic look, duplicate furniture, broken perspective",pending,
yg_0636,라운저,Lounger,pattern_interrupt,패턴 인터럽트,끝까지 안 보면 손해,미니멀 화이트 스튜디오,반려묘와 함께,오버헤드 부감,차콜 그레이,9:16,1080x1920,릴스/스토리,"A premium oversized bean bag sofa (등받이가 높은 1인 라운지형 빈백, 독서·휴식용), 차콜 그레이 fabric color, a person with a cat curled up nearby, clean white photo studio, seamless backdrop, high overhead bird's-eye angle looking down, Korean home aesthetic, photorealistic, high-end interior photography, soft natural shadows, 8k, advertising quality, leave clean negative space at the top for a text overlay","logo, brand text, watermark, deformed limbs, extra fingers, low quality, blurry text, distorted face, cluttered, oversaturated, plastic look, duplicate furniture, broken perspective",pending,
yg_0637,키즈,Kids,problem_agitate,문제 자극,"게이밍 의자, 오래 앉으면 배기지 않나요?",무드등 켜진 밤 침실,시니어 부모님,라이프스타일 와이드,크림 베이지,9:16,1080x1920,릴스/스토리,"A premium oversized bean bag sofa (유아·아동 안전 인증 소형 빈백, 밝은 컬러), 크림 베이지 fabric color, an elderly parent resting comfortably, dim bedroom at night with warm mood lighting, wide lifestyle editorial shot, natural light, lived-in feel, Korean home aesthetic, photorealistic, high-end interior photography, soft natural shadows, 8k, advertising quality, leave clean negative space at the top for a text overlay","logo, brand text, watermark, deformed limbs, extra fingers, low quality, blurry text, distorted face, cluttered, oversaturated, plastic look, duplicate furniture, broken perspective",pending,
yg_0638,펫,Pet,aspiration,동경·라이프스타일,"이런 주말, 가져본 적 있나요",캠핑·차박 텐트 안,재택근무 직장인,골든아워 시네마틱,테라코타,1:1,1080x1080,피드 정방,"A premium oversized bean bag sofa (방수·항균·발톱 저항 커버의 반려동물용 빈백), 테라코타 fabric color, a remote worker taking a break, inside a camping tent / car-camping setup, lantern light, golden hour cinematic lighting, warm glow, film look, Korean home aesthetic, photorealistic, high-end interior photography, soft natural shadows, 8k, advertising quality, leave clean negative space at the top for a text overlay","logo, brand text, watermark, deformed limbs, extra fingers, low quality, blurry text, distorted face, cluttered, oversaturated, plastic look, duplicate furniture, broken perspective",pending,
yg_0639,피라미드,Pyramid,social_proof,사회적 증거,한 번 산 사람은 색깔만 늘린다,발코니·테라스,게이머 청년,푹 꺼지는 모션 블러,라벤더,9:16,1080x1920,릴스/스토리,"A premium oversized bean bag sofa (삼각 쿠션형 빈백, 등·허리 받침용 보조 쿠션), 라벤더 fabric color, a young gamer with a controller, apartment balcony with plants and city view, motion-blur of a body sinking into the bean bag, dynamic, Korean home aesthetic, photorealistic, high-end interior photography, soft natural shadows, 8k, advertising quality, leave clean negative space at the top for a text overlay","logo, brand text, watermark, deformed limbs, extra fingers, low quality, blurry text, distorted face, cluttered, oversaturated, plastic look, duplicate furniture, broken perspective",pending,
yg_0640,펫,Pet,season_hook,시즌·타이밍,환절기 허리에게 주는 선물,햇살 드는 거실 창가,재택근무 직장인,파스텔 팝 컬러블록,코발트 블루,4:5,1080x1350,피드 세로,"A premium oversized bean bag sofa (방수·항균·발톱 저항 커버의 반려동물용 빈백), 코발트 블루 fabric color, a remote worker taking a break, sunlit living room by a large window, soft daylight, pastel pop color-block background, playful graphic style, Korean home aesthetic, photorealistic, high-end interior photography, soft natural shadows, 8k, advertising quality, leave clean negative space at the top for a text overlay","logo, brand text, watermark, deformed limbs, extra fingers, low quality, blurry text, distorted face, cluttered, oversaturated, plastic look, duplicate furniture, broken perspective",pending,
yg_0641,팟엑스,Pod X,curiosity_gap,호기심 갭,"이 소파, 3초만 앉으면 못 일어나는 이유",펜션·풀빌라 거실,반려견과 집사,미니멀 제품 히어로,머스타드 옐로,4:5,1080x1350,피드 세로,"A premium oversized bean bag sofa (확장형 듀얼 라이너 빈백, 몸 굴곡에 반응하는 분절 패널), 머스타드 옐로 fabric color, a person with a small dog cuddling, vacation pension living room, premium resort vibe, minimal product hero shot, soft gradient backdrop, studio light, Korean home aesthetic, photorealistic, high-end interior photography, soft natural shadows, 8k, advertising quality, leave clean negative space at the top for a text overlay","logo, brand text, watermark, deformed limbs, extra fingers, low quality, blurry text, distorted face, cluttered, oversaturated, plastic look, duplicate furniture, broken perspective",pending,
yg_0642,펫,Pet,price_value,가치·합리화,버리는 소파 vs 평생 가는 소파,서재 책장 앞,20대 1인 가구 여성,오버헤드 부감,라벤더,9:16,1080x1920,릴스/스토리,"A premium oversized bean bag sofa (방수·항균·발톱 저항 커버의 반려동물용 빈백), 라벤더 fabric color, a young woman in her 20s living alone, relaxed, home library nook in front of bookshelves, high overhead bird's-eye angle looking down, Korean home aesthetic, photorealistic, high-end interior photography, soft natural shadows, 8k, advertising quality, leave clean negative space at the top for a text overlay","logo, brand text, watermark, deformed limbs, extra fingers, low quality, blurry text, distorted face, cluttered, oversaturated, plastic look, duplicate furniture, broken perspective",pending,
yg_0643,플로어,Floor,pattern_interrupt,패턴 인터럽트,이 자세 실화냐,햇살 드는 거실 창가,게이머 청년,파스텔 팝 컬러블록,더스티 핑크,9:16,1080x1920,릴스/스토리,"A premium oversized bean bag sofa (좌식 문화 맞춤 초저높이 빈백), 더스티 핑크 fabric color, a young gamer with a controller, sunlit living room by a large window, soft daylight, pastel pop color-block background, playful graphic style, Korean home aesthetic, photorealistic, high-end interior photography, soft natural shadows, 8k, advertising quality, leave clean negative space at the top for a text overlay","logo, brand text, watermark, deformed limbs, extra fingers, low quality, blurry text, distorted face, cluttered, oversaturated, plastic look, duplicate furniture, broken perspective",pending,
yg_0644,프라임,Prime,asmr_sensory,감각·ASMR,푹— 몸이 그대로 녹아드는 소리,무드등 켜진 밤 침실,시니어 부모님,오버헤드 부감,차콜 그레이,4:5,1080x1350,피드 세로,"A premium oversized bean bag sofa (슬림한 등받이형 빈백, 의자처럼 세워 앉기 좋은 형태), 차콜 그레이 fabric color, an elderly parent resting comfortably, dim bedroom at night with warm mood lighting, high overhead bird's-eye angle looking down, Korean home aesthetic, photorealistic, high-end interior photography, soft natural shadows, 8k, advertising quality, leave clean negative space at the top for a text overlay","logo, brand text, watermark, deformed limbs, extra fingers, low quality, blurry text, distorted face, cluttered, oversaturated, plastic look, duplicate furniture, broken perspective",pending,
yg_0645,팟,Pod,season_hook,시즌·타이밍,"이사 시즌, 소파 대신 이것",캠핑·차박 텐트 안,재택근무 직장인,푹 꺼지는 모션 블러,머스타드 옐로,1:1,1080x1080,피드 정방,"A premium oversized bean bag sofa (둥근 1인 의자형 빈백, 감싸는 듯한 곡선 실루엣), 머스타드 옐로 fabric color, a remote worker taking a break, inside a camping tent / car-camping setup, lantern light, motion-blur of a body sinking into the bean bag, dynamic, Korean home aesthetic, photorealistic, high-end interior photography, soft natural shadows, 8k, advertising quality, leave clean negative space at the top for a text overlay","logo, brand text, watermark, deformed limbs, extra fingers, low quality, blurry text, distorted face, cluttered, oversaturated, plastic look, duplicate furniture, broken perspective",pending,
yg_0646,프라임,Prime,price_value,가치·합리화,비싸 보이지만 1평도 안 차지,펜션·풀빌라 거실,다정한 커플,초근접 텍스처 클로즈업,더스티 핑크,4:5,1080x1350,피드 세로,"A premium oversized bean bag sofa (슬림한 등받이형 빈백, 의자처럼 세워 앉기 좋은 형태), 더스티 핑크 fabric color, a cozy couple lounging together, vacation pension living room, premium resort vibe, extreme macro close-up of plush fabric texture, shallow depth of field, Korean home aesthetic, photorealistic, high-end interior photography, soft natural shadows, 8k, advertising quality, leave clean negative space at the top for a text overlay","logo, brand text, watermark, deformed limbs, extra fingers, low quality, blurry text, distorted face, cluttered, oversaturated, plastic look, duplicate furniture, broken perspective",pending,
yg_0647,프라임,Prime,asmr_sensory,감각·ASMR,"오늘 밤, 여기로 사라지고 싶다",햇살 드는 거실 창가,다정한 커플,스플릿 비교 컷,차콜 그레이,1:1,1080x1080,피드 정방,"A premium oversized bean bag sofa (슬림한 등받이형 빈백, 의자처럼 세워 앉기 좋은 형태), 차콜 그레이 fabric color, a cozy couple lounging together, sunlit living room by a large window, soft daylight, split-screen before/after comparison layout, Korean home aesthetic, photorealistic, high-end interior photography, soft natural shadows, 8k, advertising quality, leave clean negative space at the top for a text overlay","logo, brand text, watermark, deformed limbs, extra fingers, low quality, blurry text, distorted face, cluttered, oversaturated, plastic look, duplicate furniture, broken perspective",pending,
yg_0648,팟엑스,Pod X,fomo_scarcity,FOMO·희소성,"올여름 품절 1순위, 미리 보세요",캠핑·차박 텐트 안,책 읽는 학생,다크 무드 라이팅,머스타드 옐로,9:16,1080x1920,릴스/스토리,"A premium oversized bean bag sofa (확장형 듀얼 라이너 빈백, 몸 굴곡에 반응하는 분절 패널), 머스타드 옐로 fabric color, a student reading a book, inside a camping tent / car-camping setup, lantern light, dark moody lighting with a single warm light source, Korean home aesthetic, photorealistic, high-end interior photography, soft natural shadows, 8k, advertising quality, leave clean negative space at the top for a text overlay","logo, brand text, watermark, deformed limbs, extra fingers, low quality, blurry text, distorted face, cluttered, oversaturated, plastic look, duplicate furniture, broken perspective",pending,
yg_0649,맥스,Max,transformation,변신·다용도,"소파였다가, 침대였다가, 의자였다가",펜션·풀빌라 거실,재택근무 직장인,오버헤드 부감,오트밀 화이트,4:5,1080x1350,피드 세로,"A premium oversized bean bag sofa (6피트 풀사이즈 빈백 소파, 1인이 완전히 누울 수 있는 길이), 오트밀 화이트 fabric color, a remote worker taking a break, vacation pension living room, premium resort vibe, high overhead bird's-eye angle looking down, Korean home aesthetic, photorealistic, high-end interior photography, soft natural shadows, 8k, advertising quality, leave clean negative space at the top for a text overlay","logo, brand text, watermark, deformed limbs, extra fingers, low quality, blurry text, distorted face, cluttered, oversaturated, plastic look, duplicate furniture, broken perspective",pending,
yg_0650,더블,Double,price_value,가치·합리화,한 번 사면 왜 안 바꾸는지 알게 됨,겨울 러그 깔린 마루,재택근무 직장인,골든아워 시네마틱,차콜 그레이,4:5,1080x1350,피드 세로,"A premium oversized bean bag sofa (맥스 2배 폭의 초대형 빈백, 커플·가족용 침대 겸용), 차콜 그레이 fabric color, a remote worker taking a break, winter living room with rug, cozy ondol floor warmth, golden hour cinematic lighting, warm glow, film look, Korean home aesthetic, photorealistic, high-end interior photography, soft natural shadows, 8k, advertising quality, leave clean negative space at the top for a text overlay","logo, brand text, watermark, deformed limbs, extra fingers, low quality, blurry text, distorted face, cluttered, oversaturated, plastic look, duplicate furniture, broken perspective",pending,
yg_0651,라운저,Lounger,humor_relatable,유머·공감,강아지에게 자리 뺏긴 1인,아늑한 원룸,게이머 청년,다크 무드 라이팅,머스타드 옐로,1:1,1080x1080,피드 정방,"A premium oversized bean bag sofa (등받이가 높은 1인 라운지형 빈백, 독서·휴식용), 머스타드 옐로 fabric color, a young gamer with a controller, cozy compact studio apartment, minimal Korean interior, dark moody lighting with a single warm light source, Korean home aesthetic, photorealistic, high-end interior photography, soft natural shadows, 8k, advertising quality, leave clean negative space at the top for a text overlay","logo, brand text, watermark, deformed limbs, extra fingers, low quality, blurry text, distorted face, cluttered, oversaturated, plastic look, duplicate furniture, broken perspective",pending,
yg_0652,맥스,Max,pattern_interrupt,패턴 인터럽트,이 자세 실화냐,무드등 켜진 밤 침실,시니어 부모님,푹 꺼지는 모션 블러,머스타드 옐로,9:16,1080x1920,릴스/스토리,"A premium oversized bean bag sofa (6피트 풀사이즈 빈백 소파, 1인이 완전히 누울 수 있는 길이), 머스타드 옐로 fabric color, an elderly parent resting comfortably, dim bedroom at night with warm mood lighting, motion-blur of a body sinking into the bean bag, dynamic, Korean home aesthetic, photorealistic, high-end interior photography, soft natural shadows, 8k, advertising quality, leave clean negative space at the top for a text overlay","logo, brand text, watermark, deformed limbs, extra fingers, low quality, blurry text, distorted face, cluttered, oversaturated, plastic look, duplicate furniture, broken perspective",pending,
yg_0653,라운저,Lounger,season_hook,시즌·타이밍,환절기 허리에게 주는 선물,무드등 켜진 밤 침실,게이머 청년,파스텔 팝 컬러블록,딥 네이비,9:16,1080x1920,릴스/스토리,"A premium oversized bean bag sofa (등받이가 높은 1인 라운지형 빈백, 독서·휴식용), 딥 네이비 fabric color, a young gamer with a controller, dim bedroom at night with warm mood lighting, pastel pop color-block background, playful graphic style, Korean home aesthetic, photorealistic, high-end interior photography, soft natural shadows, 8k, advertising quality, leave clean negative space at the top for a text overlay","logo, brand text, watermark, deformed limbs, extra fingers, low quality, blurry text, distorted face, cluttered, oversaturated, plastic look, duplicate furniture, broken perspective",pending,
yg_0654,펫,Pet,before_after,비포·애프터,혼자 살기 전 → 혼자 살고 난 후의 거실,아늑한 원룸,20대 1인 가구 여성,초근접 텍스처 클로즈업,오트밀 화이트,9:16,1080x1920,릴스/스토리,"A premium oversized bean bag sofa (방수·항균·발톱 저항 커버의 반려동물용 빈백), 오트밀 화이트 fabric color, a young woman in her 20s living alone, relaxed, cozy compact studio apartment, minimal Korean interior, extreme macro close-up of plush fabric texture, shallow depth of field, Korean home aesthetic, photorealistic, high-end interior photography, soft natural shadows, 8k, advertising quality, leave clean negative space at the top for a text overlay","logo, brand text, watermark, deformed limbs, extra fingers, low quality, blurry text, distorted face, cluttered, oversaturated, plastic look, duplicate furniture, broken perspective",pending,
yg_0655,펫,Pet,aspiration,동경·라이프스타일,햇살 + 요기보 = 완벽한 일요일,아늑한 원룸,게이머 청년,푹 꺼지는 모션 블러,테라코타,9:16,1080x1920,릴스/스토리,"A premium oversized bean bag sofa (방수·항균·발톱 저항 커버의 반려동물용 빈백), 테라코타 fabric color, a young gamer with a controller, cozy compact studio apartment, minimal Korean interior, motion-blur of a body sinking into the bean bag, dynamic, Korean home aesthetic, photorealistic, high-end interior photography, soft natural shadows, 8k, advertising quality, leave clean negative space at the top for a text overlay","logo, brand text, watermark, deformed limbs, extra fingers, low quality, blurry text, distorted face, cluttered, oversaturated, plastic look, duplicate furniture, broken perspective",pending,
yg_0656,키즈,Kids,before_after,비포·애프터,혼자 살기 전 → 혼자 살고 난 후의 거실,무드등 켜진 밤 침실,다정한 커플,푹 꺼지는 모션 블러,올리브 그린,4:5,1080x1350,피드 세로,"A premium oversized bean bag sofa (유아·아동 안전 인증 소형 빈백, 밝은 컬러), 올리브 그린 fabric color, a cozy couple lounging together, dim bedroom at night with warm mood lighting, motion-blur of a body sinking into the bean bag, dynamic, Korean home aesthetic, photorealistic, high-end interior photography, soft natural shadows, 8k, advertising quality, leave clean negative space at the top for a text overlay","logo, brand text, watermark, deformed limbs, extra fingers, low quality, blurry text, distorted face, cluttered, oversaturated, plastic look, duplicate furniture, broken perspective",pending,
yg_0657,슬림,Slim,before_after,비포·애프터,혼자 살기 전 → 혼자 살고 난 후의 거실,펜션·풀빌라 거실,반려묘와 함께,초근접 텍스처 클로즈업,코발트 블루,1:1,1080x1080,피드 정방,"A premium oversized bean bag sofa (좁은 폭의 빈백, 1인 라운지 체어 형태), 코발트 블루 fabric color, a person with a cat curled up nearby, vacation pension living room, premium resort vibe, extreme macro close-up of plush fabric texture, shallow depth of field, Korean home aesthetic, photorealistic, high-end interior photography, soft natural shadows, 8k, advertising quality, leave clean negative space at the top for a text overlay","logo, brand text, watermark, deformed limbs, extra fingers, low quality, blurry text, distorted face, cluttered, oversaturated, plastic look, duplicate furniture, broken perspective",pending,
yg_0658,펫,Pet,asmr_sensory,감각·ASMR,무중력으로 가라앉는 30초,서재 책장 앞,친구들 홈파티,라이프스타일 와이드,차콜 그레이,4:5,1080x1350,피드 세로,"A premium oversized bean bag sofa (방수·항균·발톱 저항 커버의 반려동물용 빈백), 차콜 그레이 fabric color, a few friends hanging out, casual home party, home library nook in front of bookshelves, wide lifestyle editorial shot, natural light, lived-in feel, Korean home aesthetic, photorealistic, high-end interior photography, soft natural shadows, 8k, advertising quality, leave clean negative space at the top for a text overlay","logo, brand text, watermark, deformed limbs, extra fingers, low quality, blurry text, distorted face, cluttered, oversaturated, plastic look, duplicate furniture, broken perspective",pending,
yg_0659,온돌,Ondol,social_proof,사회적 증거,연예인 자취방에 다 있다는 그것,발코니·테라스,다정한 커플,파스텔 팝 컬러블록,차콜 그레이,4:5,1080x1350,피드 세로,"A premium oversized bean bag sofa (겨울 발열 커버형 빈백, 전기요 호환), 차콜 그레이 fabric color, a cozy couple lounging together, apartment balcony with plants and city view, pastel pop color-block background, playful graphic style, Korean home aesthetic, photorealistic, high-end interior photography, soft natural shadows, 8k, advertising quality, leave clean negative space at the top for a text overlay","logo, brand text, watermark, deformed limbs, extra fingers, low quality, blurry text, distorted face, cluttered, oversaturated, plastic look, duplicate furniture, broken perspective",pending,
yg_0660,프라임,Prime,problem_agitate,문제 자극,반려견이 소파를 다 뜯어놨다면,발코니·테라스,낮잠 자는 사람,다크 무드 라이팅,오트밀 화이트,1:1,1080x1080,피드 정방,"A premium oversized bean bag sofa (슬림한 등받이형 빈백, 의자처럼 세워 앉기 좋은 형태), 오트밀 화이트 fabric color, a person napping, eyes closed, blissful, apartment balcony with plants and city view, dark moody lighting with a single warm light source, Korean home aesthetic, photorealistic, high-end interior photography, soft natural shadows, 8k, advertising quality, leave clean negative space at the top for a text overlay","logo, brand text, watermark, deformed limbs, extra fingers, low quality, blurry text, distorted face, cluttered, oversaturated, plastic look, duplicate furniture, broken perspective",pending,
yg_0661,라운저,Lounger,price_value,가치·합리화,한 번 사면 왜 안 바꾸는지 알게 됨,감성 카페 라운지,다정한 커플,로우앵글 임팩트,더스티 핑크,9:16,1080x1920,릴스/스토리,"A premium oversized bean bag sofa (등받이가 높은 1인 라운지형 빈백, 독서·휴식용), 더스티 핑크 fabric color, a cozy couple lounging together, trendy cafe lounge interior, warm wood tones, dramatic low angle, product looks grand and inviting, Korean home aesthetic, photorealistic, high-end interior photography, soft natural shadows, 8k, advertising quality, leave clean negative space at the top for a text overlay","logo, brand text, watermark, deformed limbs, extra fingers, low quality, blurry text, distorted face, cluttered, oversaturated, plastic look, duplicate furniture, broken perspective",pending,
yg_0662,미니 K,Mini K,before_after,비포·애프터,퇴근 전 vs 퇴근 후 내 모습,햇살 드는 거실 창가,반려견과 집사,푹 꺼지는 모션 블러,머스타드 옐로,4:5,1080x1350,피드 세로,"A premium oversized bean bag sofa (원룸·15평 이하 전용 초소형 빈백), 머스타드 옐로 fabric color, a person with a small dog cuddling, sunlit living room by a large window, soft daylight, motion-blur of a body sinking into the bean bag, dynamic, Korean home aesthetic, photorealistic, high-end interior photography, soft natural shadows, 8k, advertising quality, leave clean negative space at the top for a text overlay","logo, brand text, watermark, deformed limbs, extra fingers, low quality, blurry text, distorted face, cluttered, oversaturated, plastic look, duplicate furniture, broken perspective",pending,
yg_0663,허기보,Hugibo,before_after,비포·애프터,어제의 허리 vs 오늘의 허리,펜션·풀빌라 거실,제품 단독(인물 없음),골든아워 시네마틱,코발트 블루,9:16,1080x1920,릴스/스토리,"A premium oversized bean bag sofa (끌어안는 바디필로우형 빈백, 수면·포옹감 강조), 코발트 블루 fabric color, vacation pension living room, premium resort vibe, golden hour cinematic lighting, warm glow, film look, Korean home aesthetic, photorealistic, high-end interior photography, soft natural shadows, 8k, advertising quality, leave clean negative space at the top for a text overlay","logo, brand text, watermark, deformed limbs, extra fingers, low quality, blurry text, distorted face, cluttered, oversaturated, plastic look, duplicate furniture, broken perspective",pending,
yg_0664,허기보,Hugibo,fomo_scarcity,FOMO·희소성,한정 컬러 — 재입고 없음,키즈룸,시니어 부모님,라이프스타일 와이드,오트밀 화이트,4:5,1080x1350,피드 세로,"A premium oversized bean bag sofa (끌어안는 바디필로우형 빈백, 수면·포옹감 강조), 오트밀 화이트 fabric color, an elderly parent resting comfortably, bright kids room with toys, playful pastel palette, wide lifestyle editorial shot, natural light, lived-in feel, Korean home aesthetic, photorealistic, high-end interior photography, soft natural shadows, 8k, advertising quality, leave clean negative space at the top for a text overlay","logo, brand text, watermark, deformed limbs, extra fingers, low quality, blurry text, distorted face, cluttered, oversaturated, plastic look, duplicate furniture, broken perspective",pending,
yg_0665,드롭,Drop,before_after,비포·애프터,딱딱한 거실 → 3초 만에 라운지로,재택 홈오피스,아이와 부모 가족,스플릿 비교 컷,차콜 그레이,4:5,1080x1350,피드 세로,"A premium oversized bean bag sofa (물방울 형태의 빈백 스툴, 발받침·보조 좌석용), 차콜 그레이 fabric color, a parent and a child playing, work-from-home office corner, laptop on a low table, split-screen before/after comparison layout, Korean home aesthetic, photorealistic, high-end interior photography, soft natural shadows, 8k, advertising quality, leave clean negative space at the top for a text overlay","logo, brand text, watermark, deformed limbs, extra fingers, low quality, blurry text, distorted face, cluttered, oversaturated, plastic look, duplicate furniture, broken perspective",pending,
yg_0666,키즈,Kids,season_hook,시즌·타이밍,"연말, 가족이 모이는 새 중심",햇살 드는 거실 창가,반려묘와 함께,로우앵글 임팩트,오트밀 화이트,4:5,1080x1350,피드 세로,"A premium oversized bean bag sofa (유아·아동 안전 인증 소형 빈백, 밝은 컬러), 오트밀 화이트 fabric color, a person with a cat curled up nearby, sunlit living room by a large window, soft daylight, dramatic low angle, product looks grand and inviting, Korean home aesthetic, photorealistic, high-end interior photography, soft natural shadows, 8k, advertising quality, leave clean negative space at the top for a text overlay","logo, brand text, watermark, deformed limbs, extra fingers, low quality, blurry text, distorted face, cluttered, oversaturated, plastic look, duplicate furniture, broken perspective",pending,
yg_0667,더블,Double,aspiration,동경·라이프스타일,퇴근하고 싶어지는 집의 비밀,서재 책장 앞,시니어 부모님,오버헤드 부감,크림 베이지,9:16,1080x1920,릴스/스토리,"A premium oversized bean bag sofa (맥스 2배 폭의 초대형 빈백, 커플·가족용 침대 겸용), 크림 베이지 fabric color, an elderly parent resting comfortably, home library nook in front of bookshelves, high overhead bird's-eye angle looking down, Korean home aesthetic, photorealistic, high-end interior photography, soft natural shadows, 8k, advertising quality, leave clean negative space at the top for a text overlay","logo, brand text, watermark, deformed limbs, extra fingers, low quality, blurry text, distorted face, cluttered, oversaturated, plastic look, duplicate furniture, broken perspective",pending,
yg_0668,서포트,Support,problem_agitate,문제 자극,반려견이 소파를 다 뜯어놨다면,미니멀 화이트 스튜디오,반려묘와 함께,한 손 스케일 비교,크림 베이지,9:16,1080x1920,릴스/스토리,"A premium oversized bean bag sofa (U자형 받침 쿠션, 빈백과 결합해 리클라이너로 변신), 크림 베이지 fabric color, a person with a cat curled up nearby, clean white photo studio, seamless backdrop, hand or person for scale, emphasizing size and softness, Korean home aesthetic, photorealistic, high-end interior photography, soft natural shadows, 8k, advertising quality, leave clean negative space at the top for a text overlay","logo, brand text, watermark, deformed limbs, extra fingers, low quality, blurry text, distorted face, cluttered, oversaturated, plastic look, duplicate furniture, broken perspective",pending,
yg_0669,키즈,Kids,aspiration,동경·라이프스타일,"남의 집 같던 그 무드, 우리집에",아늑한 원룸,책 읽는 학생,골든아워 시네마틱,딥 네이비,1:1,1080x1080,피드 정방,"A premium oversized bean bag sofa (유아·아동 안전 인증 소형 빈백, 밝은 컬러), 딥 네이비 fabric color, a student reading a book, cozy compact studio apartment, minimal Korean interior, golden hour cinematic lighting, warm glow, film look, Korean home aesthetic, photorealistic, high-end interior photography, soft natural shadows, 8k, advertising quality, leave clean negative space at the top for a text overlay","logo, brand text, watermark, deformed limbs, extra fingers, low quality, blurry text, distorted face, cluttered, oversaturated, plastic look, duplicate furniture, broken perspective",pending,
yg_0670,팟엑스,Pod X,humor_relatable,유머·공감,약속 취소되자마자 향한 곳,펜션·풀빌라 거실,다정한 커플,오버헤드 부감,코발트 블루,4:5,1080x1350,피드 세로,"A premium oversized bean bag sofa (확장형 듀얼 라이너 빈백, 몸 굴곡에 반응하는 분절 패널), 코발트 블루 fabric color, a cozy couple lounging together, vacation pension living room, premium resort vibe, high overhead bird's-eye angle looking down, Korean home aesthetic, photorealistic, high-end interior photography, soft natural shadows, 8k, advertising quality, leave clean negative space at the top for a text overlay","logo, brand text, watermark, deformed limbs, extra fingers, low quality, blurry text, distorted face, cluttered, oversaturated, plastic look, duplicate furniture, broken perspective",pending,
yg_0671,미니,Mini,humor_relatable,유머·공감,강아지에게 자리 뺏긴 1인,감성 카페 라운지,친구들 홈파티,탑다운 플랫레이,더스티 핑크,4:5,1080x1350,피드 세로,"A premium oversized bean bag sofa (1인용 소형 빈백, 가볍고 어디든 옮기는 컴팩트 사이즈), 더스티 핑크 fabric color, a few friends hanging out, casual home party, trendy cafe lounge interior, warm wood tones, top-down flat lay composition, neatly arranged, Korean home aesthetic, photorealistic, high-end interior photography, soft natural shadows, 8k, advertising quality, leave clean negative space at the top for a text overlay","logo, brand text, watermark, deformed limbs, extra fingers, low quality, blurry text, distorted face, cluttered, oversaturated, plastic look, duplicate furniture, broken perspective",pending,
yg_0672,팟엑스,Pod X,pattern_interrupt,패턴 인터럽트,끝까지 안 보면 손해,게이밍 셋업 방,재택근무 직장인,스플릿 비교 컷,테라코타,4:5,1080x1350,피드 세로,"A premium oversized bean bag sofa (확장형 듀얼 라이너 빈백, 몸 굴곡에 반응하는 분절 패널), 테라코타 fabric color, a remote worker taking a break, gaming room with RGB lights and a desk setup, split-screen before/after comparison layout, Korean home aesthetic, photorealistic, high-end interior photography, soft natural shadows, 8k, advertising quality, leave clean negative space at the top for a text overlay","logo, brand text, watermark, deformed limbs, extra fingers, low quality, blurry text, distorted face, cluttered, oversaturated, plastic look, duplicate furniture, broken perspective",pending,
yg_0673,팟,Pod,aspiration,동경·라이프스타일,퇴근하고 싶어지는 집의 비밀,미니멀 화이트 스튜디오,반려견과 집사,미니멀 제품 히어로,코발트 블루,4:5,1080x1350,피드 세로,"A premium oversized bean bag sofa (둥근 1인 의자형 빈백, 감싸는 듯한 곡선 실루엣), 코발트 블루 fabric color, a person with a small dog cuddling, clean white photo studio, seamless backdrop, minimal product hero shot, soft gradient backdrop, studio light, Korean home aesthetic, photorealistic, high-end interior photography, soft natural shadows, 8k, advertising quality, leave clean negative space at the top for a text overlay","logo, brand text, watermark, deformed limbs, extra fingers, low quality, blurry text, distorted face, cluttered, oversaturated, plastic look, duplicate furniture, broken perspective",pending,
yg_0674,더블,Double,season_hook,시즌·타이밍,"이사 시즌, 소파 대신 이것",발코니·테라스,재택근무 직장인,한 손 스케일 비교,올리브 그린,4:5,1080x1350,피드 세로,"A premium oversized bean bag sofa (맥스 2배 폭의 초대형 빈백, 커플·가족용 침대 겸용), 올리브 그린 fabric color, a remote worker taking a break, apartment balcony with plants and city view, hand or person for scale, emphasizing size and softness, Korean home aesthetic, photorealistic, high-end interior photography, soft natural shadows, 8k, advertising quality, leave clean negative space at the top for a text overlay","logo, brand text, watermark, deformed limbs, extra fingers, low quality, blurry text, distorted face, cluttered, oversaturated, plastic look, duplicate furniture, broken perspective",pending,
yg_0675,펫,Pet,humor_relatable,유머·공감,강아지에게 자리 뺏긴 1인,무드등 켜진 밤 침실,책 읽는 학생,파스텔 팝 컬러블록,더스티 핑크,1:1,1080x1080,피드 정방,"A premium oversized bean bag sofa (방수·항균·발톱 저항 커버의 반려동물용 빈백), 더스티 핑크 fabric color, a student reading a book, dim bedroom at night with warm mood lighting, pastel pop color-block background, playful graphic style, Korean home aesthetic, photorealistic, high-end interior photography, soft natural shadows, 8k, advertising quality, leave clean negative space at the top for a text overlay","logo, brand text, watermark, deformed limbs, extra fingers, low quality, blurry text, distorted face, cluttered, oversaturated, plastic look, duplicate furniture, broken perspective",pending,
yg_0676,프라임,Prime,aspiration,동경·라이프스타일,"남의 집 같던 그 무드, 우리집에",서재 책장 앞,책 읽는 학생,푹 꺼지는 모션 블러,머스타드 옐로,9:16,1080x1920,릴스/스토리,"A premium oversized bean bag sofa (슬림한 등받이형 빈백, 의자처럼 세워 앉기 좋은 형태), 머스타드 옐로 fabric color, a student reading a book, home library nook in front of bookshelves, motion-blur of a body sinking into the bean bag, dynamic, Korean home aesthetic, photorealistic, high-end interior photography, soft natural shadows, 8k, advertising quality, leave clean negative space at the top for a text overlay","logo, brand text, watermark, deformed limbs, extra fingers, low quality, blurry text, distorted face, cluttered, oversaturated, plastic look, duplicate furniture, broken perspective",pending,
yg_0677,허기보,Hugibo,pattern_interrupt,패턴 인터럽트,"잠깐, 저 사람 지금 소파 안으로 빨려 들어감",미니멀 화이트 스튜디오,낮잠 자는 사람,로우앵글 임팩트,라벤더,4:5,1080x1350,피드 세로,"A premium oversized bean bag sofa (끌어안는 바디필로우형 빈백, 수면·포옹감 강조), 라벤더 fabric color, a person napping, eyes closed, blissful, clean white photo studio, seamless backdrop, dramatic low angle, product looks grand and inviting, Korean home aesthetic, photorealistic, high-end interior photography, soft natural shadows, 8k, advertising quality, leave clean negative space at the top for a text overlay","logo, brand text, watermark, deformed limbs, extra fingers, low quality, blurry text, distorted face, cluttered, oversaturated, plastic look, duplicate furniture, broken perspective",pending,
yg_0678,플로어,Floor,before_after,비포·애프터,소파 있을 때 vs 요기보 들인 후,게이밍 셋업 방,재택근무 직장인,오버헤드 부감,테라코타,4:5,1080x1350,피드 세로,"A premium oversized bean bag sofa (좌식 문화 맞춤 초저높이 빈백), 테라코타 fabric color, a remote worker taking a break, gaming room with RGB lights and a desk setup, high overhead bird's-eye angle looking down, Korean home aesthetic, photorealistic, high-end interior photography, soft natural shadows, 8k, advertising quality, leave clean negative space at the top for a text overlay","logo, brand text, watermark, deformed limbs, extra fingers, low quality, blurry text, distorted face, cluttered, oversaturated, plastic look, duplicate furniture, broken perspective",pending,
yg_0679,미니,Mini,before_after,비포·애프터,딱딱한 거실 → 3초 만에 라운지로,발코니·테라스,반려묘와 함께,한 손 스케일 비교,테라코타,9:16,1080x1920,릴스/스토리,"A premium oversized bean bag sofa (1인용 소형 빈백, 가볍고 어디든 옮기는 컴팩트 사이즈), 테라코타 fabric color, a person with a cat curled up nearby, apartment balcony with plants and city view, hand or person for scale, emphasizing size and softness, Korean home aesthetic, photorealistic, high-end interior photography, soft natural shadows, 8k, advertising quality, leave clean negative space at the top for a text overlay","logo, brand text, watermark, deformed limbs, extra fingers, low quality, blurry text, distorted face, cluttered, oversaturated, plastic look, duplicate furniture, broken perspective",pending,
yg_0680,피라미드,Pyramid,price_value,가치·합리화,비싸 보이지만 1평도 안 차지,아늑한 원룸,낮잠 자는 사람,파스텔 팝 컬러블록,코발트 블루,4:5,1080x1350,피드 세로,"A premium oversized bean bag sofa (삼각 쿠션형 빈백, 등·허리 받침용 보조 쿠션), 코발트 블루 fabric color, a person napping, eyes closed, blissful, cozy compact studio apartment, minimal Korean interior, pastel pop color-block background, playful graphic style, Korean home aesthetic, photorealistic, high-end interior photography, soft natural shadows, 8k, advertising quality, leave clean negative space at the top for a text overlay","logo, brand text, watermark, deformed limbs, extra fingers, low quality, blurry text, distorted face, cluttered, oversaturated, plastic look, duplicate furniture, broken perspective",pending,
yg_0681,미니,Mini,season_hook,시즌·타이밍,올여름 에어컨 앞 명당 자리,겨울 러그 깔린 마루,책 읽는 학생,초근접 텍스처 클로즈업,딥 네이비,4:5,1080x1350,피드 세로,"A premium oversized bean bag sofa (1인용 소형 빈백, 가볍고 어디든 옮기는 컴팩트 사이즈), 딥 네이비 fabric color, a student reading a book, winter living room with rug, cozy ondol floor warmth, extreme macro close-up of plush fabric texture, shallow depth of field, Korean home aesthetic, photorealistic, high-end interior photography, soft natural shadows, 8k, advertising quality, leave clean negative space at the top for a text overlay","logo, brand text, watermark, deformed limbs, extra fingers, low quality, blurry text, distorted face, cluttered, oversaturated, plastic look, duplicate furniture, broken perspective",pending,
yg_0682,미니,Mini,before_after,비포·애프터,혼자 살기 전 → 혼자 살고 난 후의 거실,펜션·풀빌라 거실,시니어 부모님,초근접 텍스처 클로즈업,크림 베이지,4:5,1080x1350,피드 세로,"A premium oversized bean bag sofa (1인용 소형 빈백, 가볍고 어디든 옮기는 컴팩트 사이즈), 크림 베이지 fabric color, an elderly parent resting comfortably, vacation pension living room, premium resort vibe, extreme macro close-up of plush fabric texture, shallow depth of field, Korean home aesthetic, photorealistic, high-end interior photography, soft natural shadows, 8k, advertising quality, leave clean negative space at the top for a text overlay","logo, brand text, watermark, deformed limbs, extra fingers, low quality, blurry text, distorted face, cluttered, oversaturated, plastic look, duplicate furniture, broken perspective",pending,
yg_0683,미니,Mini,fomo_scarcity,FOMO·희소성,지금 안 보면 다음은 내년,무드등 켜진 밤 침실,시니어 부모님,미니멀 제품 히어로,오트밀 화이트,1:1,1080x1080,피드 정방,"A premium oversized bean bag sofa (1인용 소형 빈백, 가볍고 어디든 옮기는 컴팩트 사이즈), 오트밀 화이트 fabric color, an elderly parent resting comfortably, dim bedroom at night with warm mood lighting, minimal product hero shot, soft gradient backdrop, studio light, Korean home aesthetic, photorealistic, high-end interior photography, soft natural shadows, 8k, advertising quality, leave clean negative space at the top for a text overlay","logo, brand text, watermark, deformed limbs, extra fingers, low quality, blurry text, distorted face, cluttered, oversaturated, plastic look, duplicate furniture, broken perspective",pending,
yg_0684,맥스,Max,price_value,가치·합리화,"소파 + 침대 + 의자, 가격은 하나",한강 피크닉 잔디,친구들 홈파티,스플릿 비교 컷,테라코타,9:16,1080x1920,릴스/스토리,"A premium oversized bean bag sofa (6피트 풀사이즈 빈백 소파, 1인이 완전히 누울 수 있는 길이), 테라코타 fabric color, a few friends hanging out, casual home party, Hangang river park lawn picnic, outdoor daytime, split-screen before/after comparison layout, Korean home aesthetic, photorealistic, high-end interior photography, soft natural shadows, 8k, advertising quality, leave clean negative space at the top for a text overlay","logo, brand text, watermark, deformed limbs, extra fingers, low quality, blurry text, distorted face, cluttered, oversaturated, plastic look, duplicate furniture, broken perspective",pending,
yg_0685,온돌,Ondol,pattern_interrupt,패턴 인터럽트,3초 뒤 반전 주의,무드등 켜진 밤 침실,아이와 부모 가족,미니멀 제품 히어로,크림 베이지,1:1,1080x1080,피드 정방,"A premium oversized bean bag sofa (겨울 발열 커버형 빈백, 전기요 호환), 크림 베이지 fabric color, a parent and a child playing, dim bedroom at night with warm mood lighting, minimal product hero shot, soft gradient backdrop, studio light, Korean home aesthetic, photorealistic, high-end interior photography, soft natural shadows, 8k, advertising quality, leave clean negative space at the top for a text overlay","logo, brand text, watermark, deformed limbs, extra fingers, low quality, blurry text, distorted face, cluttered, oversaturated, plastic look, duplicate furniture, broken perspective",pending,
yg_0686,미니,Mini,humor_relatable,유머·공감,약속 취소되자마자 향한 곳,펜션·풀빌라 거실,시니어 부모님,스플릿 비교 컷,더스티 핑크,9:16,1080x1920,릴스/스토리,"A premium oversized bean bag sofa (1인용 소형 빈백, 가볍고 어디든 옮기는 컴팩트 사이즈), 더스티 핑크 fabric color, an elderly parent resting comfortably, vacation pension living room, premium resort vibe, split-screen before/after comparison layout, Korean home aesthetic, photorealistic, high-end interior photography, soft natural shadows, 8k, advertising quality, leave clean negative space at the top for a text overlay","logo, brand text, watermark, deformed limbs, extra fingers, low quality, blurry text, distorted face, cluttered, oversaturated, plastic look, duplicate furniture, broken perspective",pending,
yg_0687,프라임,Prime,problem_agitate,문제 자극,소파에서 자고 일어나면 허리 아픈 당신에게,캠핑·차박 텐트 안,책 읽는 학생,탑다운 플랫레이,딥 네이비,4:5,1080x1350,피드 세로,"A premium oversized bean bag sofa (슬림한 등받이형 빈백, 의자처럼 세워 앉기 좋은 형태), 딥 네이비 fabric color, a student reading a book, inside a camping tent / car-camping setup, lantern light, top-down flat lay composition, neatly arranged, Korean home aesthetic, photorealistic, high-end interior photography, soft natural shadows, 8k, advertising quality, leave clean negative space at the top for a text overlay","logo, brand text, watermark, deformed limbs, extra fingers, low quality, blurry text, distorted face, cluttered, oversaturated, plastic look, duplicate furniture, broken perspective",pending,
yg_0688,키즈,Kids,aspiration,동경·라이프스타일,"남의 집 같던 그 무드, 우리집에",펜션·풀빌라 거실,책 읽는 학생,탑다운 플랫레이,차콜 그레이,4:5,1080x1350,피드 세로,"A premium oversized bean bag sofa (유아·아동 안전 인증 소형 빈백, 밝은 컬러), 차콜 그레이 fabric color, a student reading a book, vacation pension living room, premium resort vibe, top-down flat lay composition, neatly arranged, Korean home aesthetic, photorealistic, high-end interior photography, soft natural shadows, 8k, advertising quality, leave clean negative space at the top for a text overlay","logo, brand text, watermark, deformed limbs, extra fingers, low quality, blurry text, distorted face, cluttered, oversaturated, plastic look, duplicate furniture, broken perspective",pending,
yg_0689,온돌,Ondol,humor_relatable,유머·공감,‘잠깐만 누울게’ → 3시간 경과,감성 카페 라운지,20대 1인 가구 여성,오버헤드 부감,차콜 그레이,4:5,1080x1350,피드 세로,"A premium oversized bean bag sofa (겨울 발열 커버형 빈백, 전기요 호환), 차콜 그레이 fabric color, a young woman in her 20s living alone, relaxed, trendy cafe lounge interior, warm wood tones, high overhead bird's-eye angle looking down, Korean home aesthetic, photorealistic, high-end interior photography, soft natural shadows, 8k, advertising quality, leave clean negative space at the top for a text overlay","logo, brand text, watermark, deformed limbs, extra fingers, low quality, blurry text, distorted face, cluttered, oversaturated, plastic look, duplicate furniture, broken perspective",pending,
yg_0690,온돌,Ondol,season_hook,시즌·타이밍,"장마철, 집이 가장 좋아지는 이유",무드등 켜진 밤 침실,반려묘와 함께,오버헤드 부감,머스타드 옐로,9:16,1080x1920,릴스/스토리,"A premium oversized bean bag sofa (겨울 발열 커버형 빈백, 전기요 호환), 머스타드 옐로 fabric color, a person with a cat curled up nearby, dim bedroom at night with warm mood lighting, high overhead bird's-eye angle looking down, Korean home aesthetic, photorealistic, high-end interior photography, soft natural shadows, 8k, advertising quality, leave clean negative space at the top for a text overlay","logo, brand text, watermark, deformed limbs, extra fingers, low quality, blurry text, distorted face, cluttered, oversaturated, plastic look, duplicate furniture, broken perspective",pending,
yg_0691,미니 K,Mini K,social_proof,사회적 증거,한 번 산 사람은 색깔만 늘린다,겨울 러그 깔린 마루,20대 1인 가구 여성,한 손 스케일 비교,머스타드 옐로,4:5,1080x1350,피드 세로,"A premium oversized bean bag sofa (원룸·15평 이하 전용 초소형 빈백), 머스타드 옐로 fabric color, a young woman in her 20s living alone, relaxed, winter living room with rug, cozy ondol floor warmth, hand or person for scale, emphasizing size and softness, Korean home aesthetic, photorealistic, high-end interior photography, soft natural shadows, 8k, advertising quality, leave clean negative space at the top for a text overlay","logo, brand text, watermark, deformed limbs, extra fingers, low quality, blurry text, distorted face, cluttered, oversaturated, plastic look, duplicate furniture, broken perspective",pending,
yg_0692,온돌,Ondol,transformation,변신·다용도,"낮엔 소파, 밤엔 침대",발코니·테라스,반려묘와 함께,한 손 스케일 비교,차콜 그레이,9:16,1080x1920,릴스/스토리,"A premium oversized bean bag sofa (겨울 발열 커버형 빈백, 전기요 호환), 차콜 그레이 fabric color, a person with a cat curled up nearby, apartment balcony with plants and city view, hand or person for scale, emphasizing size and softness, Korean home aesthetic, photorealistic, high-end interior photography, soft natural shadows, 8k, advertising quality, leave clean negative space at the top for a text overlay","logo, brand text, watermark, deformed limbs, extra fingers, low quality, blurry text, distorted face, cluttered, oversaturated, plastic look, duplicate furniture, broken perspective",pending,
yg_0693,미디,Midi,fomo_scarcity,FOMO·희소성,다들 이미 거실에 하나씩 들였대요,키즈룸,아이와 부모 가족,라이프스타일 와이드,오트밀 화이트,9:16,1080x1920,릴스/스토리,"A premium oversized bean bag sofa (맥스의 컴팩트 버전, 청소년·소형 공간용 중형 빈백), 오트밀 화이트 fabric color, a parent and a child playing, bright kids room with toys, playful pastel palette, wide lifestyle editorial shot, natural light, lived-in feel, Korean home aesthetic, photorealistic, high-end interior photography, soft natural shadows, 8k, advertising quality, leave clean negative space at the top for a text overlay","logo, brand text, watermark, deformed limbs, extra fingers, low quality, blurry text, distorted face, cluttered, oversaturated, plastic look, duplicate furniture, broken perspective",pending,
yg_0694,미니 K,Mini K,fomo_scarcity,FOMO·희소성,"이 컬러, 곧 사라집니다",게이밍 셋업 방,20대 1인 가구 여성,한 손 스케일 비교,오트밀 화이트,9:16,1080x1920,릴스/스토리,"A premium oversized bean bag sofa (원룸·15평 이하 전용 초소형 빈백), 오트밀 화이트 fabric color, a young woman in her 20s living alone, relaxed, gaming room with RGB lights and a desk setup, hand or person for scale, emphasizing size and softness, Korean home aesthetic, photorealistic, high-end interior photography, soft natural shadows, 8k, advertising quality, leave clean negative space at the top for a text overlay","logo, brand text, watermark, deformed limbs, extra fingers, low quality, blurry text, distorted face, cluttered, oversaturated, plastic look, duplicate furniture, broken perspective",pending,
yg_0695,슬림,Slim,aspiration,동경·라이프스타일,"이런 주말, 가져본 적 있나요",햇살 드는 거실 창가,책 읽는 학생,파스텔 팝 컬러블록,더스티 핑크,9:16,1080x1920,릴스/스토리,"A premium oversized bean bag sofa (좁은 폭의 빈백, 1인 라운지 체어 형태), 더스티 핑크 fabric color, a student reading a book, sunlit living room by a large window, soft daylight, pastel pop color-block background, playful graphic style, Korean home aesthetic, photorealistic, high-end interior photography, soft natural shadows, 8k, advertising quality, leave clean negative space at the top for a text overlay","logo, brand text, watermark, deformed limbs, extra fingers, low quality, blurry text, distorted face, cluttered, oversaturated, plastic look, duplicate furniture, broken perspective",pending,
yg_0696,허기보,Hugibo,asmr_sensory,감각·ASMR,"오늘 밤, 여기로 사라지고 싶다",무드등 켜진 밤 침실,책 읽는 학생,파스텔 팝 컬러블록,올리브 그린,4:5,1080x1350,피드 세로,"A premium oversized bean bag sofa (끌어안는 바디필로우형 빈백, 수면·포옹감 강조), 올리브 그린 fabric color, a student reading a book, dim bedroom at night with warm mood lighting, pastel pop color-block background, playful graphic style, Korean home aesthetic, photorealistic, high-end interior photography, soft natural shadows, 8k, advertising quality, leave clean negative space at the top for a text overlay","logo, brand text, watermark, deformed limbs, extra fingers, low quality, blurry text, distorted face, cluttered, oversaturated, plastic look, duplicate furniture, broken perspective",pending,
yg_0697,펫,Pet,transformation,변신·다용도,접고 펴고 세우고 — 공간이 살아난다,감성 카페 라운지,반려견과 집사,로우앵글 임팩트,머스타드 옐로,4:5,1080x1350,피드 세로,"A premium oversized bean bag sofa (방수·항균·발톱 저항 커버의 반려동물용 빈백), 머스타드 옐로 fabric color, a person with a small dog cuddling, trendy cafe lounge interior, warm wood tones, dramatic low angle, product looks grand and inviting, Korean home aesthetic, photorealistic, high-end interior photography, soft natural shadows, 8k, advertising quality, leave clean negative space at the top for a text overlay","logo, brand text, watermark, deformed limbs, extra fingers, low quality, blurry text, distorted face, cluttered, oversaturated, plastic look, duplicate furniture, broken perspective",pending,
yg_0698,미니 K,Mini K,aspiration,동경·라이프스타일,"이런 주말, 가져본 적 있나요",미니멀 화이트 스튜디오,시니어 부모님,다크 무드 라이팅,더스티 핑크,9:16,1080x1920,릴스/스토리,"A premium oversized bean bag sofa (원룸·15평 이하 전용 초소형 빈백), 더스티 핑크 fabric color, an elderly parent resting comfortably, clean white photo studio, seamless backdrop, dark moody lighting with a single warm light source, Korean home aesthetic, photorealistic, high-end interior photography, soft natural shadows, 8k, advertising quality, leave clean negative space at the top for a text overlay","logo, brand text, watermark, deformed limbs, extra fingers, low quality, blurry text, distorted face, cluttered, oversaturated, plastic look, duplicate furniture, broken perspective",pending,
yg_0699,펫,Pet,pattern_interrupt,패턴 인터럽트,끝까지 안 보면 손해,서재 책장 앞,게이머 청년,로우앵글 임팩트,머스타드 옐로,4:5,1080x1350,피드 세로,"A premium oversized bean bag sofa (방수·항균·발톱 저항 커버의 반려동물용 빈백), 머스타드 옐로 fabric color, a young gamer with a controller, home library nook in front of bookshelves, dramatic low angle, product looks grand and inviting, Korean home aesthetic, photorealistic, high-end interior photography, soft natural shadows, 8k, advertising quality, leave clean negative space at the top for a text overlay","logo, brand text, watermark, deformed limbs, extra fingers, low quality, blurry text, distorted face, cluttered, oversaturated, plastic look, duplicate furniture, broken perspective",pending,
yg_0700,슬림,Slim,price_value,가치·합리화,"10년 쓰는 소파, 커버만 갈면 새것",게이밍 셋업 방,낮잠 자는 사람,한 손 스케일 비교,차콜 그레이,4:5,1080x1350,피드 세로,"A premium oversized bean bag sofa (좁은 폭의 빈백, 1인 라운지 체어 형태), 차콜 그레이 fabric color, a person napping, eyes closed, blissful, gaming room with RGB lights and a desk setup, hand or person for scale, emphasizing size and softness, Korean home aesthetic, photorealistic, high-end interior photography, soft natural shadows, 8k, advertising quality, leave clean negative space at the top for a text overlay","logo, brand text, watermark, deformed limbs, extra fingers, low quality, blurry text, distorted face, cluttered, oversaturated, plastic look, duplicate furniture, broken perspective",pending,
yg_0701,키즈,Kids,transformation,변신·다용도,"낮엔 소파, 밤엔 침대",미니멀 화이트 스튜디오,반려견과 집사,오버헤드 부감,딥 네이비,4:5,1080x1350,피드 세로,"A premium oversized bean bag sofa (유아·아동 안전 인증 소형 빈백, 밝은 컬러), 딥 네이비 fabric color, a person with a small dog cuddling, clean white photo studio, seamless backdrop, high overhead bird's-eye angle looking down, Korean home aesthetic, photorealistic, high-end interior photography, soft natural shadows, 8k, advertising quality, leave clean negative space at the top for a text overlay","logo, brand text, watermark, deformed limbs, extra fingers, low quality, blurry text, distorted face, cluttered, oversaturated, plastic look, duplicate furniture, broken perspective",pending,
yg_0702,서포트,Support,season_hook,시즌·타이밍,"연말, 가족이 모이는 새 중심",햇살 드는 거실 창가,재택근무 직장인,탑다운 플랫레이,오트밀 화이트,9:16,1080x1920,릴스/스토리,"A premium oversized bean bag sofa (U자형 받침 쿠션, 빈백과 결합해 리클라이너로 변신), 오트밀 화이트 fabric color, a remote worker taking a break, sunlit living room by a large window, soft daylight, top-down flat lay composition, neatly arranged, Korean home aesthetic, photorealistic, high-end interior photography, soft natural shadows, 8k, advertising quality, leave clean negative space at the top for a text overlay","logo, brand text, watermark, deformed limbs, extra fingers, low quality, blurry text, distorted face, cluttered, oversaturated, plastic look, duplicate furniture, broken perspective",pending,
yg_0703,프라임,Prime,asmr_sensory,감각·ASMR,푹— 몸이 그대로 녹아드는 소리,서재 책장 앞,아이와 부모 가족,골든아워 시네마틱,오트밀 화이트,4:5,1080x1350,피드 세로,"A premium oversized bean bag sofa (슬림한 등받이형 빈백, 의자처럼 세워 앉기 좋은 형태), 오트밀 화이트 fabric color, a parent and a child playing, home library nook in front of bookshelves, golden hour cinematic lighting, warm glow, film look, Korean home aesthetic, photorealistic, high-end interior photography, soft natural shadows, 8k, advertising quality, leave clean negative space at the top for a text overlay","logo, brand text, watermark, deformed limbs, extra fingers, low quality, blurry text, distorted face, cluttered, oversaturated, plastic look, duplicate furniture, broken perspective",pending,
yg_0704,서포트,Support,transformation,변신·다용도,접고 펴고 세우고 — 공간이 살아난다,감성 카페 라운지,친구들 홈파티,오버헤드 부감,오트밀 화이트,4:5,1080x1350,피드 세로,"A premium oversized bean bag sofa (U자형 받침 쿠션, 빈백과 결합해 리클라이너로 변신), 오트밀 화이트 fabric color, a few friends hanging out, casual home party, trendy cafe lounge interior, warm wood tones, high overhead bird's-eye angle looking down, Korean home aesthetic, photorealistic, high-end interior photography, soft natural shadows, 8k, advertising quality, leave clean negative space at the top for a text overlay","logo, brand text, watermark, deformed limbs, extra fingers, low quality, blurry text, distorted face, cluttered, oversaturated, plastic look, duplicate furniture, broken perspective",pending,
yg_0705,미니,Mini,season_hook,시즌·타이밍,올여름 에어컨 앞 명당 자리,키즈룸,낮잠 자는 사람,초근접 텍스처 클로즈업,라벤더,4:5,1080x1350,피드 세로,"A premium oversized bean bag sofa (1인용 소형 빈백, 가볍고 어디든 옮기는 컴팩트 사이즈), 라벤더 fabric color, a person napping, eyes closed, blissful, bright kids room with toys, playful pastel palette, extreme macro close-up of plush fabric texture, shallow depth of field, Korean home aesthetic, photorealistic, high-end interior photography, soft natural shadows, 8k, advertising quality, leave clean negative space at the top for a text overlay","logo, brand text, watermark, deformed limbs, extra fingers, low quality, blurry text, distorted face, cluttered, oversaturated, plastic look, duplicate furniture, broken perspective",pending,
yg_0706,팟,Pod,curiosity_gap,호기심 갭,이게 소파라고? 끝까지 보면 놀람,미니멀 화이트 스튜디오,반려묘와 함께,오버헤드 부감,테라코타,1:1,1080x1080,피드 정방,"A premium oversized bean bag sofa (둥근 1인 의자형 빈백, 감싸는 듯한 곡선 실루엣), 테라코타 fabric color, a person with a cat curled up nearby, clean white photo studio, seamless backdrop, high overhead bird's-eye angle looking down, Korean home aesthetic, photorealistic, high-end interior photography, soft natural shadows, 8k, advertising quality, leave clean negative space at the top for a text overlay","logo, brand text, watermark, deformed limbs, extra fingers, low quality, blurry text, distorted face, cluttered, oversaturated, plastic look, duplicate furniture, broken perspective",pending,
yg_0707,미니,Mini,season_hook,시즌·타이밍,"장마철, 집이 가장 좋아지는 이유",햇살 드는 거실 창가,반려견과 집사,푹 꺼지는 모션 블러,크림 베이지,4:5,1080x1350,피드 세로,"A premium oversized bean bag sofa (1인용 소형 빈백, 가볍고 어디든 옮기는 컴팩트 사이즈), 크림 베이지 fabric color, a person with a small dog cuddling, sunlit living room by a large window, soft daylight, motion-blur of a body sinking into the bean bag, dynamic, Korean home aesthetic, photorealistic, high-end interior photography, soft natural shadows, 8k, advertising quality, leave clean negative space at the top for a text overlay","logo, brand text, watermark, deformed limbs, extra fingers, low quality, blurry text, distorted face, cluttered, oversaturated, plastic look, duplicate furniture, broken perspective",pending,
yg_0708,드롭,Drop,transformation,변신·다용도,"1개로 5가지 자세, 직접 보세요",발코니·테라스,친구들 홈파티,미니멀 제품 히어로,오트밀 화이트,4:5,1080x1350,피드 세로,"A premium oversized bean bag sofa (물방울 형태의 빈백 스툴, 발받침·보조 좌석용), 오트밀 화이트 fabric color, a few friends hanging out, casual home party, apartment balcony with plants and city view, minimal product hero shot, soft gradient backdrop, studio light, Korean home aesthetic, photorealistic, high-end interior photography, soft natural shadows, 8k, advertising quality, leave clean negative space at the top for a text overlay","logo, brand text, watermark, deformed limbs, extra fingers, low quality, blurry text, distorted face, cluttered, oversaturated, plastic look, duplicate furniture, broken perspective",pending,
yg_0709,키즈,Kids,curiosity_gap,호기심 갭,"이 소파, 3초만 앉으면 못 일어나는 이유",한강 피크닉 잔디,제품 단독(인물 없음),라이프스타일 와이드,라벤더,4:5,1080x1350,피드 세로,"A premium oversized bean bag sofa (유아·아동 안전 인증 소형 빈백, 밝은 컬러), 라벤더 fabric color, Hangang river park lawn picnic, outdoor daytime, wide lifestyle editorial shot, natural light, lived-in feel, Korean home aesthetic, photorealistic, high-end interior photography, soft natural shadows, 8k, advertising quality, leave clean negative space at the top for a text overlay","logo, brand text, watermark, deformed limbs, extra fingers, low quality, blurry text, distorted face, cluttered, oversaturated, plastic look, duplicate furniture, broken perspective",pending,
yg_0710,펫,Pet,humor_relatable,유머·공감,약속 취소되자마자 향한 곳,발코니·테라스,반려견과 집사,스플릿 비교 컷,오트밀 화이트,4:5,1080x1350,피드 세로,"A premium oversized bean bag sofa (방수·항균·발톱 저항 커버의 반려동물용 빈백), 오트밀 화이트 fabric color, a person with a small dog cuddling, apartment balcony with plants and city view, split-screen before/after comparison layout, Korean home aesthetic, photorealistic, high-end interior photography, soft natural shadows, 8k, advertising quality, leave clean negative space at the top for a text overlay","logo, brand text, watermark, deformed limbs, extra fingers, low quality, blurry text, distorted face, cluttered, oversaturated, plastic look, duplicate furniture, broken perspective",pending,
yg_0711,플로어,Floor,transformation,변신·다용도,하나로 거실 전체를 바꾸는 법,감성 카페 라운지,20대 1인 가구 여성,스플릿 비교 컷,머스타드 옐로,9:16,1080x1920,릴스/스토리,"A premium oversized bean bag sofa (좌식 문화 맞춤 초저높이 빈백), 머스타드 옐로 fabric color, a young woman in her 20s living alone, relaxed, trendy cafe lounge interior, warm wood tones, split-screen before/after comparison layout, Korean home aesthetic, photorealistic, high-end interior photography, soft natural shadows, 8k, advertising quality, leave clean negative space at the top for a text overlay","logo, brand text, watermark, deformed limbs, extra fingers, low quality, blurry text, distorted face, cluttered, oversaturated, plastic look, duplicate furniture, broken perspective",pending,
yg_0712,슬림,Slim,aspiration,동경·라이프스타일,햇살 + 요기보 = 완벽한 일요일,아늑한 원룸,시니어 부모님,스플릿 비교 컷,차콜 그레이,9:16,1080x1920,릴스/스토리,"A premium oversized bean bag sofa (좁은 폭의 빈백, 1인 라운지 체어 형태), 차콜 그레이 fabric color, an elderly parent resting comfortably, cozy compact studio apartment, minimal Korean interior, split-screen before/after comparison layout, Korean home aesthetic, photorealistic, high-end interior photography, soft natural shadows, 8k, advertising quality, leave clean negative space at the top for a text overlay","logo, brand text, watermark, deformed limbs, extra fingers, low quality, blurry text, distorted face, cluttered, oversaturated, plastic look, duplicate furniture, broken perspective",pending,
yg_0713,드롭,Drop,aspiration,동경·라이프스타일,퇴근하고 싶어지는 집의 비밀,겨울 러그 깔린 마루,반려묘와 함께,스플릿 비교 컷,머스타드 옐로,1:1,1080x1080,피드 정방,"A premium oversized bean bag sofa (물방울 형태의 빈백 스툴, 발받침·보조 좌석용), 머스타드 옐로 fabric color, a person with a cat curled up nearby, winter living room with rug, cozy ondol floor warmth, split-screen before/after comparison layout, Korean home aesthetic, photorealistic, high-end interior photography, soft natural shadows, 8k, advertising quality, leave clean negative space at the top for a text overlay","logo, brand text, watermark, deformed limbs, extra fingers, low quality, blurry text, distorted face, cluttered, oversaturated, plastic look, duplicate furniture, broken perspective",pending,
yg_0714,온돌,Ondol,problem_agitate,문제 자극,원룸이라 소파는 포기했다고요?,미니멀 화이트 스튜디오,반려견과 집사,다크 무드 라이팅,오트밀 화이트,4:5,1080x1350,피드 세로,"A premium oversized bean bag sofa (겨울 발열 커버형 빈백, 전기요 호환), 오트밀 화이트 fabric color, a person with a small dog cuddling, clean white photo studio, seamless backdrop, dark moody lighting with a single warm light source, Korean home aesthetic, photorealistic, high-end interior photography, soft natural shadows, 8k, advertising quality, leave clean negative space at the top for a text overlay","logo, brand text, watermark, deformed limbs, extra fingers, low quality, blurry text, distorted face, cluttered, oversaturated, plastic look, duplicate furniture, broken perspective",pending,
yg_0715,온돌,Ondol,asmr_sensory,감각·ASMR,"이 촉감, 화면으로도 느껴지나요?",서재 책장 앞,재택근무 직장인,미니멀 제품 히어로,테라코타,9:16,1080x1920,릴스/스토리,"A premium oversized bean bag sofa (겨울 발열 커버형 빈백, 전기요 호환), 테라코타 fabric color, a remote worker taking a break, home library nook in front of bookshelves, minimal product hero shot, soft gradient backdrop, studio light, Korean home aesthetic, photorealistic, high-end interior photography, soft natural shadows, 8k, advertising quality, leave clean negative space at the top for a text overlay","logo, brand text, watermark, deformed limbs, extra fingers, low quality, blurry text, distorted face, cluttered, oversaturated, plastic look, duplicate furniture, broken perspective",pending,
yg_0716,미니 K,Mini K,social_proof,사회적 증거,1인 가구가 가장 많이 산 가구 1위,재택 홈오피스,시니어 부모님,초근접 텍스처 클로즈업,테라코타,4:5,1080x1350,피드 세로,"A premium oversized bean bag sofa (원룸·15평 이하 전용 초소형 빈백), 테라코타 fabric color, an elderly parent resting comfortably, work-from-home office corner, laptop on a low table, extreme macro close-up of plush fabric texture, shallow depth of field, Korean home aesthetic, photorealistic, high-end interior photography, soft natural shadows, 8k, advertising quality, leave clean negative space at the top for a text overlay","logo, brand text, watermark, deformed limbs, extra fingers, low quality, blurry text, distorted face, cluttered, oversaturated, plastic look, duplicate furniture, broken perspective",pending,
yg_0717,프라임,Prime,transformation,변신·다용도,"소파였다가, 침대였다가, 의자였다가",펜션·풀빌라 거실,제품 단독(인물 없음),골든아워 시네마틱,라벤더,4:5,1080x1350,피드 세로,"A premium oversized bean bag sofa (슬림한 등받이형 빈백, 의자처럼 세워 앉기 좋은 형태), 라벤더 fabric color, vacation pension living room, premium resort vibe, golden hour cinematic lighting, warm glow, film look, Korean home aesthetic, photorealistic, high-end interior photography, soft natural shadows, 8k, advertising quality, leave clean negative space at the top for a text overlay","logo, brand text, watermark, deformed limbs, extra fingers, low quality, blurry text, distorted face, cluttered, oversaturated, plastic look, duplicate furniture, broken perspective",pending,
yg_0718,온돌,Ondol,social_proof,사회적 증거,1인 가구가 가장 많이 산 가구 1위,발코니·테라스,아이와 부모 가족,로우앵글 임팩트,크림 베이지,1:1,1080x1080,피드 정방,"A premium oversized bean bag sofa (겨울 발열 커버형 빈백, 전기요 호환), 크림 베이지 fabric color, a parent and a child playing, apartment balcony with plants and city view, dramatic low angle, product looks grand and inviting, Korean home aesthetic, photorealistic, high-end interior photography, soft natural shadows, 8k, advertising quality, leave clean negative space at the top for a text overlay","logo, brand text, watermark, deformed limbs, extra fingers, low quality, blurry text, distorted face, cluttered, oversaturated, plastic look, duplicate furniture, broken perspective",pending,
yg_0719,팟,Pod,pattern_interrupt,패턴 인터럽트,이 자세 실화냐,한강 피크닉 잔디,아이와 부모 가족,푹 꺼지는 모션 블러,올리브 그린,4:5,1080x1350,피드 세로,"A premium oversized bean bag sofa (둥근 1인 의자형 빈백, 감싸는 듯한 곡선 실루엣), 올리브 그린 fabric color, a parent and a child playing, Hangang river park lawn picnic, outdoor daytime, motion-blur of a body sinking into the bean bag, dynamic, Korean home aesthetic, photorealistic, high-end interior photography, soft natural shadows, 8k, advertising quality, leave clean negative space at the top for a text overlay","logo, brand text, watermark, deformed limbs, extra fingers, low quality, blurry text, distorted face, cluttered, oversaturated, plastic look, duplicate furniture, broken perspective",pending,
yg_0720,팟엑스,Pod X,problem_agitate,문제 자극,반려견이 소파를 다 뜯어놨다면,겨울 러그 깔린 마루,아이와 부모 가족,로우앵글 임팩트,크림 베이지,4:5,1080x1350,피드 세로,"A premium oversized bean bag sofa (확장형 듀얼 라이너 빈백, 몸 굴곡에 반응하는 분절 패널), 크림 베이지 fabric color, a parent and a child playing, winter living room with rug, cozy ondol floor warmth, dramatic low angle, product looks grand and inviting, Korean home aesthetic, photorealistic, high-end interior photography, soft natural shadows, 8k, advertising quality, leave clean negative space at the top for a text overlay","logo, brand text, watermark, deformed limbs, extra fingers, low quality, blurry text, distorted face, cluttered, oversaturated, plastic look, duplicate furniture, broken perspective",pending,
yg_0721,슬림,Slim,asmr_sensory,감각·ASMR,"오늘 밤, 여기로 사라지고 싶다",펜션·풀빌라 거실,친구들 홈파티,다크 무드 라이팅,딥 네이비,9:16,1080x1920,릴스/스토리,"A premium oversized bean bag sofa (좁은 폭의 빈백, 1인 라운지 체어 형태), 딥 네이비 fabric color, a few friends hanging out, casual home party, vacation pension living room, premium resort vibe, dark moody lighting with a single warm light source, Korean home aesthetic, photorealistic, high-end interior photography, soft natural shadows, 8k, advertising quality, leave clean negative space at the top for a text overlay","logo, brand text, watermark, deformed limbs, extra fingers, low quality, blurry text, distorted face, cluttered, oversaturated, plastic look, duplicate furniture, broken perspective",pending,
yg_0722,더블,Double,pattern_interrupt,패턴 인터럽트,이런 식으로 앉는 거 처음 봄,발코니·테라스,반려묘와 함께,골든아워 시네마틱,오트밀 화이트,4:5,1080x1350,피드 세로,"A premium oversized bean bag sofa (맥스 2배 폭의 초대형 빈백, 커플·가족용 침대 겸용), 오트밀 화이트 fabric color, a person with a cat curled up nearby, apartment balcony with plants and city view, golden hour cinematic lighting, warm glow, film look, Korean home aesthetic, photorealistic, high-end interior photography, soft natural shadows, 8k, advertising quality, leave clean negative space at the top for a text overlay","logo, brand text, watermark, deformed limbs, extra fingers, low quality, blurry text, distorted face, cluttered, oversaturated, plastic look, duplicate furniture, broken perspective",pending,
yg_0723,온돌,Ondol,before_after,비포·애프터,어제의 허리 vs 오늘의 허리,미니멀 화이트 스튜디오,시니어 부모님,스플릿 비교 컷,테라코타,1:1,1080x1080,피드 정방,"A premium oversized bean bag sofa (겨울 발열 커버형 빈백, 전기요 호환), 테라코타 fabric color, an elderly parent resting comfortably, clean white photo studio, seamless backdrop, split-screen before/after comparison layout, Korean home aesthetic, photorealistic, high-end interior photography, soft natural shadows, 8k, advertising quality, leave clean negative space at the top for a text overlay","logo, brand text, watermark, deformed limbs, extra fingers, low quality, blurry text, distorted face, cluttered, oversaturated, plastic look, duplicate furniture, broken perspective",pending,
yg_0724,미디,Midi,curiosity_gap,호기심 갭,이게 소파라고? 끝까지 보면 놀람,재택 홈오피스,책 읽는 학생,다크 무드 라이팅,딥 네이비,9:16,1080x1920,릴스/스토리,"A premium oversized bean bag sofa (맥스의 컴팩트 버전, 청소년·소형 공간용 중형 빈백), 딥 네이비 fabric color, a student reading a book, work-from-home office corner, laptop on a low table, dark moody lighting with a single warm light source, Korean home aesthetic, photorealistic, high-end interior photography, soft natural shadows, 8k, advertising quality, leave clean negative space at the top for a text overlay","logo, brand text, watermark, deformed limbs, extra fingers, low quality, blurry text, distorted face, cluttered, oversaturated, plastic look, duplicate furniture, broken perspective",pending,
yg_0725,허기보,Hugibo,transformation,변신·다용도,"1개로 5가지 자세, 직접 보세요",겨울 러그 깔린 마루,친구들 홈파티,탑다운 플랫레이,차콜 그레이,9:16,1080x1920,릴스/스토리,"A premium oversized bean bag sofa (끌어안는 바디필로우형 빈백, 수면·포옹감 강조), 차콜 그레이 fabric color, a few friends hanging out, casual home party, winter living room with rug, cozy ondol floor warmth, top-down flat lay composition, neatly arranged, Korean home aesthetic, photorealistic, high-end interior photography, soft natural shadows, 8k, advertising quality, leave clean negative space at the top for a text overlay","logo, brand text, watermark, deformed limbs, extra fingers, low quality, blurry text, distorted face, cluttered, oversaturated, plastic look, duplicate furniture, broken perspective",pending,
yg_0726,플로어,Floor,social_proof,사회적 증거,연예인 자취방에 다 있다는 그것,한강 피크닉 잔디,20대 1인 가구 여성,초근접 텍스처 클로즈업,머스타드 옐로,1:1,1080x1080,피드 정방,"A premium oversized bean bag sofa (좌식 문화 맞춤 초저높이 빈백), 머스타드 옐로 fabric color, a young woman in her 20s living alone, relaxed, Hangang river park lawn picnic, outdoor daytime, extreme macro close-up of plush fabric texture, shallow depth of field, Korean home aesthetic, photorealistic, high-end interior photography, soft natural shadows, 8k, advertising quality, leave clean negative space at the top for a text overlay","logo, brand text, watermark, deformed limbs, extra fingers, low quality, blurry text, distorted face, cluttered, oversaturated, plastic look, duplicate furniture, broken perspective",pending,
yg_0727,슬림,Slim,social_proof,사회적 증거,연예인 자취방에 다 있다는 그것,발코니·테라스,반려묘와 함께,스플릿 비교 컷,라벤더,4:5,1080x1350,피드 세로,"A premium oversized bean bag sofa (좁은 폭의 빈백, 1인 라운지 체어 형태), 라벤더 fabric color, a person with a cat curled up nearby, apartment balcony with plants and city view, split-screen before/after comparison layout, Korean home aesthetic, photorealistic, high-end interior photography, soft natural shadows, 8k, advertising quality, leave clean negative space at the top for a text overlay","logo, brand text, watermark, deformed limbs, extra fingers, low quality, blurry text, distorted face, cluttered, oversaturated, plastic look, duplicate furniture, broken perspective",pending,
yg_0728,팟엑스,Pod X,fomo_scarcity,FOMO·희소성,다들 이미 거실에 하나씩 들였대요,키즈룸,반려묘와 함께,골든아워 시네마틱,크림 베이지,9:16,1080x1920,릴스/스토리,"A premium oversized bean bag sofa (확장형 듀얼 라이너 빈백, 몸 굴곡에 반응하는 분절 패널), 크림 베이지 fabric color, a person with a cat curled up nearby, bright kids room with toys, playful pastel palette, golden hour cinematic lighting, warm glow, film look, Korean home aesthetic, photorealistic, high-end interior photography, soft natural shadows, 8k, advertising quality, leave clean negative space at the top for a text overlay","logo, brand text, watermark, deformed limbs, extra fingers, low quality, blurry text, distorted face, cluttered, oversaturated, plastic look, duplicate furniture, broken perspective",pending,
yg_0729,미니 K,Mini K,problem_agitate,문제 자극,반려견이 소파를 다 뜯어놨다면,캠핑·차박 텐트 안,제품 단독(인물 없음),골든아워 시네마틱,머스타드 옐로,4:5,1080x1350,피드 세로,"A premium oversized bean bag sofa (원룸·15평 이하 전용 초소형 빈백), 머스타드 옐로 fabric color, inside a camping tent / car-camping setup, lantern light, golden hour cinematic lighting, warm glow, film look, Korean home aesthetic, photorealistic, high-end interior photography, soft natural shadows, 8k, advertising quality, leave clean negative space at the top for a text overlay","logo, brand text, watermark, deformed limbs, extra fingers, low quality, blurry text, distorted face, cluttered, oversaturated, plastic look, duplicate furniture, broken perspective",pending,
yg_0730,플로어,Floor,before_after,비포·애프터,퇴근 전 vs 퇴근 후 내 모습,감성 카페 라운지,다정한 커플,로우앵글 임팩트,차콜 그레이,4:5,1080x1350,피드 세로,"A premium oversized bean bag sofa (좌식 문화 맞춤 초저높이 빈백), 차콜 그레이 fabric color, a cozy couple lounging together, trendy cafe lounge interior, warm wood tones, dramatic low angle, product looks grand and inviting, Korean home aesthetic, photorealistic, high-end interior photography, soft natural shadows, 8k, advertising quality, leave clean negative space at the top for a text overlay","logo, brand text, watermark, deformed limbs, extra fingers, low quality, blurry text, distorted face, cluttered, oversaturated, plastic look, duplicate furniture, broken perspective",pending,
yg_0731,팟엑스,Pod X,aspiration,동경·라이프스타일,"이런 주말, 가져본 적 있나요",캠핑·차박 텐트 안,책 읽는 학생,푹 꺼지는 모션 블러,크림 베이지,9:16,1080x1920,릴스/스토리,"A premium oversized bean bag sofa (확장형 듀얼 라이너 빈백, 몸 굴곡에 반응하는 분절 패널), 크림 베이지 fabric color, a student reading a book, inside a camping tent / car-camping setup, lantern light, motion-blur of a body sinking into the bean bag, dynamic, Korean home aesthetic, photorealistic, high-end interior photography, soft natural shadows, 8k, advertising quality, leave clean negative space at the top for a text overlay","logo, brand text, watermark, deformed limbs, extra fingers, low quality, blurry text, distorted face, cluttered, oversaturated, plastic look, duplicate furniture, broken perspective",pending,
yg_0732,맥스,Max,before_after,비포·애프터,혼자 살기 전 → 혼자 살고 난 후의 거실,캠핑·차박 텐트 안,낮잠 자는 사람,탑다운 플랫레이,라벤더,9:16,1080x1920,릴스/스토리,"A premium oversized bean bag sofa (6피트 풀사이즈 빈백 소파, 1인이 완전히 누울 수 있는 길이), 라벤더 fabric color, a person napping, eyes closed, blissful, inside a camping tent / car-camping setup, lantern light, top-down flat lay composition, neatly arranged, Korean home aesthetic, photorealistic, high-end interior photography, soft natural shadows, 8k, advertising quality, leave clean negative space at the top for a text overlay","logo, brand text, watermark, deformed limbs, extra fingers, low quality, blurry text, distorted face, cluttered, oversaturated, plastic look, duplicate furniture, broken perspective",pending,
yg_0733,온돌,Ondol,fomo_scarcity,FOMO·희소성,"이 컬러, 곧 사라집니다",서재 책장 앞,시니어 부모님,로우앵글 임팩트,머스타드 옐로,4:5,1080x1350,피드 세로,"A premium oversized bean bag sofa (겨울 발열 커버형 빈백, 전기요 호환), 머스타드 옐로 fabric color, an elderly parent resting comfortably, home library nook in front of bookshelves, dramatic low angle, product looks grand and inviting, Korean home aesthetic, photorealistic, high-end interior photography, soft natural shadows, 8k, advertising quality, leave clean negative space at the top for a text overlay","logo, brand text, watermark, deformed limbs, extra fingers, low quality, blurry text, distorted face, cluttered, oversaturated, plastic look, duplicate furniture, broken perspective",pending,
yg_0734,미니,Mini,curiosity_gap,호기심 갭,"이 소파, 3초만 앉으면 못 일어나는 이유",게이밍 셋업 방,게이머 청년,다크 무드 라이팅,코발트 블루,9:16,1080x1920,릴스/스토리,"A premium oversized bean bag sofa (1인용 소형 빈백, 가볍고 어디든 옮기는 컴팩트 사이즈), 코발트 블루 fabric color, a young gamer with a controller, gaming room with RGB lights and a desk setup, dark moody lighting with a single warm light source, Korean home aesthetic, photorealistic, high-end interior photography, soft natural shadows, 8k, advertising quality, leave clean negative space at the top for a text overlay","logo, brand text, watermark, deformed limbs, extra fingers, low quality, blurry text, distorted face, cluttered, oversaturated, plastic look, duplicate furniture, broken perspective",pending,
yg_0735,드롭,Drop,social_proof,사회적 증거,1인 가구가 가장 많이 산 가구 1위,발코니·테라스,시니어 부모님,오버헤드 부감,더스티 핑크,4:5,1080x1350,피드 세로,"A premium oversized bean bag sofa (물방울 형태의 빈백 스툴, 발받침·보조 좌석용), 더스티 핑크 fabric color, an elderly parent resting comfortably, apartment balcony with plants and city view, high overhead bird's-eye angle looking down, Korean home aesthetic, photorealistic, high-end interior photography, soft natural shadows, 8k, advertising quality, leave clean negative space at the top for a text overlay","logo, brand text, watermark, deformed limbs, extra fingers, low quality, blurry text, distorted face, cluttered, oversaturated, plastic look, duplicate furniture, broken perspective",pending,
yg_0736,미니 K,Mini K,asmr_sensory,감각·ASMR,"이 촉감, 화면으로도 느껴지나요?",발코니·테라스,친구들 홈파티,로우앵글 임팩트,오트밀 화이트,1:1,1080x1080,피드 정방,"A premium oversized bean bag sofa (원룸·15평 이하 전용 초소형 빈백), 오트밀 화이트 fabric color, a few friends hanging out, casual home party, apartment balcony with plants and city view, dramatic low angle, product looks grand and inviting, Korean home aesthetic, photorealistic, high-end interior photography, soft natural shadows, 8k, advertising quality, leave clean negative space at the top for a text overlay","logo, brand text, watermark, deformed limbs, extra fingers, low quality, blurry text, distorted face, cluttered, oversaturated, plastic look, duplicate furniture, broken perspective",pending,
yg_0737,펫,Pet,before_after,비포·애프터,소파 있을 때 vs 요기보 들인 후,미니멀 화이트 스튜디오,게이머 청년,골든아워 시네마틱,라벤더,9:16,1080x1920,릴스/스토리,"A premium oversized bean bag sofa (방수·항균·발톱 저항 커버의 반려동물용 빈백), 라벤더 fabric color, a young gamer with a controller, clean white photo studio, seamless backdrop, golden hour cinematic lighting, warm glow, film look, Korean home aesthetic, photorealistic, high-end interior photography, soft natural shadows, 8k, advertising quality, leave clean negative space at the top for a text overlay","logo, brand text, watermark, deformed limbs, extra fingers, low quality, blurry text, distorted face, cluttered, oversaturated, plastic look, duplicate furniture, broken perspective",pending,
yg_0738,플로어,Floor,asmr_sensory,감각·ASMR,손이 닿는 순간 멈추는 마법의 촉감,캠핑·차박 텐트 안,반려묘와 함께,스플릿 비교 컷,크림 베이지,4:5,1080x1350,피드 세로,"A premium oversized bean bag sofa (좌식 문화 맞춤 초저높이 빈백), 크림 베이지 fabric color, a person with a cat curled up nearby, inside a camping tent / car-camping setup, lantern light, split-screen before/after comparison layout, Korean home aesthetic, photorealistic, high-end interior photography, soft natural shadows, 8k, advertising quality, leave clean negative space at the top for a text overlay","logo, brand text, watermark, deformed limbs, extra fingers, low quality, blurry text, distorted face, cluttered, oversaturated, plastic look, duplicate furniture, broken perspective",pending,
yg_0739,피라미드,Pyramid,transformation,변신·다용도,"1개로 5가지 자세, 직접 보세요",펜션·풀빌라 거실,반려묘와 함께,로우앵글 임팩트,차콜 그레이,4:5,1080x1350,피드 세로,"A premium oversized bean bag sofa (삼각 쿠션형 빈백, 등·허리 받침용 보조 쿠션), 차콜 그레이 fabric color, a person with a cat curled up nearby, vacation pension living room, premium resort vibe, dramatic low angle, product looks grand and inviting, Korean home aesthetic, photorealistic, high-end interior photography, soft natural shadows, 8k, advertising quality, leave clean negative space at the top for a text overlay","logo, brand text, watermark, deformed limbs, extra fingers, low quality, blurry text, distorted face, cluttered, oversaturated, plastic look, duplicate furniture, broken perspective",pending,
yg_0740,미니,Mini,social_proof,사회적 증거,1인 가구가 가장 많이 산 가구 1위,게이밍 셋업 방,반려견과 집사,골든아워 시네마틱,올리브 그린,1:1,1080x1080,피드 정방,"A premium oversized bean bag sofa (1인용 소형 빈백, 가볍고 어디든 옮기는 컴팩트 사이즈), 올리브 그린 fabric color, a person with a small dog cuddling, gaming room with RGB lights and a desk setup, golden hour cinematic lighting, warm glow, film look, Korean home aesthetic, photorealistic, high-end interior photography, soft natural shadows, 8k, advertising quality, leave clean negative space at the top for a text overlay","logo, brand text, watermark, deformed limbs, extra fingers, low quality, blurry text, distorted face, cluttered, oversaturated, plastic look, duplicate furniture, broken perspective",pending,
yg_0741,서포트,Support,fomo_scarcity,FOMO·희소성,지금 안 보면 다음은 내년,키즈룸,반려견과 집사,한 손 스케일 비교,라벤더,9:16,1080x1920,릴스/스토리,"A premium oversized bean bag sofa (U자형 받침 쿠션, 빈백과 결합해 리클라이너로 변신), 라벤더 fabric color, a person with a small dog cuddling, bright kids room with toys, playful pastel palette, hand or person for scale, emphasizing size and softness, Korean home aesthetic, photorealistic, high-end interior photography, soft natural shadows, 8k, advertising quality, leave clean negative space at the top for a text overlay","logo, brand text, watermark, deformed limbs, extra fingers, low quality, blurry text, distorted face, cluttered, oversaturated, plastic look, duplicate furniture, broken perspective",pending,
yg_0742,미니 K,Mini K,before_after,비포·애프터,퇴근 전 vs 퇴근 후 내 모습,무드등 켜진 밤 침실,20대 1인 가구 여성,탑다운 플랫레이,올리브 그린,4:5,1080x1350,피드 세로,"A premium oversized bean bag sofa (원룸·15평 이하 전용 초소형 빈백), 올리브 그린 fabric color, a young woman in her 20s living alone, relaxed, dim bedroom at night with warm mood lighting, top-down flat lay composition, neatly arranged, Korean home aesthetic, photorealistic, high-end interior photography, soft natural shadows, 8k, advertising quality, leave clean negative space at the top for a text overlay","logo, brand text, watermark, deformed limbs, extra fingers, low quality, blurry text, distorted face, cluttered, oversaturated, plastic look, duplicate furniture, broken perspective",pending,
yg_0743,팟,Pod,before_after,비포·애프터,딱딱한 거실 → 3초 만에 라운지로,캠핑·차박 텐트 안,재택근무 직장인,라이프스타일 와이드,코발트 블루,9:16,1080x1920,릴스/스토리,"A premium oversized bean bag sofa (둥근 1인 의자형 빈백, 감싸는 듯한 곡선 실루엣), 코발트 블루 fabric color, a remote worker taking a break, inside a camping tent / car-camping setup, lantern light, wide lifestyle editorial shot, natural light, lived-in feel, Korean home aesthetic, photorealistic, high-end interior photography, soft natural shadows, 8k, advertising quality, leave clean negative space at the top for a text overlay","logo, brand text, watermark, deformed limbs, extra fingers, low quality, blurry text, distorted face, cluttered, oversaturated, plastic look, duplicate furniture, broken perspective",pending,
yg_0744,더블,Double,curiosity_gap,호기심 갭,"이 소파, 3초만 앉으면 못 일어나는 이유",미니멀 화이트 스튜디오,책 읽는 학생,오버헤드 부감,차콜 그레이,4:5,1080x1350,피드 세로,"A premium oversized bean bag sofa (맥스 2배 폭의 초대형 빈백, 커플·가족용 침대 겸용), 차콜 그레이 fabric color, a student reading a book, clean white photo studio, seamless backdrop, high overhead bird's-eye angle looking down, Korean home aesthetic, photorealistic, high-end interior photography, soft natural shadows, 8k, advertising quality, leave clean negative space at the top for a text overlay","logo, brand text, watermark, deformed limbs, extra fingers, low quality, blurry text, distorted face, cluttered, oversaturated, plastic look, duplicate furniture, broken perspective",pending,
yg_0745,미디,Midi,asmr_sensory,감각·ASMR,"이 촉감, 화면으로도 느껴지나요?",펜션·풀빌라 거실,책 읽는 학생,스플릿 비교 컷,테라코타,4:5,1080x1350,피드 세로,"A premium oversized bean bag sofa (맥스의 컴팩트 버전, 청소년·소형 공간용 중형 빈백), 테라코타 fabric color, a student reading a book, vacation pension living room, premium resort vibe, split-screen before/after comparison layout, Korean home aesthetic, photorealistic, high-end interior photography, soft natural shadows, 8k, advertising quality, leave clean negative space at the top for a text overlay","logo, brand text, watermark, deformed limbs, extra fingers, low quality, blurry text, distorted face, cluttered, oversaturated, plastic look, duplicate furniture, broken perspective",pending,
yg_0746,플로어,Floor,season_hook,시즌·타이밍,올여름 에어컨 앞 명당 자리,무드등 켜진 밤 침실,다정한 커플,오버헤드 부감,딥 네이비,4:5,1080x1350,피드 세로,"A premium oversized bean bag sofa (좌식 문화 맞춤 초저높이 빈백), 딥 네이비 fabric color, a cozy couple lounging together, dim bedroom at night with warm mood lighting, high overhead bird's-eye angle looking down, Korean home aesthetic, photorealistic, high-end interior photography, soft natural shadows, 8k, advertising quality, leave clean negative space at the top for a text overlay","logo, brand text, watermark, deformed limbs, extra fingers, low quality, blurry text, distorted face, cluttered, oversaturated, plastic look, duplicate furniture, broken perspective",pending,
yg_0747,허기보,Hugibo,social_proof,사회적 증거,한 번 산 사람은 색깔만 늘린다,겨울 러그 깔린 마루,낮잠 자는 사람,다크 무드 라이팅,올리브 그린,9:16,1080x1920,릴스/스토리,"A premium oversized bean bag sofa (끌어안는 바디필로우형 빈백, 수면·포옹감 강조), 올리브 그린 fabric color, a person napping, eyes closed, blissful, winter living room with rug, cozy ondol floor warmth, dark moody lighting with a single warm light source, Korean home aesthetic, photorealistic, high-end interior photography, soft natural shadows, 8k, advertising quality, leave clean negative space at the top for a text overlay","logo, brand text, watermark, deformed limbs, extra fingers, low quality, blurry text, distorted face, cluttered, oversaturated, plastic look, duplicate furniture, broken perspective",pending,
yg_0748,플로어,Floor,before_after,비포·애프터,혼자 살기 전 → 혼자 살고 난 후의 거실,한강 피크닉 잔디,시니어 부모님,탑다운 플랫레이,오트밀 화이트,9:16,1080x1920,릴스/스토리,"A premium oversized bean bag sofa (좌식 문화 맞춤 초저높이 빈백), 오트밀 화이트 fabric color, an elderly parent resting comfortably, Hangang river park lawn picnic, outdoor daytime, top-down flat lay composition, neatly arranged, Korean home aesthetic, photorealistic, high-end interior photography, soft natural shadows, 8k, advertising quality, leave clean negative space at the top for a text overlay","logo, brand text, watermark, deformed limbs, extra fingers, low quality, blurry text, distorted face, cluttered, oversaturated, plastic look, duplicate furniture, broken perspective",pending,
yg_0749,미니 K,Mini K,aspiration,동경·라이프스타일,햇살 + 요기보 = 완벽한 일요일,펜션·풀빌라 거실,친구들 홈파티,오버헤드 부감,더스티 핑크,9:16,1080x1920,릴스/스토리,"A premium oversized bean bag sofa (원룸·15평 이하 전용 초소형 빈백), 더스티 핑크 fabric color, a few friends hanging out, casual home party, vacation pension living room, premium resort vibe, high overhead bird's-eye angle looking down, Korean home aesthetic, photorealistic, high-end interior photography, soft natural shadows, 8k, advertising quality, leave clean negative space at the top for a text overlay","logo, brand text, watermark, deformed limbs, extra fingers, low quality, blurry text, distorted face, cluttered, oversaturated, plastic look, duplicate furniture, broken perspective",pending,
yg_0750,펫,Pet,problem_agitate,문제 자극,반려견이 소파를 다 뜯어놨다면,미니멀 화이트 스튜디오,재택근무 직장인,다크 무드 라이팅,더스티 핑크,9:16,1080x1920,릴스/스토리,"A premium oversized bean bag sofa (방수·항균·발톱 저항 커버의 반려동물용 빈백), 더스티 핑크 fabric color, a remote worker taking a break, clean white photo studio, seamless backdrop, dark moody lighting with a single warm light source, Korean home aesthetic, photorealistic, high-end interior photography, soft natural shadows, 8k, advertising quality, leave clean negative space at the top for a text overlay","logo, brand text, watermark, deformed limbs, extra fingers, low quality, blurry text, distorted face, cluttered, oversaturated, plastic look, duplicate furniture, broken perspective",pending,
yg_0751,드롭,Drop,before_after,비포·애프터,혼자 살기 전 → 혼자 살고 난 후의 거실,서재 책장 앞,20대 1인 가구 여성,초근접 텍스처 클로즈업,크림 베이지,9:16,1080x1920,릴스/스토리,"A premium oversized bean bag sofa (물방울 형태의 빈백 스툴, 발받침·보조 좌석용), 크림 베이지 fabric color, a young woman in her 20s living alone, relaxed, home library nook in front of bookshelves, extreme macro close-up of plush fabric texture, shallow depth of field, Korean home aesthetic, photorealistic, high-end interior photography, soft natural shadows, 8k, advertising quality, leave clean negative space at the top for a text overlay","logo, brand text, watermark, deformed limbs, extra fingers, low quality, blurry text, distorted face, cluttered, oversaturated, plastic look, duplicate furniture, broken perspective",pending,
yg_0752,라운저,Lounger,pattern_interrupt,패턴 인터럽트,이런 식으로 앉는 거 처음 봄,재택 홈오피스,20대 1인 가구 여성,한 손 스케일 비교,코발트 블루,4:5,1080x1350,피드 세로,"A premium oversized bean bag sofa (등받이가 높은 1인 라운지형 빈백, 독서·휴식용), 코발트 블루 fabric color, a young woman in her 20s living alone, relaxed, work-from-home office corner, laptop on a low table, hand or person for scale, emphasizing size and softness, Korean home aesthetic, photorealistic, high-end interior photography, soft natural shadows, 8k, advertising quality, leave clean negative space at the top for a text overlay","logo, brand text, watermark, deformed limbs, extra fingers, low quality, blurry text, distorted face, cluttered, oversaturated, plastic look, duplicate furniture, broken perspective",pending,
yg_0753,맥스,Max,transformation,변신·다용도,하나로 거실 전체를 바꾸는 법,미니멀 화이트 스튜디오,게이머 청년,로우앵글 임팩트,딥 네이비,9:16,1080x1920,릴스/스토리,"A premium oversized bean bag sofa (6피트 풀사이즈 빈백 소파, 1인이 완전히 누울 수 있는 길이), 딥 네이비 fabric color, a young gamer with a controller, clean white photo studio, seamless backdrop, dramatic low angle, product looks grand and inviting, Korean home aesthetic, photorealistic, high-end interior photography, soft natural shadows, 8k, advertising quality, leave clean negative space at the top for a text overlay","logo, brand text, watermark, deformed limbs, extra fingers, low quality, blurry text, distorted face, cluttered, oversaturated, plastic look, duplicate furniture, broken perspective",pending,
yg_0754,허기보,Hugibo,problem_agitate,문제 자극,원룸이라 소파는 포기했다고요?,캠핑·차박 텐트 안,시니어 부모님,미니멀 제품 히어로,테라코타,4:5,1080x1350,피드 세로,"A premium oversized bean bag sofa (끌어안는 바디필로우형 빈백, 수면·포옹감 강조), 테라코타 fabric color, an elderly parent resting comfortably, inside a camping tent / car-camping setup, lantern light, minimal product hero shot, soft gradient backdrop, studio light, Korean home aesthetic, photorealistic, high-end interior photography, soft natural shadows, 8k, advertising quality, leave clean negative space at the top for a text overlay","logo, brand text, watermark, deformed limbs, extra fingers, low quality, blurry text, distorted face, cluttered, oversaturated, plastic look, duplicate furniture, broken perspective",pending,
yg_0755,서포트,Support,transformation,변신·다용도,"1개로 5가지 자세, 직접 보세요",게이밍 셋업 방,게이머 청년,라이프스타일 와이드,테라코타,9:16,1080x1920,릴스/스토리,"A premium oversized bean bag sofa (U자형 받침 쿠션, 빈백과 결합해 리클라이너로 변신), 테라코타 fabric color, a young gamer with a controller, gaming room with RGB lights and a desk setup, wide lifestyle editorial shot, natural light, lived-in feel, Korean home aesthetic, photorealistic, high-end interior photography, soft natural shadows, 8k, advertising quality, leave clean negative space at the top for a text overlay","logo, brand text, watermark, deformed limbs, extra fingers, low quality, blurry text, distorted face, cluttered, oversaturated, plastic look, duplicate furniture, broken perspective",pending,
yg_0756,드롭,Drop,fomo_scarcity,FOMO·희소성,다들 이미 거실에 하나씩 들였대요,펜션·풀빌라 거실,제품 단독(인물 없음),오버헤드 부감,머스타드 옐로,4:5,1080x1350,피드 세로,"A premium oversized bean bag sofa (물방울 형태의 빈백 스툴, 발받침·보조 좌석용), 머스타드 옐로 fabric color, vacation pension living room, premium resort vibe, high overhead bird's-eye angle looking down, Korean home aesthetic, photorealistic, high-end interior photography, soft natural shadows, 8k, advertising quality, leave clean negative space at the top for a text overlay","logo, brand text, watermark, deformed limbs, extra fingers, low quality, blurry text, distorted face, cluttered, oversaturated, plastic look, duplicate furniture, broken perspective",pending,
yg_0757,프라임,Prime,before_after,비포·애프터,어제의 허리 vs 오늘의 허리,무드등 켜진 밤 침실,게이머 청년,라이프스타일 와이드,오트밀 화이트,9:16,1080x1920,릴스/스토리,"A premium oversized bean bag sofa (슬림한 등받이형 빈백, 의자처럼 세워 앉기 좋은 형태), 오트밀 화이트 fabric color, a young gamer with a controller, dim bedroom at night with warm mood lighting, wide lifestyle editorial shot, natural light, lived-in feel, Korean home aesthetic, photorealistic, high-end interior photography, soft natural shadows, 8k, advertising quality, leave clean negative space at the top for a text overlay","logo, brand text, watermark, deformed limbs, extra fingers, low quality, blurry text, distorted face, cluttered, oversaturated, plastic look, duplicate furniture, broken perspective",pending,
yg_0758,드롭,Drop,price_value,가치·합리화,버리는 소파 vs 평생 가는 소파,감성 카페 라운지,낮잠 자는 사람,푹 꺼지는 모션 블러,딥 네이비,4:5,1080x1350,피드 세로,"A premium oversized bean bag sofa (물방울 형태의 빈백 스툴, 발받침·보조 좌석용), 딥 네이비 fabric color, a person napping, eyes closed, blissful, trendy cafe lounge interior, warm wood tones, motion-blur of a body sinking into the bean bag, dynamic, Korean home aesthetic, photorealistic, high-end interior photography, soft natural shadows, 8k, advertising quality, leave clean negative space at the top for a text overlay","logo, brand text, watermark, deformed limbs, extra fingers, low quality, blurry text, distorted face, cluttered, oversaturated, plastic look, duplicate furniture, broken perspective",pending,
yg_0759,더블,Double,aspiration,동경·라이프스타일,햇살 + 요기보 = 완벽한 일요일,햇살 드는 거실 창가,다정한 커플,라이프스타일 와이드,올리브 그린,4:5,1080x1350,피드 세로,"A premium oversized bean bag sofa (맥스 2배 폭의 초대형 빈백, 커플·가족용 침대 겸용), 올리브 그린 fabric color, a cozy couple lounging together, sunlit living room by a large window, soft daylight, wide lifestyle editorial shot, natural light, lived-in feel, Korean home aesthetic, photorealistic, high-end interior photography, soft natural shadows, 8k, advertising quality, leave clean negative space at the top for a text overlay","logo, brand text, watermark, deformed limbs, extra fingers, low quality, blurry text, distorted face, cluttered, oversaturated, plastic look, duplicate furniture, broken perspective",pending,
yg_0760,플로어,Floor,price_value,가치·합리화,"10년 쓰는 소파, 커버만 갈면 새것",햇살 드는 거실 창가,아이와 부모 가족,라이프스타일 와이드,딥 네이비,9:16,1080x1920,릴스/스토리,"A premium oversized bean bag sofa (좌식 문화 맞춤 초저높이 빈백), 딥 네이비 fabric color, a parent and a child playing, sunlit living room by a large window, soft daylight, wide lifestyle editorial shot, natural light, lived-in feel, Korean home aesthetic, photorealistic, high-end interior photography, soft natural shadows, 8k, advertising quality, leave clean negative space at the top for a text overlay","logo, brand text, watermark, deformed limbs, extra fingers, low quality, blurry text, distorted face, cluttered, oversaturated, plastic look, duplicate furniture, broken perspective",pending,
yg_0761,팟,Pod,social_proof,사회적 증거,1인 가구가 가장 많이 산 가구 1위,캠핑·차박 텐트 안,게이머 청년,다크 무드 라이팅,코발트 블루,4:5,1080x1350,피드 세로,"A premium oversized bean bag sofa (둥근 1인 의자형 빈백, 감싸는 듯한 곡선 실루엣), 코발트 블루 fabric color, a young gamer with a controller, inside a camping tent / car-camping setup, lantern light, dark moody lighting with a single warm light source, Korean home aesthetic, photorealistic, high-end interior photography, soft natural shadows, 8k, advertising quality, leave clean negative space at the top for a text overlay","logo, brand text, watermark, deformed limbs, extra fingers, low quality, blurry text, distorted face, cluttered, oversaturated, plastic look, duplicate furniture, broken perspective",pending,
yg_0762,피라미드,Pyramid,asmr_sensory,감각·ASMR,무중력으로 가라앉는 30초,겨울 러그 깔린 마루,다정한 커플,초근접 텍스처 클로즈업,머스타드 옐로,4:5,1080x1350,피드 세로,"A premium oversized bean bag sofa (삼각 쿠션형 빈백, 등·허리 받침용 보조 쿠션), 머스타드 옐로 fabric color, a cozy couple lounging together, winter living room with rug, cozy ondol floor warmth, extreme macro close-up of plush fabric texture, shallow depth of field, Korean home aesthetic, photorealistic, high-end interior photography, soft natural shadows, 8k, advertising quality, leave clean negative space at the top for a text overlay","logo, brand text, watermark, deformed limbs, extra fingers, low quality, blurry text, distorted face, cluttered, oversaturated, plastic look, duplicate furniture, broken perspective",pending,
yg_0763,펫,Pet,pattern_interrupt,패턴 인터럽트,이런 식으로 앉는 거 처음 봄,무드등 켜진 밤 침실,아이와 부모 가족,스플릿 비교 컷,딥 네이비,4:5,1080x1350,피드 세로,"A premium oversized bean bag sofa (방수·항균·발톱 저항 커버의 반려동물용 빈백), 딥 네이비 fabric color, a parent and a child playing, dim bedroom at night with warm mood lighting, split-screen before/after comparison layout, Korean home aesthetic, photorealistic, high-end interior photography, soft natural shadows, 8k, advertising quality, leave clean negative space at the top for a text overlay","logo, brand text, watermark, deformed limbs, extra fingers, low quality, blurry text, distorted face, cluttered, oversaturated, plastic look, duplicate furniture, broken perspective",pending,
yg_0764,팟엑스,Pod X,transformation,변신·다용도,"소파였다가, 침대였다가, 의자였다가",미니멀 화이트 스튜디오,낮잠 자는 사람,푹 꺼지는 모션 블러,테라코타,9:16,1080x1920,릴스/스토리,"A premium oversized bean bag sofa (확장형 듀얼 라이너 빈백, 몸 굴곡에 반응하는 분절 패널), 테라코타 fabric color, a person napping, eyes closed, blissful, clean white photo studio, seamless backdrop, motion-blur of a body sinking into the bean bag, dynamic, Korean home aesthetic, photorealistic, high-end interior photography, soft natural shadows, 8k, advertising quality, leave clean negative space at the top for a text overlay","logo, brand text, watermark, deformed limbs, extra fingers, low quality, blurry text, distorted face, cluttered, oversaturated, plastic look, duplicate furniture, broken perspective",pending,
yg_0765,슬림,Slim,aspiration,동경·라이프스타일,퇴근하고 싶어지는 집의 비밀,펜션·풀빌라 거실,아이와 부모 가족,다크 무드 라이팅,올리브 그린,9:16,1080x1920,릴스/스토리,"A premium oversized bean bag sofa (좁은 폭의 빈백, 1인 라운지 체어 형태), 올리브 그린 fabric color, a parent and a child playing, vacation pension living room, premium resort vibe, dark moody lighting with a single warm light source, Korean home aesthetic, photorealistic, high-end interior photography, soft natural shadows, 8k, advertising quality, leave clean negative space at the top for a text overlay","logo, brand text, watermark, deformed limbs, extra fingers, low quality, blurry text, distorted face, cluttered, oversaturated, plastic look, duplicate furniture, broken perspective",pending,
yg_0766,미니,Mini,season_hook,시즌·타이밍,"이사 시즌, 소파 대신 이것",한강 피크닉 잔디,20대 1인 가구 여성,한 손 스케일 비교,라벤더,4:5,1080x1350,피드 세로,"A premium oversized bean bag sofa (1인용 소형 빈백, 가볍고 어디든 옮기는 컴팩트 사이즈), 라벤더 fabric color, a young woman in her 20s living alone, relaxed, Hangang river park lawn picnic, outdoor daytime, hand or person for scale, emphasizing size and softness, Korean home aesthetic, photorealistic, high-end interior photography, soft natural shadows, 8k, advertising quality, leave clean negative space at the top for a text overlay","logo, brand text, watermark, deformed limbs, extra fingers, low quality, blurry text, distorted face, cluttered, oversaturated, plastic look, duplicate furniture, broken perspective",pending,
yg_0767,드롭,Drop,pattern_interrupt,패턴 인터럽트,끝까지 안 보면 손해,펜션·풀빌라 거실,게이머 청년,푹 꺼지는 모션 블러,딥 네이비,1:1,1080x1080,피드 정방,"A premium oversized bean bag sofa (물방울 형태의 빈백 스툴, 발받침·보조 좌석용), 딥 네이비 fabric color, a young gamer with a controller, vacation pension living room, premium resort vibe, motion-blur of a body sinking into the bean bag, dynamic, Korean home aesthetic, photorealistic, high-end interior photography, soft natural shadows, 8k, advertising quality, leave clean negative space at the top for a text overlay","logo, brand text, watermark, deformed limbs, extra fingers, low quality, blurry text, distorted face, cluttered, oversaturated, plastic look, duplicate furniture, broken perspective",pending,
yg_0768,팟,Pod,asmr_sensory,감각·ASMR,무중력으로 가라앉는 30초,게이밍 셋업 방,친구들 홈파티,미니멀 제품 히어로,딥 네이비,4:5,1080x1350,피드 세로,"A premium oversized bean bag sofa (둥근 1인 의자형 빈백, 감싸는 듯한 곡선 실루엣), 딥 네이비 fabric color, a few friends hanging out, casual home party, gaming room with RGB lights and a desk setup, minimal product hero shot, soft gradient backdrop, studio light, Korean home aesthetic, photorealistic, high-end interior photography, soft natural shadows, 8k, advertising quality, leave clean negative space at the top for a text overlay","logo, brand text, watermark, deformed limbs, extra fingers, low quality, blurry text, distorted face, cluttered, oversaturated, plastic look, duplicate furniture, broken perspective",pending,
yg_0769,드롭,Drop,humor_relatable,유머·공감,주말의 나: 요기보와 한 몸,아늑한 원룸,책 읽는 학생,푹 꺼지는 모션 블러,딥 네이비,1:1,1080x1080,피드 정방,"A premium oversized bean bag sofa (물방울 형태의 빈백 스툴, 발받침·보조 좌석용), 딥 네이비 fabric color, a student reading a book, cozy compact studio apartment, minimal Korean interior, motion-blur of a body sinking into the bean bag, dynamic, Korean home aesthetic, photorealistic, high-end interior photography, soft natural shadows, 8k, advertising quality, leave clean negative space at the top for a text overlay","logo, brand text, watermark, deformed limbs, extra fingers, low quality, blurry text, distorted face, cluttered, oversaturated, plastic look, duplicate furniture, broken perspective",pending,
yg_0770,온돌,Ondol,price_value,가치·합리화,"소파 + 침대 + 의자, 가격은 하나",감성 카페 라운지,다정한 커플,골든아워 시네마틱,테라코타,4:5,1080x1350,피드 세로,"A premium oversized bean bag sofa (겨울 발열 커버형 빈백, 전기요 호환), 테라코타 fabric color, a cozy couple lounging together, trendy cafe lounge interior, warm wood tones, golden hour cinematic lighting, warm glow, film look, Korean home aesthetic, photorealistic, high-end interior photography, soft natural shadows, 8k, advertising quality, leave clean negative space at the top for a text overlay","logo, brand text, watermark, deformed limbs, extra fingers, low quality, blurry text, distorted face, cluttered, oversaturated, plastic look, duplicate furniture, broken perspective",pending,
yg_0771,온돌,Ondol,asmr_sensory,감각·ASMR,푹— 몸이 그대로 녹아드는 소리,펜션·풀빌라 거실,반려묘와 함께,골든아워 시네마틱,딥 네이비,9:16,1080x1920,릴스/스토리,"A premium oversized bean bag sofa (겨울 발열 커버형 빈백, 전기요 호환), 딥 네이비 fabric color, a person with a cat curled up nearby, vacation pension living room, premium resort vibe, golden hour cinematic lighting, warm glow, film look, Korean home aesthetic, photorealistic, high-end interior photography, soft natural shadows, 8k, advertising quality, leave clean negative space at the top for a text overlay","logo, brand text, watermark, deformed limbs, extra fingers, low quality, blurry text, distorted face, cluttered, oversaturated, plastic look, duplicate furniture, broken perspective",pending,
yg_0772,미디,Midi,price_value,가치·합리화,비싸 보이지만 1평도 안 차지,재택 홈오피스,재택근무 직장인,탑다운 플랫레이,테라코타,9:16,1080x1920,릴스/스토리,"A premium oversized bean bag sofa (맥스의 컴팩트 버전, 청소년·소형 공간용 중형 빈백), 테라코타 fabric color, a remote worker taking a break, work-from-home office corner, laptop on a low table, top-down flat lay composition, neatly arranged, Korean home aesthetic, photorealistic, high-end interior photography, soft natural shadows, 8k, advertising quality, leave clean negative space at the top for a text overlay","logo, brand text, watermark, deformed limbs, extra fingers, low quality, blurry text, distorted face, cluttered, oversaturated, plastic look, duplicate furniture, broken perspective",pending,
yg_0773,펫,Pet,season_hook,시즌·타이밍,올여름 에어컨 앞 명당 자리,미니멀 화이트 스튜디오,반려견과 집사,다크 무드 라이팅,딥 네이비,9:16,1080x1920,릴스/스토리,"A premium oversized bean bag sofa (방수·항균·발톱 저항 커버의 반려동물용 빈백), 딥 네이비 fabric color, a person with a small dog cuddling, clean white photo studio, seamless backdrop, dark moody lighting with a single warm light source, Korean home aesthetic, photorealistic, high-end interior photography, soft natural shadows, 8k, advertising quality, leave clean negative space at the top for a text overlay","logo, brand text, watermark, deformed limbs, extra fingers, low quality, blurry text, distorted face, cluttered, oversaturated, plastic look, duplicate furniture, broken perspective",pending,
yg_0774,허기보,Hugibo,price_value,가치·합리화,비싸 보이지만 1평도 안 차지,무드등 켜진 밤 침실,게이머 청년,초근접 텍스처 클로즈업,코발트 블루,9:16,1080x1920,릴스/스토리,"A premium oversized bean bag sofa (끌어안는 바디필로우형 빈백, 수면·포옹감 강조), 코발트 블루 fabric color, a young gamer with a controller, dim bedroom at night with warm mood lighting, extreme macro close-up of plush fabric texture, shallow depth of field, Korean home aesthetic, photorealistic, high-end interior photography, soft natural shadows, 8k, advertising quality, leave clean negative space at the top for a text overlay","logo, brand text, watermark, deformed limbs, extra fingers, low quality, blurry text, distorted face, cluttered, oversaturated, plastic look, duplicate furniture, broken perspective",pending,
yg_0775,라운저,Lounger,aspiration,동경·라이프스타일,"남의 집 같던 그 무드, 우리집에",한강 피크닉 잔디,낮잠 자는 사람,푹 꺼지는 모션 블러,크림 베이지,9:16,1080x1920,릴스/스토리,"A premium oversized bean bag sofa (등받이가 높은 1인 라운지형 빈백, 독서·휴식용), 크림 베이지 fabric color, a person napping, eyes closed, blissful, Hangang river park lawn picnic, outdoor daytime, motion-blur of a body sinking into the bean bag, dynamic, Korean home aesthetic, photorealistic, high-end interior photography, soft natural shadows, 8k, advertising quality, leave clean negative space at the top for a text overlay","logo, brand text, watermark, deformed limbs, extra fingers, low quality, blurry text, distorted face, cluttered, oversaturated, plastic look, duplicate furniture, broken perspective",pending,
yg_0776,허기보,Hugibo,social_proof,사회적 증거,한 번 산 사람은 색깔만 늘린다,한강 피크닉 잔디,낮잠 자는 사람,스플릿 비교 컷,라벤더,4:5,1080x1350,피드 세로,"A premium oversized bean bag sofa (끌어안는 바디필로우형 빈백, 수면·포옹감 강조), 라벤더 fabric color, a person napping, eyes closed, blissful, Hangang river park lawn picnic, outdoor daytime, split-screen before/after comparison layout, Korean home aesthetic, photorealistic, high-end interior photography, soft natural shadows, 8k, advertising quality, leave clean negative space at the top for a text overlay","logo, brand text, watermark, deformed limbs, extra fingers, low quality, blurry text, distorted face, cluttered, oversaturated, plastic look, duplicate furniture, broken perspective",pending,
yg_0777,프라임,Prime,aspiration,동경·라이프스타일,햇살 + 요기보 = 완벽한 일요일,무드등 켜진 밤 침실,낮잠 자는 사람,스플릿 비교 컷,라벤더,9:16,1080x1920,릴스/스토리,"A premium oversized bean bag sofa (슬림한 등받이형 빈백, 의자처럼 세워 앉기 좋은 형태), 라벤더 fabric color, a person napping, eyes closed, blissful, dim bedroom at night with warm mood lighting, split-screen before/after comparison layout, Korean home aesthetic, photorealistic, high-end interior photography, soft natural shadows, 8k, advertising quality, leave clean negative space at the top for a text overlay","logo, brand text, watermark, deformed limbs, extra fingers, low quality, blurry text, distorted face, cluttered, oversaturated, plastic look, duplicate furniture, broken perspective",pending,
yg_0778,플로어,Floor,curiosity_gap,호기심 갭,사람을 망치는 소파가 있다는데…,미니멀 화이트 스튜디오,친구들 홈파티,오버헤드 부감,크림 베이지,4:5,1080x1350,피드 세로,"A premium oversized bean bag sofa (좌식 문화 맞춤 초저높이 빈백), 크림 베이지 fabric color, a few friends hanging out, casual home party, clean white photo studio, seamless backdrop, high overhead bird's-eye angle looking down, Korean home aesthetic, photorealistic, high-end interior photography, soft natural shadows, 8k, advertising quality, leave clean negative space at the top for a text overlay","logo, brand text, watermark, deformed limbs, extra fingers, low quality, blurry text, distorted face, cluttered, oversaturated, plastic look, duplicate furniture, broken perspective",pending,
yg_0779,허기보,Hugibo,humor_relatable,유머·공감,주말의 나: 요기보와 한 몸,게이밍 셋업 방,반려견과 집사,한 손 스케일 비교,라벤더,9:16,1080x1920,릴스/스토리,"A premium oversized bean bag sofa (끌어안는 바디필로우형 빈백, 수면·포옹감 강조), 라벤더 fabric color, a person with a small dog cuddling, gaming room with RGB lights and a desk setup, hand or person for scale, emphasizing size and softness, Korean home aesthetic, photorealistic, high-end interior photography, soft natural shadows, 8k, advertising quality, leave clean negative space at the top for a text overlay","logo, brand text, watermark, deformed limbs, extra fingers, low quality, blurry text, distorted face, cluttered, oversaturated, plastic look, duplicate furniture, broken perspective",pending,
yg_0780,팟,Pod,aspiration,동경·라이프스타일,"이런 주말, 가져본 적 있나요",펜션·풀빌라 거실,낮잠 자는 사람,오버헤드 부감,오트밀 화이트,4:5,1080x1350,피드 세로,"A premium oversized bean bag sofa (둥근 1인 의자형 빈백, 감싸는 듯한 곡선 실루엣), 오트밀 화이트 fabric color, a person napping, eyes closed, blissful, vacation pension living room, premium resort vibe, high overhead bird's-eye angle looking down, Korean home aesthetic, photorealistic, high-end interior photography, soft natural shadows, 8k, advertising quality, leave clean negative space at the top for a text overlay","logo, brand text, watermark, deformed limbs, extra fingers, low quality, blurry text, distorted face, cluttered, oversaturated, plastic look, duplicate furniture, broken perspective",pending,
yg_0781,피라미드,Pyramid,transformation,변신·다용도,"소파였다가, 침대였다가, 의자였다가",펜션·풀빌라 거실,반려견과 집사,라이프스타일 와이드,라벤더,1:1,1080x1080,피드 정방,"A premium oversized bean bag sofa (삼각 쿠션형 빈백, 등·허리 받침용 보조 쿠션), 라벤더 fabric color, a person with a small dog cuddling, vacation pension living room, premium resort vibe, wide lifestyle editorial shot, natural light, lived-in feel, Korean home aesthetic, photorealistic, high-end interior photography, soft natural shadows, 8k, advertising quality, leave clean negative space at the top for a text overlay","logo, brand text, watermark, deformed limbs, extra fingers, low quality, blurry text, distorted face, cluttered, oversaturated, plastic look, duplicate furniture, broken perspective",pending,
yg_0782,프라임,Prime,curiosity_gap,호기심 갭,"이 소파, 3초만 앉으면 못 일어나는 이유",겨울 러그 깔린 마루,다정한 커플,탑다운 플랫레이,테라코타,4:5,1080x1350,피드 세로,"A premium oversized bean bag sofa (슬림한 등받이형 빈백, 의자처럼 세워 앉기 좋은 형태), 테라코타 fabric color, a cozy couple lounging together, winter living room with rug, cozy ondol floor warmth, top-down flat lay composition, neatly arranged, Korean home aesthetic, photorealistic, high-end interior photography, soft natural shadows, 8k, advertising quality, leave clean negative space at the top for a text overlay","logo, brand text, watermark, deformed limbs, extra fingers, low quality, blurry text, distorted face, cluttered, oversaturated, plastic look, duplicate furniture, broken perspective",pending,
yg_0783,온돌,Ondol,problem_agitate,문제 자극,원룸이라 소파는 포기했다고요?,아늑한 원룸,20대 1인 가구 여성,로우앵글 임팩트,코발트 블루,9:16,1080x1920,릴스/스토리,"A premium oversized bean bag sofa (겨울 발열 커버형 빈백, 전기요 호환), 코발트 블루 fabric color, a young woman in her 20s living alone, relaxed, cozy compact studio apartment, minimal Korean interior, dramatic low angle, product looks grand and inviting, Korean home aesthetic, photorealistic, high-end interior photography, soft natural shadows, 8k, advertising quality, leave clean negative space at the top for a text overlay","logo, brand text, watermark, deformed limbs, extra fingers, low quality, blurry text, distorted face, cluttered, oversaturated, plastic look, duplicate furniture, broken perspective",pending,
yg_0784,드롭,Drop,curiosity_gap,호기심 갭,"이 소파, 3초만 앉으면 못 일어나는 이유",발코니·테라스,아이와 부모 가족,로우앵글 임팩트,딥 네이비,4:5,1080x1350,피드 세로,"A premium oversized bean bag sofa (물방울 형태의 빈백 스툴, 발받침·보조 좌석용), 딥 네이비 fabric color, a parent and a child playing, apartment balcony with plants and city view, dramatic low angle, product looks grand and inviting, Korean home aesthetic, photorealistic, high-end interior photography, soft natural shadows, 8k, advertising quality, leave clean negative space at the top for a text overlay","logo, brand text, watermark, deformed limbs, extra fingers, low quality, blurry text, distorted face, cluttered, oversaturated, plastic look, duplicate furniture, broken perspective",pending,
yg_0785,온돌,Ondol,asmr_sensory,감각·ASMR,무중력으로 가라앉는 30초,키즈룸,친구들 홈파티,초근접 텍스처 클로즈업,라벤더,9:16,1080x1920,릴스/스토리,"A premium oversized bean bag sofa (겨울 발열 커버형 빈백, 전기요 호환), 라벤더 fabric color, a few friends hanging out, casual home party, bright kids room with toys, playful pastel palette, extreme macro close-up of plush fabric texture, shallow depth of field, Korean home aesthetic, photorealistic, high-end interior photography, soft natural shadows, 8k, advertising quality, leave clean negative space at the top for a text overlay","logo, brand text, watermark, deformed limbs, extra fingers, low quality, blurry text, distorted face, cluttered, oversaturated, plastic look, duplicate furniture, broken perspective",pending,
yg_0786,허기보,Hugibo,price_value,가치·합리화,한 번 사면 왜 안 바꾸는지 알게 됨,햇살 드는 거실 창가,반려묘와 함께,스플릿 비교 컷,딥 네이비,4:5,1080x1350,피드 세로,"A premium oversized bean bag sofa (끌어안는 바디필로우형 빈백, 수면·포옹감 강조), 딥 네이비 fabric color, a person with a cat curled up nearby, sunlit living room by a large window, soft daylight, split-screen before/after comparison layout, Korean home aesthetic, photorealistic, high-end interior photography, soft natural shadows, 8k, advertising quality, leave clean negative space at the top for a text overlay","logo, brand text, watermark, deformed limbs, extra fingers, low quality, blurry text, distorted face, cluttered, oversaturated, plastic look, duplicate furniture, broken perspective",pending,
yg_0787,라운저,Lounger,asmr_sensory,감각·ASMR,푹— 몸이 그대로 녹아드는 소리,게이밍 셋업 방,시니어 부모님,라이프스타일 와이드,테라코타,9:16,1080x1920,릴스/스토리,"A premium oversized bean bag sofa (등받이가 높은 1인 라운지형 빈백, 독서·휴식용), 테라코타 fabric color, an elderly parent resting comfortably, gaming room with RGB lights and a desk setup, wide lifestyle editorial shot, natural light, lived-in feel, Korean home aesthetic, photorealistic, high-end interior photography, soft natural shadows, 8k, advertising quality, leave clean negative space at the top for a text overlay","logo, brand text, watermark, deformed limbs, extra fingers, low quality, blurry text, distorted face, cluttered, oversaturated, plastic look, duplicate furniture, broken perspective",pending,
yg_0788,서포트,Support,problem_agitate,문제 자극,"비싼 소파, 커버는 왜 못 빨까?",게이밍 셋업 방,시니어 부모님,파스텔 팝 컬러블록,오트밀 화이트,1:1,1080x1080,피드 정방,"A premium oversized bean bag sofa (U자형 받침 쿠션, 빈백과 결합해 리클라이너로 변신), 오트밀 화이트 fabric color, an elderly parent resting comfortably, gaming room with RGB lights and a desk setup, pastel pop color-block background, playful graphic style, Korean home aesthetic, photorealistic, high-end interior photography, soft natural shadows, 8k, advertising quality, leave clean negative space at the top for a text overlay","logo, brand text, watermark, deformed limbs, extra fingers, low quality, blurry text, distorted face, cluttered, oversaturated, plastic look, duplicate furniture, broken perspective",pending,
yg_0789,미니,Mini,aspiration,동경·라이프스타일,내가 꿈꾸던 거실은 이런 거였어,한강 피크닉 잔디,시니어 부모님,미니멀 제품 히어로,오트밀 화이트,9:16,1080x1920,릴스/스토리,"A premium oversized bean bag sofa (1인용 소형 빈백, 가볍고 어디든 옮기는 컴팩트 사이즈), 오트밀 화이트 fabric color, an elderly parent resting comfortably, Hangang river park lawn picnic, outdoor daytime, minimal product hero shot, soft gradient backdrop, studio light, Korean home aesthetic, photorealistic, high-end interior photography, soft natural shadows, 8k, advertising quality, leave clean negative space at the top for a text overlay","logo, brand text, watermark, deformed limbs, extra fingers, low quality, blurry text, distorted face, cluttered, oversaturated, plastic look, duplicate furniture, broken perspective",pending,
yg_0790,플로어,Floor,price_value,가치·합리화,"10년 쓰는 소파, 커버만 갈면 새것",펜션·풀빌라 거실,책 읽는 학생,라이프스타일 와이드,크림 베이지,9:16,1080x1920,릴스/스토리,"A premium oversized bean bag sofa (좌식 문화 맞춤 초저높이 빈백), 크림 베이지 fabric color, a student reading a book, vacation pension living room, premium resort vibe, wide lifestyle editorial shot, natural light, lived-in feel, Korean home aesthetic, photorealistic, high-end interior photography, soft natural shadows, 8k, advertising quality, leave clean negative space at the top for a text overlay","logo, brand text, watermark, deformed limbs, extra fingers, low quality, blurry text, distorted face, cluttered, oversaturated, plastic look, duplicate furniture, broken perspective",pending,
yg_0791,서포트,Support,aspiration,동경·라이프스타일,"남의 집 같던 그 무드, 우리집에",발코니·테라스,친구들 홈파티,탑다운 플랫레이,오트밀 화이트,9:16,1080x1920,릴스/스토리,"A premium oversized bean bag sofa (U자형 받침 쿠션, 빈백과 결합해 리클라이너로 변신), 오트밀 화이트 fabric color, a few friends hanging out, casual home party, apartment balcony with plants and city view, top-down flat lay composition, neatly arranged, Korean home aesthetic, photorealistic, high-end interior photography, soft natural shadows, 8k, advertising quality, leave clean negative space at the top for a text overlay","logo, brand text, watermark, deformed limbs, extra fingers, low quality, blurry text, distorted face, cluttered, oversaturated, plastic look, duplicate furniture, broken perspective",pending,
yg_0792,허기보,Hugibo,social_proof,사회적 증거,재구매율이 말해주는 편안함,재택 홈오피스,반려견과 집사,골든아워 시네마틱,머스타드 옐로,9:16,1080x1920,릴스/스토리,"A premium oversized bean bag sofa (끌어안는 바디필로우형 빈백, 수면·포옹감 강조), 머스타드 옐로 fabric color, a person with a small dog cuddling, work-from-home office corner, laptop on a low table, golden hour cinematic lighting, warm glow, film look, Korean home aesthetic, photorealistic, high-end interior photography, soft natural shadows, 8k, advertising quality, leave clean negative space at the top for a text overlay","logo, brand text, watermark, deformed limbs, extra fingers, low quality, blurry text, distorted face, cluttered, oversaturated, plastic look, duplicate furniture, broken perspective",pending,
yg_0793,팟엑스,Pod X,humor_relatable,유머·공감,‘잠깐만 누울게’ → 3시간 경과,재택 홈오피스,아이와 부모 가족,미니멀 제품 히어로,올리브 그린,9:16,1080x1920,릴스/스토리,"A premium oversized bean bag sofa (확장형 듀얼 라이너 빈백, 몸 굴곡에 반응하는 분절 패널), 올리브 그린 fabric color, a parent and a child playing, work-from-home office corner, laptop on a low table, minimal product hero shot, soft gradient backdrop, studio light, Korean home aesthetic, photorealistic, high-end interior photography, soft natural shadows, 8k, advertising quality, leave clean negative space at the top for a text overlay","logo, brand text, watermark, deformed limbs, extra fingers, low quality, blurry text, distorted face, cluttered, oversaturated, plastic look, duplicate furniture, broken perspective",pending,
yg_0794,플로어,Floor,pattern_interrupt,패턴 인터럽트,"잠깐, 저 사람 지금 소파 안으로 빨려 들어감",캠핑·차박 텐트 안,20대 1인 가구 여성,한 손 스케일 비교,올리브 그린,1:1,1080x1080,피드 정방,"A premium oversized bean bag sofa (좌식 문화 맞춤 초저높이 빈백), 올리브 그린 fabric color, a young woman in her 20s living alone, relaxed, inside a camping tent / car-camping setup, lantern light, hand or person for scale, emphasizing size and softness, Korean home aesthetic, photorealistic, high-end interior photography, soft natural shadows, 8k, advertising quality, leave clean negative space at the top for a text overlay","logo, brand text, watermark, deformed limbs, extra fingers, low quality, blurry text, distorted face, cluttered, oversaturated, plastic look, duplicate furniture, broken perspective",pending,
yg_0795,맥스,Max,aspiration,동경·라이프스타일,햇살 + 요기보 = 완벽한 일요일,무드등 켜진 밤 침실,게이머 청년,초근접 텍스처 클로즈업,테라코타,4:5,1080x1350,피드 세로,"A premium oversized bean bag sofa (6피트 풀사이즈 빈백 소파, 1인이 완전히 누울 수 있는 길이), 테라코타 fabric color, a young gamer with a controller, dim bedroom at night with warm mood lighting, extreme macro close-up of plush fabric texture, shallow depth of field, Korean home aesthetic, photorealistic, high-end interior photography, soft natural shadows, 8k, advertising quality, leave clean negative space at the top for a text overlay","logo, brand text, watermark, deformed limbs, extra fingers, low quality, blurry text, distorted face, cluttered, oversaturated, plastic look, duplicate furniture, broken perspective",pending,
yg_0796,피라미드,Pyramid,curiosity_gap,호기심 갭,이게 소파라고? 끝까지 보면 놀람,미니멀 화이트 스튜디오,제품 단독(인물 없음),스플릿 비교 컷,라벤더,9:16,1080x1920,릴스/스토리,"A premium oversized bean bag sofa (삼각 쿠션형 빈백, 등·허리 받침용 보조 쿠션), 라벤더 fabric color, clean white photo studio, seamless backdrop, split-screen before/after comparison layout, Korean home aesthetic, photorealistic, high-end interior photography, soft natural shadows, 8k, advertising quality, leave clean negative space at the top for a text overlay","logo, brand text, watermark, deformed limbs, extra fingers, low quality, blurry text, distorted face, cluttered, oversaturated, plastic look, duplicate furniture, broken perspective",pending,
yg_0797,미디,Midi,asmr_sensory,감각·ASMR,"이 촉감, 화면으로도 느껴지나요?",햇살 드는 거실 창가,낮잠 자는 사람,골든아워 시네마틱,크림 베이지,4:5,1080x1350,피드 세로,"A premium oversized bean bag sofa (맥스의 컴팩트 버전, 청소년·소형 공간용 중형 빈백), 크림 베이지 fabric color, a person napping, eyes closed, blissful, sunlit living room by a large window, soft daylight, golden hour cinematic lighting, warm glow, film look, Korean home aesthetic, photorealistic, high-end interior photography, soft natural shadows, 8k, advertising quality, leave clean negative space at the top for a text overlay","logo, brand text, watermark, deformed limbs, extra fingers, low quality, blurry text, distorted face, cluttered, oversaturated, plastic look, duplicate furniture, broken perspective",pending,
yg_0798,허기보,Hugibo,humor_relatable,유머·공감,결국 가족 모두가 노리는 자리,게이밍 셋업 방,아이와 부모 가족,스플릿 비교 컷,차콜 그레이,1:1,1080x1080,피드 정방,"A premium oversized bean bag sofa (끌어안는 바디필로우형 빈백, 수면·포옹감 강조), 차콜 그레이 fabric color, a parent and a child playing, gaming room with RGB lights and a desk setup, split-screen before/after comparison layout, Korean home aesthetic, photorealistic, high-end interior photography, soft natural shadows, 8k, advertising quality, leave clean negative space at the top for a text overlay","logo, brand text, watermark, deformed limbs, extra fingers, low quality, blurry text, distorted face, cluttered, oversaturated, plastic look, duplicate furniture, broken perspective",pending,
yg_0799,서포트,Support,humor_relatable,유머·공감,결국 가족 모두가 노리는 자리,게이밍 셋업 방,제품 단독(인물 없음),라이프스타일 와이드,코발트 블루,4:5,1080x1350,피드 세로,"A premium oversized bean bag sofa (U자형 받침 쿠션, 빈백과 결합해 리클라이너로 변신), 코발트 블루 fabric color, gaming room with RGB lights and a desk setup, wide lifestyle editorial shot, natural light, lived-in feel, Korean home aesthetic, photorealistic, high-end interior photography, soft natural shadows, 8k, advertising quality, leave clean negative space at the top for a text overlay","logo, brand text, watermark, deformed limbs, extra fingers, low quality, blurry text, distorted face, cluttered, oversaturated, plastic look, duplicate furniture, broken perspective",pending,
yg_0800,온돌,Ondol,price_value,가치·합리화,한 번 사면 왜 안 바꾸는지 알게 됨,한강 피크닉 잔디,반려묘와 함께,라이프스타일 와이드,올리브 그린,4:5,1080x1350,피드 세로,"A premium oversized bean bag sofa (겨울 발열 커버형 빈백, 전기요 호환), 올리브 그린 fabric color, a person with a cat curled up nearby, Hangang river park lawn picnic, outdoor daytime, wide lifestyle editorial shot, natural light, lived-in feel, Korean home aesthetic, photorealistic, high-end interior photography, soft natural shadows, 8k, advertising quality, leave clean negative space at the top for a text overlay","logo, brand text, watermark, deformed limbs, extra fingers, low quality, blurry text, distorted face, cluttered, oversaturated, plastic look, duplicate furniture, broken perspective",pending,
yg_0801,서포트,Support,asmr_sensory,감각·ASMR,무중력으로 가라앉는 30초,미니멀 화이트 스튜디오,20대 1인 가구 여성,골든아워 시네마틱,머스타드 옐로,9:16,1080x1920,릴스/스토리,"A premium oversized bean bag sofa (U자형 받침 쿠션, 빈백과 결합해 리클라이너로 변신), 머스타드 옐로 fabric color, a young woman in her 20s living alone, relaxed, clean white photo studio, seamless backdrop, golden hour cinematic lighting, warm glow, film look, Korean home aesthetic, photorealistic, high-end interior photography, soft natural shadows, 8k, advertising quality, leave clean negative space at the top for a text overlay","logo, brand text, watermark, deformed limbs, extra fingers, low quality, blurry text, distorted face, cluttered, oversaturated, plastic look, duplicate furniture, broken perspective",pending,
yg_0802,슬림,Slim,problem_agitate,문제 자극,소파에서 자고 일어나면 허리 아픈 당신에게,한강 피크닉 잔디,친구들 홈파티,로우앵글 임팩트,머스타드 옐로,4:5,1080x1350,피드 세로,"A premium oversized bean bag sofa (좁은 폭의 빈백, 1인 라운지 체어 형태), 머스타드 옐로 fabric color, a few friends hanging out, casual home party, Hangang river park lawn picnic, outdoor daytime, dramatic low angle, product looks grand and inviting, Korean home aesthetic, photorealistic, high-end interior photography, soft natural shadows, 8k, advertising quality, leave clean negative space at the top for a text overlay","logo, brand text, watermark, deformed limbs, extra fingers, low quality, blurry text, distorted face, cluttered, oversaturated, plastic look, duplicate furniture, broken perspective",pending,
yg_0803,라운저,Lounger,aspiration,동경·라이프스타일,"남의 집 같던 그 무드, 우리집에",햇살 드는 거실 창가,반려견과 집사,오버헤드 부감,크림 베이지,9:16,1080x1920,릴스/스토리,"A premium oversized bean bag sofa (등받이가 높은 1인 라운지형 빈백, 독서·휴식용), 크림 베이지 fabric color, a person with a small dog cuddling, sunlit living room by a large window, soft daylight, high overhead bird's-eye angle looking down, Korean home aesthetic, photorealistic, high-end interior photography, soft natural shadows, 8k, advertising quality, leave clean negative space at the top for a text overlay","logo, brand text, watermark, deformed limbs, extra fingers, low quality, blurry text, distorted face, cluttered, oversaturated, plastic look, duplicate furniture, broken perspective",pending,
yg_0804,키즈,Kids,price_value,가치·합리화,비싸 보이지만 1평도 안 차지,게이밍 셋업 방,다정한 커플,초근접 텍스처 클로즈업,코발트 블루,1:1,1080x1080,피드 정방,"A premium oversized bean bag sofa (유아·아동 안전 인증 소형 빈백, 밝은 컬러), 코발트 블루 fabric color, a cozy couple lounging together, gaming room with RGB lights and a desk setup, extreme macro close-up of plush fabric texture, shallow depth of field, Korean home aesthetic, photorealistic, high-end interior photography, soft natural shadows, 8k, advertising quality, leave clean negative space at the top for a text overlay","logo, brand text, watermark, deformed limbs, extra fingers, low quality, blurry text, distorted face, cluttered, oversaturated, plastic look, duplicate furniture, broken perspective",pending,
yg_0805,키즈,Kids,asmr_sensory,감각·ASMR,손이 닿는 순간 멈추는 마법의 촉감,게이밍 셋업 방,책 읽는 학생,스플릿 비교 컷,크림 베이지,4:5,1080x1350,피드 세로,"A premium oversized bean bag sofa (유아·아동 안전 인증 소형 빈백, 밝은 컬러), 크림 베이지 fabric color, a student reading a book, gaming room with RGB lights and a desk setup, split-screen before/after comparison layout, Korean home aesthetic, photorealistic, high-end interior photography, soft natural shadows, 8k, advertising quality, leave clean negative space at the top for a text overlay","logo, brand text, watermark, deformed limbs, extra fingers, low quality, blurry text, distorted face, cluttered, oversaturated, plastic look, duplicate furniture, broken perspective",pending,
yg_0806,피라미드,Pyramid,asmr_sensory,감각·ASMR,푹— 몸이 그대로 녹아드는 소리,키즈룸,반려묘와 함께,한 손 스케일 비교,라벤더,9:16,1080x1920,릴스/스토리,"A premium oversized bean bag sofa (삼각 쿠션형 빈백, 등·허리 받침용 보조 쿠션), 라벤더 fabric color, a person with a cat curled up nearby, bright kids room with toys, playful pastel palette, hand or person for scale, emphasizing size and softness, Korean home aesthetic, photorealistic, high-end interior photography, soft natural shadows, 8k, advertising quality, leave clean negative space at the top for a text overlay","logo, brand text, watermark, deformed limbs, extra fingers, low quality, blurry text, distorted face, cluttered, oversaturated, plastic look, duplicate furniture, broken perspective",pending,
yg_0807,드롭,Drop,asmr_sensory,감각·ASMR,"이 촉감, 화면으로도 느껴지나요?",캠핑·차박 텐트 안,시니어 부모님,미니멀 제품 히어로,크림 베이지,9:16,1080x1920,릴스/스토리,"A premium oversized bean bag sofa (물방울 형태의 빈백 스툴, 발받침·보조 좌석용), 크림 베이지 fabric color, an elderly parent resting comfortably, inside a camping tent / car-camping setup, lantern light, minimal product hero shot, soft gradient backdrop, studio light, Korean home aesthetic, photorealistic, high-end interior photography, soft natural shadows, 8k, advertising quality, leave clean negative space at the top for a text overlay","logo, brand text, watermark, deformed limbs, extra fingers, low quality, blurry text, distorted face, cluttered, oversaturated, plastic look, duplicate furniture, broken perspective",pending,
yg_0808,펫,Pet,problem_agitate,문제 자극,"게이밍 의자, 오래 앉으면 배기지 않나요?",키즈룸,책 읽는 학생,파스텔 팝 컬러블록,테라코타,9:16,1080x1920,릴스/스토리,"A premium oversized bean bag sofa (방수·항균·발톱 저항 커버의 반려동물용 빈백), 테라코타 fabric color, a student reading a book, bright kids room with toys, playful pastel palette, pastel pop color-block background, playful graphic style, Korean home aesthetic, photorealistic, high-end interior photography, soft natural shadows, 8k, advertising quality, leave clean negative space at the top for a text overlay","logo, brand text, watermark, deformed limbs, extra fingers, low quality, blurry text, distorted face, cluttered, oversaturated, plastic look, duplicate furniture, broken perspective",pending,
yg_0809,키즈,Kids,problem_agitate,문제 자극,원룸이라 소파는 포기했다고요?,게이밍 셋업 방,재택근무 직장인,스플릿 비교 컷,더스티 핑크,1:1,1080x1080,피드 정방,"A premium oversized bean bag sofa (유아·아동 안전 인증 소형 빈백, 밝은 컬러), 더스티 핑크 fabric color, a remote worker taking a break, gaming room with RGB lights and a desk setup, split-screen before/after comparison layout, Korean home aesthetic, photorealistic, high-end interior photography, soft natural shadows, 8k, advertising quality, leave clean negative space at the top for a text overlay","logo, brand text, watermark, deformed limbs, extra fingers, low quality, blurry text, distorted face, cluttered, oversaturated, plastic look, duplicate furniture, broken perspective",pending,
yg_0810,프라임,Prime,asmr_sensory,감각·ASMR,무중력으로 가라앉는 30초,펜션·풀빌라 거실,책 읽는 학생,미니멀 제품 히어로,더스티 핑크,4:5,1080x1350,피드 세로,"A premium oversized bean bag sofa (슬림한 등받이형 빈백, 의자처럼 세워 앉기 좋은 형태), 더스티 핑크 fabric color, a student reading a book, vacation pension living room, premium resort vibe, minimal product hero shot, soft gradient backdrop, studio light, Korean home aesthetic, photorealistic, high-end interior photography, soft natural shadows, 8k, advertising quality, leave clean negative space at the top for a text overlay","logo, brand text, watermark, deformed limbs, extra fingers, low quality, blurry text, distorted face, cluttered, oversaturated, plastic look, duplicate furniture, broken perspective",pending,
yg_0811,피라미드,Pyramid,social_proof,사회적 증거,1인 가구가 가장 많이 산 가구 1위,감성 카페 라운지,친구들 홈파티,초근접 텍스처 클로즈업,크림 베이지,9:16,1080x1920,릴스/스토리,"A premium oversized bean bag sofa (삼각 쿠션형 빈백, 등·허리 받침용 보조 쿠션), 크림 베이지 fabric color, a few friends hanging out, casual home party, trendy cafe lounge interior, warm wood tones, extreme macro close-up of plush fabric texture, shallow depth of field, Korean home aesthetic, photorealistic, high-end interior photography, soft natural shadows, 8k, advertising quality, leave clean negative space at the top for a text overlay","logo, brand text, watermark, deformed limbs, extra fingers, low quality, blurry text, distorted face, cluttered, oversaturated, plastic look, duplicate furniture, broken perspective",pending,
yg_0812,플로어,Floor,humor_relatable,유머·공감,약속 취소되자마자 향한 곳,무드등 켜진 밤 침실,낮잠 자는 사람,초근접 텍스처 클로즈업,테라코타,1:1,1080x1080,피드 정방,"A premium oversized bean bag sofa (좌식 문화 맞춤 초저높이 빈백), 테라코타 fabric color, a person napping, eyes closed, blissful, dim bedroom at night with warm mood lighting, extreme macro close-up of plush fabric texture, shallow depth of field, Korean home aesthetic, photorealistic, high-end interior photography, soft natural shadows, 8k, advertising quality, leave clean negative space at the top for a text overlay","logo, brand text, watermark, deformed limbs, extra fingers, low quality, blurry text, distorted face, cluttered, oversaturated, plastic look, duplicate furniture, broken perspective",pending,
yg_0813,허기보,Hugibo,before_after,비포·애프터,딱딱한 거실 → 3초 만에 라운지로,미니멀 화이트 스튜디오,제품 단독(인물 없음),라이프스타일 와이드,딥 네이비,4:5,1080x1350,피드 세로,"A premium oversized bean bag sofa (끌어안는 바디필로우형 빈백, 수면·포옹감 강조), 딥 네이비 fabric color, clean white photo studio, seamless backdrop, wide lifestyle editorial shot, natural light, lived-in feel, Korean home aesthetic, photorealistic, high-end interior photography, soft natural shadows, 8k, advertising quality, leave clean negative space at the top for a text overlay","logo, brand text, watermark, deformed limbs, extra fingers, low quality, blurry text, distorted face, cluttered, oversaturated, plastic look, duplicate furniture, broken perspective",pending,
yg_0814,미디,Midi,fomo_scarcity,FOMO·희소성,"이 컬러, 곧 사라집니다",햇살 드는 거실 창가,반려견과 집사,한 손 스케일 비교,올리브 그린,9:16,1080x1920,릴스/스토리,"A premium oversized bean bag sofa (맥스의 컴팩트 버전, 청소년·소형 공간용 중형 빈백), 올리브 그린 fabric color, a person with a small dog cuddling, sunlit living room by a large window, soft daylight, hand or person for scale, emphasizing size and softness, Korean home aesthetic, photorealistic, high-end interior photography, soft natural shadows, 8k, advertising quality, leave clean negative space at the top for a text overlay","logo, brand text, watermark, deformed limbs, extra fingers, low quality, blurry text, distorted face, cluttered, oversaturated, plastic look, duplicate furniture, broken perspective",pending,
yg_0815,온돌,Ondol,curiosity_gap,호기심 갭,이게 소파라고? 끝까지 보면 놀람,발코니·테라스,아이와 부모 가족,한 손 스케일 비교,테라코타,4:5,1080x1350,피드 세로,"A premium oversized bean bag sofa (겨울 발열 커버형 빈백, 전기요 호환), 테라코타 fabric color, a parent and a child playing, apartment balcony with plants and city view, hand or person for scale, emphasizing size and softness, Korean home aesthetic, photorealistic, high-end interior photography, soft natural shadows, 8k, advertising quality, leave clean negative space at the top for a text overlay","logo, brand text, watermark, deformed limbs, extra fingers, low quality, blurry text, distorted face, cluttered, oversaturated, plastic look, duplicate furniture, broken perspective",pending,
yg_0816,펫,Pet,aspiration,동경·라이프스타일,퇴근하고 싶어지는 집의 비밀,미니멀 화이트 스튜디오,게이머 청년,오버헤드 부감,오트밀 화이트,4:5,1080x1350,피드 세로,"A premium oversized bean bag sofa (방수·항균·발톱 저항 커버의 반려동물용 빈백), 오트밀 화이트 fabric color, a young gamer with a controller, clean white photo studio, seamless backdrop, high overhead bird's-eye angle looking down, Korean home aesthetic, photorealistic, high-end interior photography, soft natural shadows, 8k, advertising quality, leave clean negative space at the top for a text overlay","logo, brand text, watermark, deformed limbs, extra fingers, low quality, blurry text, distorted face, cluttered, oversaturated, plastic look, duplicate furniture, broken perspective",pending,
yg_0817,맥스,Max,transformation,변신·다용도,"소파였다가, 침대였다가, 의자였다가",감성 카페 라운지,친구들 홈파티,오버헤드 부감,올리브 그린,4:5,1080x1350,피드 세로,"A premium oversized bean bag sofa (6피트 풀사이즈 빈백 소파, 1인이 완전히 누울 수 있는 길이), 올리브 그린 fabric color, a few friends hanging out, casual home party, trendy cafe lounge interior, warm wood tones, high overhead bird's-eye angle looking down, Korean home aesthetic, photorealistic, high-end interior photography, soft natural shadows, 8k, advertising quality, leave clean negative space at the top for a text overlay","logo, brand text, watermark, deformed limbs, extra fingers, low quality, blurry text, distorted face, cluttered, oversaturated, plastic look, duplicate furniture, broken perspective",pending,
yg_0818,더블,Double,fomo_scarcity,FOMO·희소성,다들 이미 거실에 하나씩 들였대요,게이밍 셋업 방,제품 단독(인물 없음),로우앵글 임팩트,딥 네이비,9:16,1080x1920,릴스/스토리,"A premium oversized bean bag sofa (맥스 2배 폭의 초대형 빈백, 커플·가족용 침대 겸용), 딥 네이비 fabric color, gaming room with RGB lights and a desk setup, dramatic low angle, product looks grand and inviting, Korean home aesthetic, photorealistic, high-end interior photography, soft natural shadows, 8k, advertising quality, leave clean negative space at the top for a text overlay","logo, brand text, watermark, deformed limbs, extra fingers, low quality, blurry text, distorted face, cluttered, oversaturated, plastic look, duplicate furniture, broken perspective",pending,
yg_0819,맥스,Max,asmr_sensory,감각·ASMR,무중력으로 가라앉는 30초,캠핑·차박 텐트 안,친구들 홈파티,스플릿 비교 컷,차콜 그레이,4:5,1080x1350,피드 세로,"A premium oversized bean bag sofa (6피트 풀사이즈 빈백 소파, 1인이 완전히 누울 수 있는 길이), 차콜 그레이 fabric color, a few friends hanging out, casual home party, inside a camping tent / car-camping setup, lantern light, split-screen before/after comparison layout, Korean home aesthetic, photorealistic, high-end interior photography, soft natural shadows, 8k, advertising quality, leave clean negative space at the top for a text overlay","logo, brand text, watermark, deformed limbs, extra fingers, low quality, blurry text, distorted face, cluttered, oversaturated, plastic look, duplicate furniture, broken perspective",pending,
yg_0820,라운저,Lounger,season_hook,시즌·타이밍,"이사 시즌, 소파 대신 이것",캠핑·차박 텐트 안,아이와 부모 가족,미니멀 제품 히어로,차콜 그레이,9:16,1080x1920,릴스/스토리,"A premium oversized bean bag sofa (등받이가 높은 1인 라운지형 빈백, 독서·휴식용), 차콜 그레이 fabric color, a parent and a child playing, inside a camping tent / car-camping setup, lantern light, minimal product hero shot, soft gradient backdrop, studio light, Korean home aesthetic, photorealistic, high-end interior photography, soft natural shadows, 8k, advertising quality, leave clean negative space at the top for a text overlay","logo, brand text, watermark, deformed limbs, extra fingers, low quality, blurry text, distorted face, cluttered, oversaturated, plastic look, duplicate furniture, broken perspective",pending,
yg_0821,온돌,Ondol,humor_relatable,유머·공감,약속 취소되자마자 향한 곳,재택 홈오피스,재택근무 직장인,탑다운 플랫레이,라벤더,9:16,1080x1920,릴스/스토리,"A premium oversized bean bag sofa (겨울 발열 커버형 빈백, 전기요 호환), 라벤더 fabric color, a remote worker taking a break, work-from-home office corner, laptop on a low table, top-down flat lay composition, neatly arranged, Korean home aesthetic, photorealistic, high-end interior photography, soft natural shadows, 8k, advertising quality, leave clean negative space at the top for a text overlay","logo, brand text, watermark, deformed limbs, extra fingers, low quality, blurry text, distorted face, cluttered, oversaturated, plastic look, duplicate furniture, broken perspective",pending,
yg_0822,펫,Pet,price_value,가치·합리화,한 번 사면 왜 안 바꾸는지 알게 됨,햇살 드는 거실 창가,20대 1인 가구 여성,푹 꺼지는 모션 블러,올리브 그린,9:16,1080x1920,릴스/스토리,"A premium oversized bean bag sofa (방수·항균·발톱 저항 커버의 반려동물용 빈백), 올리브 그린 fabric color, a young woman in her 20s living alone, relaxed, sunlit living room by a large window, soft daylight, motion-blur of a body sinking into the bean bag, dynamic, Korean home aesthetic, photorealistic, high-end interior photography, soft natural shadows, 8k, advertising quality, leave clean negative space at the top for a text overlay","logo, brand text, watermark, deformed limbs, extra fingers, low quality, blurry text, distorted face, cluttered, oversaturated, plastic look, duplicate furniture, broken perspective",pending,
yg_0823,온돌,Ondol,transformation,변신·다용도,접고 펴고 세우고 — 공간이 살아난다,한강 피크닉 잔디,다정한 커플,초근접 텍스처 클로즈업,더스티 핑크,9:16,1080x1920,릴스/스토리,"A premium oversized bean bag sofa (겨울 발열 커버형 빈백, 전기요 호환), 더스티 핑크 fabric color, a cozy couple lounging together, Hangang river park lawn picnic, outdoor daytime, extreme macro close-up of plush fabric texture, shallow depth of field, Korean home aesthetic, photorealistic, high-end interior photography, soft natural shadows, 8k, advertising quality, leave clean negative space at the top for a text overlay","logo, brand text, watermark, deformed limbs, extra fingers, low quality, blurry text, distorted face, cluttered, oversaturated, plastic look, duplicate furniture, broken perspective",pending,
yg_0824,라운저,Lounger,problem_agitate,문제 자극,반려견이 소파를 다 뜯어놨다면,재택 홈오피스,게이머 청년,초근접 텍스처 클로즈업,머스타드 옐로,4:5,1080x1350,피드 세로,"A premium oversized bean bag sofa (등받이가 높은 1인 라운지형 빈백, 독서·휴식용), 머스타드 옐로 fabric color, a young gamer with a controller, work-from-home office corner, laptop on a low table, extreme macro close-up of plush fabric texture, shallow depth of field, Korean home aesthetic, photorealistic, high-end interior photography, soft natural shadows, 8k, advertising quality, leave clean negative space at the top for a text overlay","logo, brand text, watermark, deformed limbs, extra fingers, low quality, blurry text, distorted face, cluttered, oversaturated, plastic look, duplicate furniture, broken perspective",pending,
yg_0825,펫,Pet,fomo_scarcity,FOMO·희소성,"올여름 품절 1순위, 미리 보세요",게이밍 셋업 방,다정한 커플,골든아워 시네마틱,크림 베이지,4:5,1080x1350,피드 세로,"A premium oversized bean bag sofa (방수·항균·발톱 저항 커버의 반려동물용 빈백), 크림 베이지 fabric color, a cozy couple lounging together, gaming room with RGB lights and a desk setup, golden hour cinematic lighting, warm glow, film look, Korean home aesthetic, photorealistic, high-end interior photography, soft natural shadows, 8k, advertising quality, leave clean negative space at the top for a text overlay","logo, brand text, watermark, deformed limbs, extra fingers, low quality, blurry text, distorted face, cluttered, oversaturated, plastic look, duplicate furniture, broken perspective",pending,
yg_0826,서포트,Support,aspiration,동경·라이프스타일,"이런 주말, 가져본 적 있나요",펜션·풀빌라 거실,반려묘와 함께,파스텔 팝 컬러블록,머스타드 옐로,4:5,1080x1350,피드 세로,"A premium oversized bean bag sofa (U자형 받침 쿠션, 빈백과 결합해 리클라이너로 변신), 머스타드 옐로 fabric color, a person with a cat curled up nearby, vacation pension living room, premium resort vibe, pastel pop color-block background, playful graphic style, Korean home aesthetic, photorealistic, high-end interior photography, soft natural shadows, 8k, advertising quality, leave clean negative space at the top for a text overlay","logo, brand text, watermark, deformed limbs, extra fingers, low quality, blurry text, distorted face, cluttered, oversaturated, plastic look, duplicate furniture, broken perspective",pending,
yg_0827,미디,Midi,transformation,변신·다용도,"1개로 5가지 자세, 직접 보세요",서재 책장 앞,반려묘와 함께,골든아워 시네마틱,라벤더,4:5,1080x1350,피드 세로,"A premium oversized bean bag sofa (맥스의 컴팩트 버전, 청소년·소형 공간용 중형 빈백), 라벤더 fabric color, a person with a cat curled up nearby, home library nook in front of bookshelves, golden hour cinematic lighting, warm glow, film look, Korean home aesthetic, photorealistic, high-end interior photography, soft natural shadows, 8k, advertising quality, leave clean negative space at the top for a text overlay","logo, brand text, watermark, deformed limbs, extra fingers, low quality, blurry text, distorted face, cluttered, oversaturated, plastic look, duplicate furniture, broken perspective",pending,
yg_0828,팟,Pod,season_hook,시즌·타이밍,올여름 에어컨 앞 명당 자리,무드등 켜진 밤 침실,반려묘와 함께,오버헤드 부감,크림 베이지,4:5,1080x1350,피드 세로,"A premium oversized bean bag sofa (둥근 1인 의자형 빈백, 감싸는 듯한 곡선 실루엣), 크림 베이지 fabric color, a person with a cat curled up nearby, dim bedroom at night with warm mood lighting, high overhead bird's-eye angle looking down, Korean home aesthetic, photorealistic, high-end interior photography, soft natural shadows, 8k, advertising quality, leave clean negative space at the top for a text overlay","logo, brand text, watermark, deformed limbs, extra fingers, low quality, blurry text, distorted face, cluttered, oversaturated, plastic look, duplicate furniture, broken perspective",pending,
yg_0829,키즈,Kids,before_after,비포·애프터,혼자 살기 전 → 혼자 살고 난 후의 거실,캠핑·차박 텐트 안,다정한 커플,파스텔 팝 컬러블록,크림 베이지,9:16,1080x1920,릴스/스토리,"A premium oversized bean bag sofa (유아·아동 안전 인증 소형 빈백, 밝은 컬러), 크림 베이지 fabric color, a cozy couple lounging together, inside a camping tent / car-camping setup, lantern light, pastel pop color-block background, playful graphic style, Korean home aesthetic, photorealistic, high-end interior photography, soft natural shadows, 8k, advertising quality, leave clean negative space at the top for a text overlay","logo, brand text, watermark, deformed limbs, extra fingers, low quality, blurry text, distorted face, cluttered, oversaturated, plastic look, duplicate furniture, broken perspective",pending,
yg_0830,프라임,Prime,aspiration,동경·라이프스타일,"이런 주말, 가져본 적 있나요",재택 홈오피스,제품 단독(인물 없음),라이프스타일 와이드,더스티 핑크,4:5,1080x1350,피드 세로,"A premium oversized bean bag sofa (슬림한 등받이형 빈백, 의자처럼 세워 앉기 좋은 형태), 더스티 핑크 fabric color, work-from-home office corner, laptop on a low table, wide lifestyle editorial shot, natural light, lived-in feel, Korean home aesthetic, photorealistic, high-end interior photography, soft natural shadows, 8k, advertising quality, leave clean negative space at the top for a text overlay","logo, brand text, watermark, deformed limbs, extra fingers, low quality, blurry text, distorted face, cluttered, oversaturated, plastic look, duplicate furniture, broken perspective",pending,
yg_0831,맥스,Max,social_proof,사회적 증거,재구매율이 말해주는 편안함,캠핑·차박 텐트 안,책 읽는 학생,스플릿 비교 컷,올리브 그린,4:5,1080x1350,피드 세로,"A premium oversized bean bag sofa (6피트 풀사이즈 빈백 소파, 1인이 완전히 누울 수 있는 길이), 올리브 그린 fabric color, a student reading a book, inside a camping tent / car-camping setup, lantern light, split-screen before/after comparison layout, Korean home aesthetic, photorealistic, high-end interior photography, soft natural shadows, 8k, advertising quality, leave clean negative space at the top for a text overlay","logo, brand text, watermark, deformed limbs, extra fingers, low quality, blurry text, distorted face, cluttered, oversaturated, plastic look, duplicate furniture, broken perspective",pending,
yg_0832,팟,Pod,asmr_sensory,감각·ASMR,"오늘 밤, 여기로 사라지고 싶다",무드등 켜진 밤 침실,다정한 커플,초근접 텍스처 클로즈업,오트밀 화이트,4:5,1080x1350,피드 세로,"A premium oversized bean bag sofa (둥근 1인 의자형 빈백, 감싸는 듯한 곡선 실루엣), 오트밀 화이트 fabric color, a cozy couple lounging together, dim bedroom at night with warm mood lighting, extreme macro close-up of plush fabric texture, shallow depth of field, Korean home aesthetic, photorealistic, high-end interior photography, soft natural shadows, 8k, advertising quality, leave clean negative space at the top for a text overlay","logo, brand text, watermark, deformed limbs, extra fingers, low quality, blurry text, distorted face, cluttered, oversaturated, plastic look, duplicate furniture, broken perspective",pending,
yg_0833,팟엑스,Pod X,humor_relatable,유머·공감,주말의 나: 요기보와 한 몸,게이밍 셋업 방,아이와 부모 가족,파스텔 팝 컬러블록,더스티 핑크,4:5,1080x1350,피드 세로,"A premium oversized bean bag sofa (확장형 듀얼 라이너 빈백, 몸 굴곡에 반응하는 분절 패널), 더스티 핑크 fabric color, a parent and a child playing, gaming room with RGB lights and a desk setup, pastel pop color-block background, playful graphic style, Korean home aesthetic, photorealistic, high-end interior photography, soft natural shadows, 8k, advertising quality, leave clean negative space at the top for a text overlay","logo, brand text, watermark, deformed limbs, extra fingers, low quality, blurry text, distorted face, cluttered, oversaturated, plastic look, duplicate furniture, broken perspective",pending,
yg_0834,온돌,Ondol,before_after,비포·애프터,소파 있을 때 vs 요기보 들인 후,재택 홈오피스,반려묘와 함께,다크 무드 라이팅,크림 베이지,9:16,1080x1920,릴스/스토리,"A premium oversized bean bag sofa (겨울 발열 커버형 빈백, 전기요 호환), 크림 베이지 fabric color, a person with a cat curled up nearby, work-from-home office corner, laptop on a low table, dark moody lighting with a single warm light source, Korean home aesthetic, photorealistic, high-end interior photography, soft natural shadows, 8k, advertising quality, leave clean negative space at the top for a text overlay","logo, brand text, watermark, deformed limbs, extra fingers, low quality, blurry text, distorted face, cluttered, oversaturated, plastic look, duplicate furniture, broken perspective",pending,
yg_0835,온돌,Ondol,pattern_interrupt,패턴 인터럽트,이 자세 실화냐,무드등 켜진 밤 침실,다정한 커플,푹 꺼지는 모션 블러,딥 네이비,9:16,1080x1920,릴스/스토리,"A premium oversized bean bag sofa (겨울 발열 커버형 빈백, 전기요 호환), 딥 네이비 fabric color, a cozy couple lounging together, dim bedroom at night with warm mood lighting, motion-blur of a body sinking into the bean bag, dynamic, Korean home aesthetic, photorealistic, high-end interior photography, soft natural shadows, 8k, advertising quality, leave clean negative space at the top for a text overlay","logo, brand text, watermark, deformed limbs, extra fingers, low quality, blurry text, distorted face, cluttered, oversaturated, plastic look, duplicate furniture, broken perspective",pending,
yg_0836,맥스,Max,fomo_scarcity,FOMO·희소성,한정 컬러 — 재입고 없음,캠핑·차박 텐트 안,아이와 부모 가족,한 손 스케일 비교,테라코타,4:5,1080x1350,피드 세로,"A premium oversized bean bag sofa (6피트 풀사이즈 빈백 소파, 1인이 완전히 누울 수 있는 길이), 테라코타 fabric color, a parent and a child playing, inside a camping tent / car-camping setup, lantern light, hand or person for scale, emphasizing size and softness, Korean home aesthetic, photorealistic, high-end interior photography, soft natural shadows, 8k, advertising quality, leave clean negative space at the top for a text overlay","logo, brand text, watermark, deformed limbs, extra fingers, low quality, blurry text, distorted face, cluttered, oversaturated, plastic look, duplicate furniture, broken perspective",pending,
yg_0837,미니,Mini,pattern_interrupt,패턴 인터럽트,끝까지 안 보면 손해,겨울 러그 깔린 마루,반려묘와 함께,다크 무드 라이팅,코발트 블루,4:5,1080x1350,피드 세로,"A premium oversized bean bag sofa (1인용 소형 빈백, 가볍고 어디든 옮기는 컴팩트 사이즈), 코발트 블루 fabric color, a person with a cat curled up nearby, winter living room with rug, cozy ondol floor warmth, dark moody lighting with a single warm light source, Korean home aesthetic, photorealistic, high-end interior photography, soft natural shadows, 8k, advertising quality, leave clean negative space at the top for a text overlay","logo, brand text, watermark, deformed limbs, extra fingers, low quality, blurry text, distorted face, cluttered, oversaturated, plastic look, duplicate furniture, broken perspective",pending,
yg_0838,미니 K,Mini K,transformation,변신·다용도,"1개로 5가지 자세, 직접 보세요",미니멀 화이트 스튜디오,20대 1인 가구 여성,로우앵글 임팩트,더스티 핑크,9:16,1080x1920,릴스/스토리,"A premium oversized bean bag sofa (원룸·15평 이하 전용 초소형 빈백), 더스티 핑크 fabric color, a young woman in her 20s living alone, relaxed, clean white photo studio, seamless backdrop, dramatic low angle, product looks grand and inviting, Korean home aesthetic, photorealistic, high-end interior photography, soft natural shadows, 8k, advertising quality, leave clean negative space at the top for a text overlay","logo, brand text, watermark, deformed limbs, extra fingers, low quality, blurry text, distorted face, cluttered, oversaturated, plastic look, duplicate furniture, broken perspective",pending,
yg_0839,펫,Pet,aspiration,동경·라이프스타일,"남의 집 같던 그 무드, 우리집에",펜션·풀빌라 거실,제품 단독(인물 없음),초근접 텍스처 클로즈업,차콜 그레이,9:16,1080x1920,릴스/스토리,"A premium oversized bean bag sofa (방수·항균·발톱 저항 커버의 반려동물용 빈백), 차콜 그레이 fabric color, vacation pension living room, premium resort vibe, extreme macro close-up of plush fabric texture, shallow depth of field, Korean home aesthetic, photorealistic, high-end interior photography, soft natural shadows, 8k, advertising quality, leave clean negative space at the top for a text overlay","logo, brand text, watermark, deformed limbs, extra fingers, low quality, blurry text, distorted face, cluttered, oversaturated, plastic look, duplicate furniture, broken perspective",pending,
yg_0840,플로어,Floor,curiosity_gap,호기심 갭,사람을 망치는 소파가 있다는데…,게이밍 셋업 방,시니어 부모님,오버헤드 부감,딥 네이비,9:16,1080x1920,릴스/스토리,"A premium oversized bean bag sofa (좌식 문화 맞춤 초저높이 빈백), 딥 네이비 fabric color, an elderly parent resting comfortably, gaming room with RGB lights and a desk setup, high overhead bird's-eye angle looking down, Korean home aesthetic, photorealistic, high-end interior photography, soft natural shadows, 8k, advertising quality, leave clean negative space at the top for a text overlay","logo, brand text, watermark, deformed limbs, extra fingers, low quality, blurry text, distorted face, cluttered, oversaturated, plastic look, duplicate furniture, broken perspective",pending,
yg_0841,서포트,Support,aspiration,동경·라이프스타일,"이런 주말, 가져본 적 있나요",미니멀 화이트 스튜디오,친구들 홈파티,초근접 텍스처 클로즈업,올리브 그린,9:16,1080x1920,릴스/스토리,"A premium oversized bean bag sofa (U자형 받침 쿠션, 빈백과 결합해 리클라이너로 변신), 올리브 그린 fabric color, a few friends hanging out, casual home party, clean white photo studio, seamless backdrop, extreme macro close-up of plush fabric texture, shallow depth of field, Korean home aesthetic, photorealistic, high-end interior photography, soft natural shadows, 8k, advertising quality, leave clean negative space at the top for a text overlay","logo, brand text, watermark, deformed limbs, extra fingers, low quality, blurry text, distorted face, cluttered, oversaturated, plastic look, duplicate furniture, broken perspective",pending,
yg_0842,서포트,Support,fomo_scarcity,FOMO·희소성,한정 컬러 — 재입고 없음,미니멀 화이트 스튜디오,게이머 청년,다크 무드 라이팅,머스타드 옐로,4:5,1080x1350,피드 세로,"A premium oversized bean bag sofa (U자형 받침 쿠션, 빈백과 결합해 리클라이너로 변신), 머스타드 옐로 fabric color, a young gamer with a controller, clean white photo studio, seamless backdrop, dark moody lighting with a single warm light source, Korean home aesthetic, photorealistic, high-end interior photography, soft natural shadows, 8k, advertising quality, leave clean negative space at the top for a text overlay","logo, brand text, watermark, deformed limbs, extra fingers, low quality, blurry text, distorted face, cluttered, oversaturated, plastic look, duplicate furniture, broken perspective",pending,
yg_0843,더블,Double,price_value,가치·합리화,비싸 보이지만 1평도 안 차지,재택 홈오피스,다정한 커플,다크 무드 라이팅,차콜 그레이,9:16,1080x1920,릴스/스토리,"A premium oversized bean bag sofa (맥스 2배 폭의 초대형 빈백, 커플·가족용 침대 겸용), 차콜 그레이 fabric color, a cozy couple lounging together, work-from-home office corner, laptop on a low table, dark moody lighting with a single warm light source, Korean home aesthetic, photorealistic, high-end interior photography, soft natural shadows, 8k, advertising quality, leave clean negative space at the top for a text overlay","logo, brand text, watermark, deformed limbs, extra fingers, low quality, blurry text, distorted face, cluttered, oversaturated, plastic look, duplicate furniture, broken perspective",pending,
yg_0844,슬림,Slim,before_after,비포·애프터,혼자 살기 전 → 혼자 살고 난 후의 거실,미니멀 화이트 스튜디오,반려묘와 함께,한 손 스케일 비교,크림 베이지,9:16,1080x1920,릴스/스토리,"A premium oversized bean bag sofa (좁은 폭의 빈백, 1인 라운지 체어 형태), 크림 베이지 fabric color, a person with a cat curled up nearby, clean white photo studio, seamless backdrop, hand or person for scale, emphasizing size and softness, Korean home aesthetic, photorealistic, high-end interior photography, soft natural shadows, 8k, advertising quality, leave clean negative space at the top for a text overlay","logo, brand text, watermark, deformed limbs, extra fingers, low quality, blurry text, distorted face, cluttered, oversaturated, plastic look, duplicate furniture, broken perspective",pending,
yg_0845,미니 K,Mini K,social_proof,사회적 증거,재구매율이 말해주는 편안함,키즈룸,20대 1인 가구 여성,탑다운 플랫레이,오트밀 화이트,4:5,1080x1350,피드 세로,"A premium oversized bean bag sofa (원룸·15평 이하 전용 초소형 빈백), 오트밀 화이트 fabric color, a young woman in her 20s living alone, relaxed, bright kids room with toys, playful pastel palette, top-down flat lay composition, neatly arranged, Korean home aesthetic, photorealistic, high-end interior photography, soft natural shadows, 8k, advertising quality, leave clean negative space at the top for a text overlay","logo, brand text, watermark, deformed limbs, extra fingers, low quality, blurry text, distorted face, cluttered, oversaturated, plastic look, duplicate furniture, broken perspective",pending,
yg_0846,플로어,Floor,asmr_sensory,감각·ASMR,"이 촉감, 화면으로도 느껴지나요?",서재 책장 앞,반려견과 집사,한 손 스케일 비교,차콜 그레이,4:5,1080x1350,피드 세로,"A premium oversized bean bag sofa (좌식 문화 맞춤 초저높이 빈백), 차콜 그레이 fabric color, a person with a small dog cuddling, home library nook in front of bookshelves, hand or person for scale, emphasizing size and softness, Korean home aesthetic, photorealistic, high-end interior photography, soft natural shadows, 8k, advertising quality, leave clean negative space at the top for a text overlay","logo, brand text, watermark, deformed limbs, extra fingers, low quality, blurry text, distorted face, cluttered, oversaturated, plastic look, duplicate furniture, broken perspective",pending,
yg_0847,슬림,Slim,price_value,가치·합리화,"소파 + 침대 + 의자, 가격은 하나",키즈룸,친구들 홈파티,골든아워 시네마틱,라벤더,9:16,1080x1920,릴스/스토리,"A premium oversized bean bag sofa (좁은 폭의 빈백, 1인 라운지 체어 형태), 라벤더 fabric color, a few friends hanging out, casual home party, bright kids room with toys, playful pastel palette, golden hour cinematic lighting, warm glow, film look, Korean home aesthetic, photorealistic, high-end interior photography, soft natural shadows, 8k, advertising quality, leave clean negative space at the top for a text overlay","logo, brand text, watermark, deformed limbs, extra fingers, low quality, blurry text, distorted face, cluttered, oversaturated, plastic look, duplicate furniture, broken perspective",pending,
yg_0848,키즈,Kids,humor_relatable,유머·공감,강아지에게 자리 뺏긴 1인,무드등 켜진 밤 침실,책 읽는 학생,오버헤드 부감,딥 네이비,4:5,1080x1350,피드 세로,"A premium oversized bean bag sofa (유아·아동 안전 인증 소형 빈백, 밝은 컬러), 딥 네이비 fabric color, a student reading a book, dim bedroom at night with warm mood lighting, high overhead bird's-eye angle looking down, Korean home aesthetic, photorealistic, high-end interior photography, soft natural shadows, 8k, advertising quality, leave clean negative space at the top for a text overlay","logo, brand text, watermark, deformed limbs, extra fingers, low quality, blurry text, distorted face, cluttered, oversaturated, plastic look, duplicate furniture, broken perspective",pending,
yg_0849,피라미드,Pyramid,humor_relatable,유머·공감,약속 취소되자마자 향한 곳,겨울 러그 깔린 마루,친구들 홈파티,탑다운 플랫레이,크림 베이지,4:5,1080x1350,피드 세로,"A premium oversized bean bag sofa (삼각 쿠션형 빈백, 등·허리 받침용 보조 쿠션), 크림 베이지 fabric color, a few friends hanging out, casual home party, winter living room with rug, cozy ondol floor warmth, top-down flat lay composition, neatly arranged, Korean home aesthetic, photorealistic, high-end interior photography, soft natural shadows, 8k, advertising quality, leave clean negative space at the top for a text overlay","logo, brand text, watermark, deformed limbs, extra fingers, low quality, blurry text, distorted face, cluttered, oversaturated, plastic look, duplicate furniture, broken perspective",pending,
yg_0850,더블,Double,transformation,변신·다용도,"1개로 5가지 자세, 직접 보세요",서재 책장 앞,게이머 청년,한 손 스케일 비교,올리브 그린,1:1,1080x1080,피드 정방,"A premium oversized bean bag sofa (맥스 2배 폭의 초대형 빈백, 커플·가족용 침대 겸용), 올리브 그린 fabric color, a young gamer with a controller, home library nook in front of bookshelves, hand or person for scale, emphasizing size and softness, Korean home aesthetic, photorealistic, high-end interior photography, soft natural shadows, 8k, advertising quality, leave clean negative space at the top for a text overlay","logo, brand text, watermark, deformed limbs, extra fingers, low quality, blurry text, distorted face, cluttered, oversaturated, plastic look, duplicate furniture, broken perspective",pending,
yg_0851,미니,Mini,asmr_sensory,감각·ASMR,"오늘 밤, 여기로 사라지고 싶다",무드등 켜진 밤 침실,아이와 부모 가족,초근접 텍스처 클로즈업,올리브 그린,4:5,1080x1350,피드 세로,"A premium oversized bean bag sofa (1인용 소형 빈백, 가볍고 어디든 옮기는 컴팩트 사이즈), 올리브 그린 fabric color, a parent and a child playing, dim bedroom at night with warm mood lighting, extreme macro close-up of plush fabric texture, shallow depth of field, Korean home aesthetic, photorealistic, high-end interior photography, soft natural shadows, 8k, advertising quality, leave clean negative space at the top for a text overlay","logo, brand text, watermark, deformed limbs, extra fingers, low quality, blurry text, distorted face, cluttered, oversaturated, plastic look, duplicate furniture, broken perspective",pending,
yg_0852,플로어,Floor,pattern_interrupt,패턴 인터럽트,"잠깐, 저 사람 지금 소파 안으로 빨려 들어감",겨울 러그 깔린 마루,낮잠 자는 사람,오버헤드 부감,오트밀 화이트,9:16,1080x1920,릴스/스토리,"A premium oversized bean bag sofa (좌식 문화 맞춤 초저높이 빈백), 오트밀 화이트 fabric color, a person napping, eyes closed, blissful, winter living room with rug, cozy ondol floor warmth, high overhead bird's-eye angle looking down, Korean home aesthetic, photorealistic, high-end interior photography, soft natural shadows, 8k, advertising quality, leave clean negative space at the top for a text overlay","logo, brand text, watermark, deformed limbs, extra fingers, low quality, blurry text, distorted face, cluttered, oversaturated, plastic look, duplicate furniture, broken perspective",pending,
yg_0853,팟엑스,Pod X,problem_agitate,문제 자극,원룸이라 소파는 포기했다고요?,감성 카페 라운지,친구들 홈파티,다크 무드 라이팅,머스타드 옐로,9:16,1080x1920,릴스/스토리,"A premium oversized bean bag sofa (확장형 듀얼 라이너 빈백, 몸 굴곡에 반응하는 분절 패널), 머스타드 옐로 fabric color, a few friends hanging out, casual home party, trendy cafe lounge interior, warm wood tones, dark moody lighting with a single warm light source, Korean home aesthetic, photorealistic, high-end interior photography, soft natural shadows, 8k, advertising quality, leave clean negative space at the top for a text overlay","logo, brand text, watermark, deformed limbs, extra fingers, low quality, blurry text, distorted face, cluttered, oversaturated, plastic look, duplicate furniture, broken perspective",pending,
yg_0854,프라임,Prime,humor_relatable,유머·공감,‘잠깐만 누울게’ → 3시간 경과,감성 카페 라운지,20대 1인 가구 여성,푹 꺼지는 모션 블러,올리브 그린,1:1,1080x1080,피드 정방,"A premium oversized bean bag sofa (슬림한 등받이형 빈백, 의자처럼 세워 앉기 좋은 형태), 올리브 그린 fabric color, a young woman in her 20s living alone, relaxed, trendy cafe lounge interior, warm wood tones, motion-blur of a body sinking into the bean bag, dynamic, Korean home aesthetic, photorealistic, high-end interior photography, soft natural shadows, 8k, advertising quality, leave clean negative space at the top for a text overlay","logo, brand text, watermark, deformed limbs, extra fingers, low quality, blurry text, distorted face, cluttered, oversaturated, plastic look, duplicate furniture, broken perspective",pending,
yg_0855,펫,Pet,problem_agitate,문제 자극,소파에서 자고 일어나면 허리 아픈 당신에게,햇살 드는 거실 창가,다정한 커플,탑다운 플랫레이,더스티 핑크,4:5,1080x1350,피드 세로,"A premium oversized bean bag sofa (방수·항균·발톱 저항 커버의 반려동물용 빈백), 더스티 핑크 fabric color, a cozy couple lounging together, sunlit living room by a large window, soft daylight, top-down flat lay composition, neatly arranged, Korean home aesthetic, photorealistic, high-end interior photography, soft natural shadows, 8k, advertising quality, leave clean negative space at the top for a text overlay","logo, brand text, watermark, deformed limbs, extra fingers, low quality, blurry text, distorted face, cluttered, oversaturated, plastic look, duplicate furniture, broken perspective",pending,
yg_0856,미디,Midi,curiosity_gap,호기심 갭,이걸 본 사람들이 소파를 버렸습니다,펜션·풀빌라 거실,반려묘와 함께,로우앵글 임팩트,더스티 핑크,4:5,1080x1350,피드 세로,"A premium oversized bean bag sofa (맥스의 컴팩트 버전, 청소년·소형 공간용 중형 빈백), 더스티 핑크 fabric color, a person with a cat curled up nearby, vacation pension living room, premium resort vibe, dramatic low angle, product looks grand and inviting, Korean home aesthetic, photorealistic, high-end interior photography, soft natural shadows, 8k, advertising quality, leave clean negative space at the top for a text overlay","logo, brand text, watermark, deformed limbs, extra fingers, low quality, blurry text, distorted face, cluttered, oversaturated, plastic look, duplicate furniture, broken perspective",pending,
yg_0857,더블,Double,asmr_sensory,감각·ASMR,무중력으로 가라앉는 30초,캠핑·차박 텐트 안,다정한 커플,탑다운 플랫레이,오트밀 화이트,1:1,1080x1080,피드 정방,"A premium oversized bean bag sofa (맥스 2배 폭의 초대형 빈백, 커플·가족용 침대 겸용), 오트밀 화이트 fabric color, a cozy couple lounging together, inside a camping tent / car-camping setup, lantern light, top-down flat lay composition, neatly arranged, Korean home aesthetic, photorealistic, high-end interior photography, soft natural shadows, 8k, advertising quality, leave clean negative space at the top for a text overlay","logo, brand text, watermark, deformed limbs, extra fingers, low quality, blurry text, distorted face, cluttered, oversaturated, plastic look, duplicate furniture, broken perspective",pending,
yg_0858,펫,Pet,before_after,비포·애프터,소파 있을 때 vs 요기보 들인 후,키즈룸,제품 단독(인물 없음),로우앵글 임팩트,딥 네이비,4:5,1080x1350,피드 세로,"A premium oversized bean bag sofa (방수·항균·발톱 저항 커버의 반려동물용 빈백), 딥 네이비 fabric color, bright kids room with toys, playful pastel palette, dramatic low angle, product looks grand and inviting, Korean home aesthetic, photorealistic, high-end interior photography, soft natural shadows, 8k, advertising quality, leave clean negative space at the top for a text overlay","logo, brand text, watermark, deformed limbs, extra fingers, low quality, blurry text, distorted face, cluttered, oversaturated, plastic look, duplicate furniture, broken perspective",pending,
yg_0859,라운저,Lounger,social_proof,사회적 증거,재구매율이 말해주는 편안함,발코니·테라스,책 읽는 학생,라이프스타일 와이드,라벤더,4:5,1080x1350,피드 세로,"A premium oversized bean bag sofa (등받이가 높은 1인 라운지형 빈백, 독서·휴식용), 라벤더 fabric color, a student reading a book, apartment balcony with plants and city view, wide lifestyle editorial shot, natural light, lived-in feel, Korean home aesthetic, photorealistic, high-end interior photography, soft natural shadows, 8k, advertising quality, leave clean negative space at the top for a text overlay","logo, brand text, watermark, deformed limbs, extra fingers, low quality, blurry text, distorted face, cluttered, oversaturated, plastic look, duplicate furniture, broken perspective",pending,
yg_0860,라운저,Lounger,pattern_interrupt,패턴 인터럽트,끝까지 안 보면 손해,무드등 켜진 밤 침실,재택근무 직장인,한 손 스케일 비교,더스티 핑크,9:16,1080x1920,릴스/스토리,"A premium oversized bean bag sofa (등받이가 높은 1인 라운지형 빈백, 독서·휴식용), 더스티 핑크 fabric color, a remote worker taking a break, dim bedroom at night with warm mood lighting, hand or person for scale, emphasizing size and softness, Korean home aesthetic, photorealistic, high-end interior photography, soft natural shadows, 8k, advertising quality, leave clean negative space at the top for a text overlay","logo, brand text, watermark, deformed limbs, extra fingers, low quality, blurry text, distorted face, cluttered, oversaturated, plastic look, duplicate furniture, broken perspective",pending,
yg_0861,미니 K,Mini K,aspiration,동경·라이프스타일,"남의 집 같던 그 무드, 우리집에",게이밍 셋업 방,제품 단독(인물 없음),푹 꺼지는 모션 블러,딥 네이비,4:5,1080x1350,피드 세로,"A premium oversized bean bag sofa (원룸·15평 이하 전용 초소형 빈백), 딥 네이비 fabric color, gaming room with RGB lights and a desk setup, motion-blur of a body sinking into the bean bag, dynamic, Korean home aesthetic, photorealistic, high-end interior photography, soft natural shadows, 8k, advertising quality, leave clean negative space at the top for a text overlay","logo, brand text, watermark, deformed limbs, extra fingers, low quality, blurry text, distorted face, cluttered, oversaturated, plastic look, duplicate furniture, broken perspective",pending,
yg_0862,키즈,Kids,asmr_sensory,감각·ASMR,"오늘 밤, 여기로 사라지고 싶다",키즈룸,제품 단독(인물 없음),한 손 스케일 비교,올리브 그린,9:16,1080x1920,릴스/스토리,"A premium oversized bean bag sofa (유아·아동 안전 인증 소형 빈백, 밝은 컬러), 올리브 그린 fabric color, bright kids room with toys, playful pastel palette, hand or person for scale, emphasizing size and softness, Korean home aesthetic, photorealistic, high-end interior photography, soft natural shadows, 8k, advertising quality, leave clean negative space at the top for a text overlay","logo, brand text, watermark, deformed limbs, extra fingers, low quality, blurry text, distorted face, cluttered, oversaturated, plastic look, duplicate furniture, broken perspective",pending,
yg_0863,피라미드,Pyramid,fomo_scarcity,FOMO·희소성,다들 이미 거실에 하나씩 들였대요,재택 홈오피스,반려묘와 함께,로우앵글 임팩트,크림 베이지,1:1,1080x1080,피드 정방,"A premium oversized bean bag sofa (삼각 쿠션형 빈백, 등·허리 받침용 보조 쿠션), 크림 베이지 fabric color, a person with a cat curled up nearby, work-from-home office corner, laptop on a low table, dramatic low angle, product looks grand and inviting, Korean home aesthetic, photorealistic, high-end interior photography, soft natural shadows, 8k, advertising quality, leave clean negative space at the top for a text overlay","logo, brand text, watermark, deformed limbs, extra fingers, low quality, blurry text, distorted face, cluttered, oversaturated, plastic look, duplicate furniture, broken perspective",pending,
yg_0864,온돌,Ondol,aspiration,동경·라이프스타일,퇴근하고 싶어지는 집의 비밀,한강 피크닉 잔디,친구들 홈파티,다크 무드 라이팅,크림 베이지,1:1,1080x1080,피드 정방,"A premium oversized bean bag sofa (겨울 발열 커버형 빈백, 전기요 호환), 크림 베이지 fabric color, a few friends hanging out, casual home party, Hangang river park lawn picnic, outdoor daytime, dark moody lighting with a single warm light source, Korean home aesthetic, photorealistic, high-end interior photography, soft natural shadows, 8k, advertising quality, leave clean negative space at the top for a text overlay","logo, brand text, watermark, deformed limbs, extra fingers, low quality, blurry text, distorted face, cluttered, oversaturated, plastic look, duplicate furniture, broken perspective",pending,
yg_0865,팟엑스,Pod X,price_value,가치·합리화,"소파 + 침대 + 의자, 가격은 하나",서재 책장 앞,아이와 부모 가족,초근접 텍스처 클로즈업,딥 네이비,9:16,1080x1920,릴스/스토리,"A premium oversized bean bag sofa (확장형 듀얼 라이너 빈백, 몸 굴곡에 반응하는 분절 패널), 딥 네이비 fabric color, a parent and a child playing, home library nook in front of bookshelves, extreme macro close-up of plush fabric texture, shallow depth of field, Korean home aesthetic, photorealistic, high-end interior photography, soft natural shadows, 8k, advertising quality, leave clean negative space at the top for a text overlay","logo, brand text, watermark, deformed limbs, extra fingers, low quality, blurry text, distorted face, cluttered, oversaturated, plastic look, duplicate furniture, broken perspective",pending,
yg_0866,슬림,Slim,price_value,가치·합리화,비싸 보이지만 1평도 안 차지,겨울 러그 깔린 마루,아이와 부모 가족,로우앵글 임팩트,머스타드 옐로,4:5,1080x1350,피드 세로,"A premium oversized bean bag sofa (좁은 폭의 빈백, 1인 라운지 체어 형태), 머스타드 옐로 fabric color, a parent and a child playing, winter living room with rug, cozy ondol floor warmth, dramatic low angle, product looks grand and inviting, Korean home aesthetic, photorealistic, high-end interior photography, soft natural shadows, 8k, advertising quality, leave clean negative space at the top for a text overlay","logo, brand text, watermark, deformed limbs, extra fingers, low quality, blurry text, distorted face, cluttered, oversaturated, plastic look, duplicate furniture, broken perspective",pending,
yg_0867,피라미드,Pyramid,social_proof,사회적 증거,"리뷰 10,000개가 말하는 그 소파",재택 홈오피스,친구들 홈파티,푹 꺼지는 모션 블러,테라코타,4:5,1080x1350,피드 세로,"A premium oversized bean bag sofa (삼각 쿠션형 빈백, 등·허리 받침용 보조 쿠션), 테라코타 fabric color, a few friends hanging out, casual home party, work-from-home office corner, laptop on a low table, motion-blur of a body sinking into the bean bag, dynamic, Korean home aesthetic, photorealistic, high-end interior photography, soft natural shadows, 8k, advertising quality, leave clean negative space at the top for a text overlay","logo, brand text, watermark, deformed limbs, extra fingers, low quality, blurry text, distorted face, cluttered, oversaturated, plastic look, duplicate furniture, broken perspective",pending,
yg_0868,드롭,Drop,asmr_sensory,감각·ASMR,"오늘 밤, 여기로 사라지고 싶다",서재 책장 앞,게이머 청년,오버헤드 부감,더스티 핑크,4:5,1080x1350,피드 세로,"A premium oversized bean bag sofa (물방울 형태의 빈백 스툴, 발받침·보조 좌석용), 더스티 핑크 fabric color, a young gamer with a controller, home library nook in front of bookshelves, high overhead bird's-eye angle looking down, Korean home aesthetic, photorealistic, high-end interior photography, soft natural shadows, 8k, advertising quality, leave clean negative space at the top for a text overlay","logo, brand text, watermark, deformed limbs, extra fingers, low quality, blurry text, distorted face, cluttered, oversaturated, plastic look, duplicate furniture, broken perspective",pending,
yg_0869,슬림,Slim,season_hook,시즌·타이밍,"이사 시즌, 소파 대신 이것",발코니·테라스,반려견과 집사,미니멀 제품 히어로,오트밀 화이트,4:5,1080x1350,피드 세로,"A premium oversized bean bag sofa (좁은 폭의 빈백, 1인 라운지 체어 형태), 오트밀 화이트 fabric color, a person with a small dog cuddling, apartment balcony with plants and city view, minimal product hero shot, soft gradient backdrop, studio light, Korean home aesthetic, photorealistic, high-end interior photography, soft natural shadows, 8k, advertising quality, leave clean negative space at the top for a text overlay","logo, brand text, watermark, deformed limbs, extra fingers, low quality, blurry text, distorted face, cluttered, oversaturated, plastic look, duplicate furniture, broken perspective",pending,
yg_0870,미니,Mini,problem_agitate,문제 자극,원룸이라 소파는 포기했다고요?,발코니·테라스,반려견과 집사,파스텔 팝 컬러블록,코발트 블루,4:5,1080x1350,피드 세로,"A premium oversized bean bag sofa (1인용 소형 빈백, 가볍고 어디든 옮기는 컴팩트 사이즈), 코발트 블루 fabric color, a person with a small dog cuddling, apartment balcony with plants and city view, pastel pop color-block background, playful graphic style, Korean home aesthetic, photorealistic, high-end interior photography, soft natural shadows, 8k, advertising quality, leave clean negative space at the top for a text overlay","logo, brand text, watermark, deformed limbs, extra fingers, low quality, blurry text, distorted face, cluttered, oversaturated, plastic look, duplicate furniture, broken perspective",pending,
yg_0871,미디,Midi,pattern_interrupt,패턴 인터럽트,3초 뒤 반전 주의,무드등 켜진 밤 침실,친구들 홈파티,다크 무드 라이팅,더스티 핑크,9:16,1080x1920,릴스/스토리,"A premium oversized bean bag sofa (맥스의 컴팩트 버전, 청소년·소형 공간용 중형 빈백), 더스티 핑크 fabric color, a few friends hanging out, casual home party, dim bedroom at night with warm mood lighting, dark moody lighting with a single warm light source, Korean home aesthetic, photorealistic, high-end interior photography, soft natural shadows, 8k, advertising quality, leave clean negative space at the top for a text overlay","logo, brand text, watermark, deformed limbs, extra fingers, low quality, blurry text, distorted face, cluttered, oversaturated, plastic look, duplicate furniture, broken perspective",pending,
yg_0872,미니 K,Mini K,price_value,가치·합리화,한 번 사면 왜 안 바꾸는지 알게 됨,햇살 드는 거실 창가,시니어 부모님,스플릿 비교 컷,더스티 핑크,9:16,1080x1920,릴스/스토리,"A premium oversized bean bag sofa (원룸·15평 이하 전용 초소형 빈백), 더스티 핑크 fabric color, an elderly parent resting comfortably, sunlit living room by a large window, soft daylight, split-screen before/after comparison layout, Korean home aesthetic, photorealistic, high-end interior photography, soft natural shadows, 8k, advertising quality, leave clean negative space at the top for a text overlay","logo, brand text, watermark, deformed limbs, extra fingers, low quality, blurry text, distorted face, cluttered, oversaturated, plastic look, duplicate furniture, broken perspective",pending,
yg_0873,펫,Pet,curiosity_gap,호기심 갭,이걸 본 사람들이 소파를 버렸습니다,게이밍 셋업 방,반려묘와 함께,파스텔 팝 컬러블록,더스티 핑크,4:5,1080x1350,피드 세로,"A premium oversized bean bag sofa (방수·항균·발톱 저항 커버의 반려동물용 빈백), 더스티 핑크 fabric color, a person with a cat curled up nearby, gaming room with RGB lights and a desk setup, pastel pop color-block background, playful graphic style, Korean home aesthetic, photorealistic, high-end interior photography, soft natural shadows, 8k, advertising quality, leave clean negative space at the top for a text overlay","logo, brand text, watermark, deformed limbs, extra fingers, low quality, blurry text, distorted face, cluttered, oversaturated, plastic look, duplicate furniture, broken perspective",pending,
yg_0874,미디,Midi,fomo_scarcity,FOMO·희소성,"올여름 품절 1순위, 미리 보세요",겨울 러그 깔린 마루,20대 1인 가구 여성,골든아워 시네마틱,라벤더,4:5,1080x1350,피드 세로,"A premium oversized bean bag sofa (맥스의 컴팩트 버전, 청소년·소형 공간용 중형 빈백), 라벤더 fabric color, a young woman in her 20s living alone, relaxed, winter living room with rug, cozy ondol floor warmth, golden hour cinematic lighting, warm glow, film look, Korean home aesthetic, photorealistic, high-end interior photography, soft natural shadows, 8k, advertising quality, leave clean negative space at the top for a text overlay","logo, brand text, watermark, deformed limbs, extra fingers, low quality, blurry text, distorted face, cluttered, oversaturated, plastic look, duplicate furniture, broken perspective",pending,
yg_0875,서포트,Support,before_after,비포·애프터,소파 있을 때 vs 요기보 들인 후,감성 카페 라운지,재택근무 직장인,스플릿 비교 컷,딥 네이비,4:5,1080x1350,피드 세로,"A premium oversized bean bag sofa (U자형 받침 쿠션, 빈백과 결합해 리클라이너로 변신), 딥 네이비 fabric color, a remote worker taking a break, trendy cafe lounge interior, warm wood tones, split-screen before/after comparison layout, Korean home aesthetic, photorealistic, high-end interior photography, soft natural shadows, 8k, advertising quality, leave clean negative space at the top for a text overlay","logo, brand text, watermark, deformed limbs, extra fingers, low quality, blurry text, distorted face, cluttered, oversaturated, plastic look, duplicate furniture, broken perspective",pending,
yg_0876,미니 K,Mini K,asmr_sensory,감각·ASMR,손이 닿는 순간 멈추는 마법의 촉감,키즈룸,아이와 부모 가족,골든아워 시네마틱,올리브 그린,4:5,1080x1350,피드 세로,"A premium oversized bean bag sofa (원룸·15평 이하 전용 초소형 빈백), 올리브 그린 fabric color, a parent and a child playing, bright kids room with toys, playful pastel palette, golden hour cinematic lighting, warm glow, film look, Korean home aesthetic, photorealistic, high-end interior photography, soft natural shadows, 8k, advertising quality, leave clean negative space at the top for a text overlay","logo, brand text, watermark, deformed limbs, extra fingers, low quality, blurry text, distorted face, cluttered, oversaturated, plastic look, duplicate furniture, broken perspective",pending,
yg_0877,키즈,Kids,fomo_scarcity,FOMO·희소성,"이 컬러, 곧 사라집니다",무드등 켜진 밤 침실,재택근무 직장인,골든아워 시네마틱,테라코타,4:5,1080x1350,피드 세로,"A premium oversized bean bag sofa (유아·아동 안전 인증 소형 빈백, 밝은 컬러), 테라코타 fabric color, a remote worker taking a break, dim bedroom at night with warm mood lighting, golden hour cinematic lighting, warm glow, film look, Korean home aesthetic, photorealistic, high-end interior photography, soft natural shadows, 8k, advertising quality, leave clean negative space at the top for a text overlay","logo, brand text, watermark, deformed limbs, extra fingers, low quality, blurry text, distorted face, cluttered, oversaturated, plastic look, duplicate furniture, broken perspective",pending,
yg_0878,플로어,Floor,aspiration,동경·라이프스타일,"이런 주말, 가져본 적 있나요",햇살 드는 거실 창가,낮잠 자는 사람,오버헤드 부감,테라코타,9:16,1080x1920,릴스/스토리,"A premium oversized bean bag sofa (좌식 문화 맞춤 초저높이 빈백), 테라코타 fabric color, a person napping, eyes closed, blissful, sunlit living room by a large window, soft daylight, high overhead bird's-eye angle looking down, Korean home aesthetic, photorealistic, high-end interior photography, soft natural shadows, 8k, advertising quality, leave clean negative space at the top for a text overlay","logo, brand text, watermark, deformed limbs, extra fingers, low quality, blurry text, distorted face, cluttered, oversaturated, plastic look, duplicate furniture, broken perspective",pending,
yg_0879,온돌,Ondol,price_value,가치·합리화,버리는 소파 vs 평생 가는 소파,겨울 러그 깔린 마루,시니어 부모님,스플릿 비교 컷,크림 베이지,4:5,1080x1350,피드 세로,"A premium oversized bean bag sofa (겨울 발열 커버형 빈백, 전기요 호환), 크림 베이지 fabric color, an elderly parent resting comfortably, winter living room with rug, cozy ondol floor warmth, split-screen before/after comparison layout, Korean home aesthetic, photorealistic, high-end interior photography, soft natural shadows, 8k, advertising quality, leave clean negative space at the top for a text overlay","logo, brand text, watermark, deformed limbs, extra fingers, low quality, blurry text, distorted face, cluttered, oversaturated, plastic look, duplicate furniture, broken perspective",pending,
yg_0880,키즈,Kids,season_hook,시즌·타이밍,"장마철, 집이 가장 좋아지는 이유",무드등 켜진 밤 침실,아이와 부모 가족,한 손 스케일 비교,코발트 블루,9:16,1080x1920,릴스/스토리,"A premium oversized bean bag sofa (유아·아동 안전 인증 소형 빈백, 밝은 컬러), 코발트 블루 fabric color, a parent and a child playing, dim bedroom at night with warm mood lighting, hand or person for scale, emphasizing size and softness, Korean home aesthetic, photorealistic, high-end interior photography, soft natural shadows, 8k, advertising quality, leave clean negative space at the top for a text overlay","logo, brand text, watermark, deformed limbs, extra fingers, low quality, blurry text, distorted face, cluttered, oversaturated, plastic look, duplicate furniture, broken perspective",pending,
yg_0881,키즈,Kids,asmr_sensory,감각·ASMR,"오늘 밤, 여기로 사라지고 싶다",햇살 드는 거실 창가,게이머 청년,초근접 텍스처 클로즈업,차콜 그레이,9:16,1080x1920,릴스/스토리,"A premium oversized bean bag sofa (유아·아동 안전 인증 소형 빈백, 밝은 컬러), 차콜 그레이 fabric color, a young gamer with a controller, sunlit living room by a large window, soft daylight, extreme macro close-up of plush fabric texture, shallow depth of field, Korean home aesthetic, photorealistic, high-end interior photography, soft natural shadows, 8k, advertising quality, leave clean negative space at the top for a text overlay","logo, brand text, watermark, deformed limbs, extra fingers, low quality, blurry text, distorted face, cluttered, oversaturated, plastic look, duplicate furniture, broken perspective",pending,
yg_0882,플로어,Floor,curiosity_gap,호기심 갭,이걸 본 사람들이 소파를 버렸습니다,아늑한 원룸,시니어 부모님,파스텔 팝 컬러블록,딥 네이비,1:1,1080x1080,피드 정방,"A premium oversized bean bag sofa (좌식 문화 맞춤 초저높이 빈백), 딥 네이비 fabric color, an elderly parent resting comfortably, cozy compact studio apartment, minimal Korean interior, pastel pop color-block background, playful graphic style, Korean home aesthetic, photorealistic, high-end interior photography, soft natural shadows, 8k, advertising quality, leave clean negative space at the top for a text overlay","logo, brand text, watermark, deformed limbs, extra fingers, low quality, blurry text, distorted face, cluttered, oversaturated, plastic look, duplicate furniture, broken perspective",pending,
yg_0883,라운저,Lounger,season_hook,시즌·타이밍,올여름 에어컨 앞 명당 자리,게이밍 셋업 방,반려견과 집사,푹 꺼지는 모션 블러,올리브 그린,4:5,1080x1350,피드 세로,"A premium oversized bean bag sofa (등받이가 높은 1인 라운지형 빈백, 독서·휴식용), 올리브 그린 fabric color, a person with a small dog cuddling, gaming room with RGB lights and a desk setup, motion-blur of a body sinking into the bean bag, dynamic, Korean home aesthetic, photorealistic, high-end interior photography, soft natural shadows, 8k, advertising quality, leave clean negative space at the top for a text overlay","logo, brand text, watermark, deformed limbs, extra fingers, low quality, blurry text, distorted face, cluttered, oversaturated, plastic look, duplicate furniture, broken perspective",pending,
yg_0884,펫,Pet,social_proof,사회적 증거,"리뷰 10,000개가 말하는 그 소파",미니멀 화이트 스튜디오,낮잠 자는 사람,파스텔 팝 컬러블록,올리브 그린,4:5,1080x1350,피드 세로,"A premium oversized bean bag sofa (방수·항균·발톱 저항 커버의 반려동물용 빈백), 올리브 그린 fabric color, a person napping, eyes closed, blissful, clean white photo studio, seamless backdrop, pastel pop color-block background, playful graphic style, Korean home aesthetic, photorealistic, high-end interior photography, soft natural shadows, 8k, advertising quality, leave clean negative space at the top for a text overlay","logo, brand text, watermark, deformed limbs, extra fingers, low quality, blurry text, distorted face, cluttered, oversaturated, plastic look, duplicate furniture, broken perspective",pending,
yg_0885,미니,Mini,fomo_scarcity,FOMO·희소성,지금 안 보면 다음은 내년,아늑한 원룸,20대 1인 가구 여성,로우앵글 임팩트,라벤더,4:5,1080x1350,피드 세로,"A premium oversized bean bag sofa (1인용 소형 빈백, 가볍고 어디든 옮기는 컴팩트 사이즈), 라벤더 fabric color, a young woman in her 20s living alone, relaxed, cozy compact studio apartment, minimal Korean interior, dramatic low angle, product looks grand and inviting, Korean home aesthetic, photorealistic, high-end interior photography, soft natural shadows, 8k, advertising quality, leave clean negative space at the top for a text overlay","logo, brand text, watermark, deformed limbs, extra fingers, low quality, blurry text, distorted face, cluttered, oversaturated, plastic look, duplicate furniture, broken perspective",pending,
yg_0886,팟,Pod,aspiration,동경·라이프스타일,햇살 + 요기보 = 완벽한 일요일,발코니·테라스,시니어 부모님,골든아워 시네마틱,크림 베이지,4:5,1080x1350,피드 세로,"A premium oversized bean bag sofa (둥근 1인 의자형 빈백, 감싸는 듯한 곡선 실루엣), 크림 베이지 fabric color, an elderly parent resting comfortably, apartment balcony with plants and city view, golden hour cinematic lighting, warm glow, film look, Korean home aesthetic, photorealistic, high-end interior photography, soft natural shadows, 8k, advertising quality, leave clean negative space at the top for a text overlay","logo, brand text, watermark, deformed limbs, extra fingers, low quality, blurry text, distorted face, cluttered, oversaturated, plastic look, duplicate furniture, broken perspective",pending,
yg_0887,팟엑스,Pod X,before_after,비포·애프터,소파 있을 때 vs 요기보 들인 후,아늑한 원룸,게이머 청년,로우앵글 임팩트,라벤더,9:16,1080x1920,릴스/스토리,"A premium oversized bean bag sofa (확장형 듀얼 라이너 빈백, 몸 굴곡에 반응하는 분절 패널), 라벤더 fabric color, a young gamer with a controller, cozy compact studio apartment, minimal Korean interior, dramatic low angle, product looks grand and inviting, Korean home aesthetic, photorealistic, high-end interior photography, soft natural shadows, 8k, advertising quality, leave clean negative space at the top for a text overlay","logo, brand text, watermark, deformed limbs, extra fingers, low quality, blurry text, distorted face, cluttered, oversaturated, plastic look, duplicate furniture, broken perspective",pending,
yg_0888,더블,Double,before_after,비포·애프터,딱딱한 거실 → 3초 만에 라운지로,햇살 드는 거실 창가,낮잠 자는 사람,파스텔 팝 컬러블록,차콜 그레이,9:16,1080x1920,릴스/스토리,"A premium oversized bean bag sofa (맥스 2배 폭의 초대형 빈백, 커플·가족용 침대 겸용), 차콜 그레이 fabric color, a person napping, eyes closed, blissful, sunlit living room by a large window, soft daylight, pastel pop color-block background, playful graphic style, Korean home aesthetic, photorealistic, high-end interior photography, soft natural shadows, 8k, advertising quality, leave clean negative space at the top for a text overlay","logo, brand text, watermark, deformed limbs, extra fingers, low quality, blurry text, distorted face, cluttered, oversaturated, plastic look, duplicate furniture, broken perspective",pending,
yg_0889,더블,Double,asmr_sensory,감각·ASMR,"오늘 밤, 여기로 사라지고 싶다",캠핑·차박 텐트 안,책 읽는 학생,탑다운 플랫레이,오트밀 화이트,1:1,1080x1080,피드 정방,"A premium oversized bean bag sofa (맥스 2배 폭의 초대형 빈백, 커플·가족용 침대 겸용), 오트밀 화이트 fabric color, a student reading a book, inside a camping tent / car-camping setup, lantern light, top-down flat lay composition, neatly arranged, Korean home aesthetic, photorealistic, high-end interior photography, soft natural shadows, 8k, advertising quality, leave clean negative space at the top for a text overlay","logo, brand text, watermark, deformed limbs, extra fingers, low quality, blurry text, distorted face, cluttered, oversaturated, plastic look, duplicate furniture, broken perspective",pending,
yg_0890,플로어,Floor,humor_relatable,유머·공감,약속 취소되자마자 향한 곳,발코니·테라스,게이머 청년,골든아워 시네마틱,라벤더,4:5,1080x1350,피드 세로,"A premium oversized bean bag sofa (좌식 문화 맞춤 초저높이 빈백), 라벤더 fabric color, a young gamer with a controller, apartment balcony with plants and city view, golden hour cinematic lighting, warm glow, film look, Korean home aesthetic, photorealistic, high-end interior photography, soft natural shadows, 8k, advertising quality, leave clean negative space at the top for a text overlay","logo, brand text, watermark, deformed limbs, extra fingers, low quality, blurry text, distorted face, cluttered, oversaturated, plastic look, duplicate furniture, broken perspective",pending,
yg_0891,플로어,Floor,humor_relatable,유머·공감,강아지에게 자리 뺏긴 1인,무드등 켜진 밤 침실,재택근무 직장인,한 손 스케일 비교,차콜 그레이,9:16,1080x1920,릴스/스토리,"A premium oversized bean bag sofa (좌식 문화 맞춤 초저높이 빈백), 차콜 그레이 fabric color, a remote worker taking a break, dim bedroom at night with warm mood lighting, hand or person for scale, emphasizing size and softness, Korean home aesthetic, photorealistic, high-end interior photography, soft natural shadows, 8k, advertising quality, leave clean negative space at the top for a text overlay","logo, brand text, watermark, deformed limbs, extra fingers, low quality, blurry text, distorted face, cluttered, oversaturated, plastic look, duplicate furniture, broken perspective",pending,
yg_0892,라운저,Lounger,season_hook,시즌·타이밍,"연말, 가족이 모이는 새 중심",펜션·풀빌라 거실,제품 단독(인물 없음),다크 무드 라이팅,테라코타,4:5,1080x1350,피드 세로,"A premium oversized bean bag sofa (등받이가 높은 1인 라운지형 빈백, 독서·휴식용), 테라코타 fabric color, vacation pension living room, premium resort vibe, dark moody lighting with a single warm light source, Korean home aesthetic, photorealistic, high-end interior photography, soft natural shadows, 8k, advertising quality, leave clean negative space at the top for a text overlay","logo, brand text, watermark, deformed limbs, extra fingers, low quality, blurry text, distorted face, cluttered, oversaturated, plastic look, duplicate furniture, broken perspective",pending,
yg_0893,미디,Midi,humor_relatable,유머·공감,약속 취소되자마자 향한 곳,서재 책장 앞,반려견과 집사,미니멀 제품 히어로,더스티 핑크,9:16,1080x1920,릴스/스토리,"A premium oversized bean bag sofa (맥스의 컴팩트 버전, 청소년·소형 공간용 중형 빈백), 더스티 핑크 fabric color, a person with a small dog cuddling, home library nook in front of bookshelves, minimal product hero shot, soft gradient backdrop, studio light, Korean home aesthetic, photorealistic, high-end interior photography, soft natural shadows, 8k, advertising quality, leave clean negative space at the top for a text overlay","logo, brand text, watermark, deformed limbs, extra fingers, low quality, blurry text, distorted face, cluttered, oversaturated, plastic look, duplicate furniture, broken perspective",pending,
yg_0894,플로어,Floor,pattern_interrupt,패턴 인터럽트,"잠깐, 저 사람 지금 소파 안으로 빨려 들어감",햇살 드는 거실 창가,재택근무 직장인,다크 무드 라이팅,더스티 핑크,9:16,1080x1920,릴스/스토리,"A premium oversized bean bag sofa (좌식 문화 맞춤 초저높이 빈백), 더스티 핑크 fabric color, a remote worker taking a break, sunlit living room by a large window, soft daylight, dark moody lighting with a single warm light source, Korean home aesthetic, photorealistic, high-end interior photography, soft natural shadows, 8k, advertising quality, leave clean negative space at the top for a text overlay","logo, brand text, watermark, deformed limbs, extra fingers, low quality, blurry text, distorted face, cluttered, oversaturated, plastic look, duplicate furniture, broken perspective",pending,
yg_0895,플로어,Floor,before_after,비포·애프터,혼자 살기 전 → 혼자 살고 난 후의 거실,서재 책장 앞,반려견과 집사,로우앵글 임팩트,크림 베이지,9:16,1080x1920,릴스/스토리,"A premium oversized bean bag sofa (좌식 문화 맞춤 초저높이 빈백), 크림 베이지 fabric color, a person with a small dog cuddling, home library nook in front of bookshelves, dramatic low angle, product looks grand and inviting, Korean home aesthetic, photorealistic, high-end interior photography, soft natural shadows, 8k, advertising quality, leave clean negative space at the top for a text overlay","logo, brand text, watermark, deformed limbs, extra fingers, low quality, blurry text, distorted face, cluttered, oversaturated, plastic look, duplicate furniture, broken perspective",pending,
yg_0896,슬림,Slim,transformation,변신·다용도,접고 펴고 세우고 — 공간이 살아난다,겨울 러그 깔린 마루,제품 단독(인물 없음),라이프스타일 와이드,라벤더,1:1,1080x1080,피드 정방,"A premium oversized bean bag sofa (좁은 폭의 빈백, 1인 라운지 체어 형태), 라벤더 fabric color, winter living room with rug, cozy ondol floor warmth, wide lifestyle editorial shot, natural light, lived-in feel, Korean home aesthetic, photorealistic, high-end interior photography, soft natural shadows, 8k, advertising quality, leave clean negative space at the top for a text overlay","logo, brand text, watermark, deformed limbs, extra fingers, low quality, blurry text, distorted face, cluttered, oversaturated, plastic look, duplicate furniture, broken perspective",pending,
yg_0897,프라임,Prime,fomo_scarcity,FOMO·희소성,지금 안 보면 다음은 내년,재택 홈오피스,낮잠 자는 사람,미니멀 제품 히어로,머스타드 옐로,4:5,1080x1350,피드 세로,"A premium oversized bean bag sofa (슬림한 등받이형 빈백, 의자처럼 세워 앉기 좋은 형태), 머스타드 옐로 fabric color, a person napping, eyes closed, blissful, work-from-home office corner, laptop on a low table, minimal product hero shot, soft gradient backdrop, studio light, Korean home aesthetic, photorealistic, high-end interior photography, soft natural shadows, 8k, advertising quality, leave clean negative space at the top for a text overlay","logo, brand text, watermark, deformed limbs, extra fingers, low quality, blurry text, distorted face, cluttered, oversaturated, plastic look, duplicate furniture, broken perspective",pending,
yg_0898,팟엑스,Pod X,aspiration,동경·라이프스타일,내가 꿈꾸던 거실은 이런 거였어,무드등 켜진 밤 침실,낮잠 자는 사람,미니멀 제품 히어로,더스티 핑크,4:5,1080x1350,피드 세로,"A premium oversized bean bag sofa (확장형 듀얼 라이너 빈백, 몸 굴곡에 반응하는 분절 패널), 더스티 핑크 fabric color, a person napping, eyes closed, blissful, dim bedroom at night with warm mood lighting, minimal product hero shot, soft gradient backdrop, studio light, Korean home aesthetic, photorealistic, high-end interior photography, soft natural shadows, 8k, advertising quality, leave clean negative space at the top for a text overlay","logo, brand text, watermark, deformed limbs, extra fingers, low quality, blurry text, distorted face, cluttered, oversaturated, plastic look, duplicate furniture, broken perspective",pending,
yg_0899,미니 K,Mini K,transformation,변신·다용도,하나로 거실 전체를 바꾸는 법,감성 카페 라운지,반려견과 집사,오버헤드 부감,크림 베이지,1:1,1080x1080,피드 정방,"A premium oversized bean bag sofa (원룸·15평 이하 전용 초소형 빈백), 크림 베이지 fabric color, a person with a small dog cuddling, trendy cafe lounge interior, warm wood tones, high overhead bird's-eye angle looking down, Korean home aesthetic, photorealistic, high-end interior photography, soft natural shadows, 8k, advertising quality, leave clean negative space at the top for a text overlay","logo, brand text, watermark, deformed limbs, extra fingers, low quality, blurry text, distorted face, cluttered, oversaturated, plastic look, duplicate furniture, broken perspective",pending,
yg_0900,프라임,Prime,price_value,가치·합리화,"소파 + 침대 + 의자, 가격은 하나",한강 피크닉 잔디,반려묘와 함께,다크 무드 라이팅,오트밀 화이트,1:1,1080x1080,피드 정방,"A premium oversized bean bag sofa (슬림한 등받이형 빈백, 의자처럼 세워 앉기 좋은 형태), 오트밀 화이트 fabric color, a person with a cat curled up nearby, Hangang river park lawn picnic, outdoor daytime, dark moody lighting with a single warm light source, Korean home aesthetic, photorealistic, high-end interior photography, soft natural shadows, 8k, advertising quality, leave clean negative space at the top for a text overlay","logo, brand text, watermark, deformed limbs, extra fingers, low quality, blurry text, distorted face, cluttered, oversaturated, plastic look, duplicate furniture, broken perspective",pending,
yg_0901,플로어,Floor,social_proof,사회적 증거,연예인 자취방에 다 있다는 그것,재택 홈오피스,재택근무 직장인,다크 무드 라이팅,올리브 그린,9:16,1080x1920,릴스/스토리,"A premium oversized bean bag sofa (좌식 문화 맞춤 초저높이 빈백), 올리브 그린 fabric color, a remote worker taking a break, work-from-home office corner, laptop on a low table, dark moody lighting with a single warm light source, Korean home aesthetic, photorealistic, high-end interior photography, soft natural shadows, 8k, advertising quality, leave clean negative space at the top for a text overlay","logo, brand text, watermark, deformed limbs, extra fingers, low quality, blurry text, distorted face, cluttered, oversaturated, plastic look, duplicate furniture, broken perspective",pending,
yg_0902,프라임,Prime,humor_relatable,유머·공감,강아지에게 자리 뺏긴 1인,아늑한 원룸,친구들 홈파티,로우앵글 임팩트,더스티 핑크,9:16,1080x1920,릴스/스토리,"A premium oversized bean bag sofa (슬림한 등받이형 빈백, 의자처럼 세워 앉기 좋은 형태), 더스티 핑크 fabric color, a few friends hanging out, casual home party, cozy compact studio apartment, minimal Korean interior, dramatic low angle, product looks grand and inviting, Korean home aesthetic, photorealistic, high-end interior photography, soft natural shadows, 8k, advertising quality, leave clean negative space at the top for a text overlay","logo, brand text, watermark, deformed limbs, extra fingers, low quality, blurry text, distorted face, cluttered, oversaturated, plastic look, duplicate furniture, broken perspective",pending,
yg_0903,더블,Double,asmr_sensory,감각·ASMR,푹— 몸이 그대로 녹아드는 소리,게이밍 셋업 방,다정한 커플,로우앵글 임팩트,크림 베이지,1:1,1080x1080,피드 정방,"A premium oversized bean bag sofa (맥스 2배 폭의 초대형 빈백, 커플·가족용 침대 겸용), 크림 베이지 fabric color, a cozy couple lounging together, gaming room with RGB lights and a desk setup, dramatic low angle, product looks grand and inviting, Korean home aesthetic, photorealistic, high-end interior photography, soft natural shadows, 8k, advertising quality, leave clean negative space at the top for a text overlay","logo, brand text, watermark, deformed limbs, extra fingers, low quality, blurry text, distorted face, cluttered, oversaturated, plastic look, duplicate furniture, broken perspective",pending,
yg_0904,미디,Midi,pattern_interrupt,패턴 인터럽트,3초 뒤 반전 주의,재택 홈오피스,게이머 청년,미니멀 제품 히어로,오트밀 화이트,9:16,1080x1920,릴스/스토리,"A premium oversized bean bag sofa (맥스의 컴팩트 버전, 청소년·소형 공간용 중형 빈백), 오트밀 화이트 fabric color, a young gamer with a controller, work-from-home office corner, laptop on a low table, minimal product hero shot, soft gradient backdrop, studio light, Korean home aesthetic, photorealistic, high-end interior photography, soft natural shadows, 8k, advertising quality, leave clean negative space at the top for a text overlay","logo, brand text, watermark, deformed limbs, extra fingers, low quality, blurry text, distorted face, cluttered, oversaturated, plastic look, duplicate furniture, broken perspective",pending,
yg_0905,팟,Pod,problem_agitate,문제 자극,"게이밍 의자, 오래 앉으면 배기지 않나요?",펜션·풀빌라 거실,반려견과 집사,스플릿 비교 컷,올리브 그린,9:16,1080x1920,릴스/스토리,"A premium oversized bean bag sofa (둥근 1인 의자형 빈백, 감싸는 듯한 곡선 실루엣), 올리브 그린 fabric color, a person with a small dog cuddling, vacation pension living room, premium resort vibe, split-screen before/after comparison layout, Korean home aesthetic, photorealistic, high-end interior photography, soft natural shadows, 8k, advertising quality, leave clean negative space at the top for a text overlay","logo, brand text, watermark, deformed limbs, extra fingers, low quality, blurry text, distorted face, cluttered, oversaturated, plastic look, duplicate furniture, broken perspective",pending,
yg_0906,허기보,Hugibo,asmr_sensory,감각·ASMR,"오늘 밤, 여기로 사라지고 싶다",감성 카페 라운지,20대 1인 가구 여성,로우앵글 임팩트,머스타드 옐로,4:5,1080x1350,피드 세로,"A premium oversized bean bag sofa (끌어안는 바디필로우형 빈백, 수면·포옹감 강조), 머스타드 옐로 fabric color, a young woman in her 20s living alone, relaxed, trendy cafe lounge interior, warm wood tones, dramatic low angle, product looks grand and inviting, Korean home aesthetic, photorealistic, high-end interior photography, soft natural shadows, 8k, advertising quality, leave clean negative space at the top for a text overlay","logo, brand text, watermark, deformed limbs, extra fingers, low quality, blurry text, distorted face, cluttered, oversaturated, plastic look, duplicate furniture, broken perspective",pending,
yg_0907,라운저,Lounger,curiosity_gap,호기심 갭,"이 소파, 3초만 앉으면 못 일어나는 이유",발코니·테라스,시니어 부모님,초근접 텍스처 클로즈업,라벤더,9:16,1080x1920,릴스/스토리,"A premium oversized bean bag sofa (등받이가 높은 1인 라운지형 빈백, 독서·휴식용), 라벤더 fabric color, an elderly parent resting comfortably, apartment balcony with plants and city view, extreme macro close-up of plush fabric texture, shallow depth of field, Korean home aesthetic, photorealistic, high-end interior photography, soft natural shadows, 8k, advertising quality, leave clean negative space at the top for a text overlay","logo, brand text, watermark, deformed limbs, extra fingers, low quality, blurry text, distorted face, cluttered, oversaturated, plastic look, duplicate furniture, broken perspective",pending,
yg_0908,슬림,Slim,fomo_scarcity,FOMO·희소성,"올여름 품절 1순위, 미리 보세요",겨울 러그 깔린 마루,20대 1인 가구 여성,푹 꺼지는 모션 블러,오트밀 화이트,9:16,1080x1920,릴스/스토리,"A premium oversized bean bag sofa (좁은 폭의 빈백, 1인 라운지 체어 형태), 오트밀 화이트 fabric color, a young woman in her 20s living alone, relaxed, winter living room with rug, cozy ondol floor warmth, motion-blur of a body sinking into the bean bag, dynamic, Korean home aesthetic, photorealistic, high-end interior photography, soft natural shadows, 8k, advertising quality, leave clean negative space at the top for a text overlay","logo, brand text, watermark, deformed limbs, extra fingers, low quality, blurry text, distorted face, cluttered, oversaturated, plastic look, duplicate furniture, broken perspective",pending,
yg_0909,피라미드,Pyramid,price_value,가치·합리화,비싸 보이지만 1평도 안 차지,캠핑·차박 텐트 안,책 읽는 학생,미니멀 제품 히어로,라벤더,4:5,1080x1350,피드 세로,"A premium oversized bean bag sofa (삼각 쿠션형 빈백, 등·허리 받침용 보조 쿠션), 라벤더 fabric color, a student reading a book, inside a camping tent / car-camping setup, lantern light, minimal product hero shot, soft gradient backdrop, studio light, Korean home aesthetic, photorealistic, high-end interior photography, soft natural shadows, 8k, advertising quality, leave clean negative space at the top for a text overlay","logo, brand text, watermark, deformed limbs, extra fingers, low quality, blurry text, distorted face, cluttered, oversaturated, plastic look, duplicate furniture, broken perspective",pending,
yg_0910,미니,Mini,pattern_interrupt,패턴 인터럽트,이런 식으로 앉는 거 처음 봄,무드등 켜진 밤 침실,아이와 부모 가족,오버헤드 부감,더스티 핑크,9:16,1080x1920,릴스/스토리,"A premium oversized bean bag sofa (1인용 소형 빈백, 가볍고 어디든 옮기는 컴팩트 사이즈), 더스티 핑크 fabric color, a parent and a child playing, dim bedroom at night with warm mood lighting, high overhead bird's-eye angle looking down, Korean home aesthetic, photorealistic, high-end interior photography, soft natural shadows, 8k, advertising quality, leave clean negative space at the top for a text overlay","logo, brand text, watermark, deformed limbs, extra fingers, low quality, blurry text, distorted face, cluttered, oversaturated, plastic look, duplicate furniture, broken perspective",pending,
yg_0911,미디,Midi,fomo_scarcity,FOMO·희소성,한정 컬러 — 재입고 없음,겨울 러그 깔린 마루,친구들 홈파티,탑다운 플랫레이,딥 네이비,4:5,1080x1350,피드 세로,"A premium oversized bean bag sofa (맥스의 컴팩트 버전, 청소년·소형 공간용 중형 빈백), 딥 네이비 fabric color, a few friends hanging out, casual home party, winter living room with rug, cozy ondol floor warmth, top-down flat lay composition, neatly arranged, Korean home aesthetic, photorealistic, high-end interior photography, soft natural shadows, 8k, advertising quality, leave clean negative space at the top for a text overlay","logo, brand text, watermark, deformed limbs, extra fingers, low quality, blurry text, distorted face, cluttered, oversaturated, plastic look, duplicate furniture, broken perspective",pending,
yg_0912,맥스,Max,before_after,비포·애프터,어제의 허리 vs 오늘의 허리,한강 피크닉 잔디,낮잠 자는 사람,파스텔 팝 컬러블록,크림 베이지,4:5,1080x1350,피드 세로,"A premium oversized bean bag sofa (6피트 풀사이즈 빈백 소파, 1인이 완전히 누울 수 있는 길이), 크림 베이지 fabric color, a person napping, eyes closed, blissful, Hangang river park lawn picnic, outdoor daytime, pastel pop color-block background, playful graphic style, Korean home aesthetic, photorealistic, high-end interior photography, soft natural shadows, 8k, advertising quality, leave clean negative space at the top for a text overlay","logo, brand text, watermark, deformed limbs, extra fingers, low quality, blurry text, distorted face, cluttered, oversaturated, plastic look, duplicate furniture, broken perspective",pending,
yg_0913,미디,Midi,season_hook,시즌·타이밍,"이사 시즌, 소파 대신 이것",미니멀 화이트 스튜디오,책 읽는 학생,다크 무드 라이팅,머스타드 옐로,1:1,1080x1080,피드 정방,"A premium oversized bean bag sofa (맥스의 컴팩트 버전, 청소년·소형 공간용 중형 빈백), 머스타드 옐로 fabric color, a student reading a book, clean white photo studio, seamless backdrop, dark moody lighting with a single warm light source, Korean home aesthetic, photorealistic, high-end interior photography, soft natural shadows, 8k, advertising quality, leave clean negative space at the top for a text overlay","logo, brand text, watermark, deformed limbs, extra fingers, low quality, blurry text, distorted face, cluttered, oversaturated, plastic look, duplicate furniture, broken perspective",pending,
yg_0914,미니,Mini,pattern_interrupt,패턴 인터럽트,이런 식으로 앉는 거 처음 봄,재택 홈오피스,책 읽는 학생,오버헤드 부감,머스타드 옐로,9:16,1080x1920,릴스/스토리,"A premium oversized bean bag sofa (1인용 소형 빈백, 가볍고 어디든 옮기는 컴팩트 사이즈), 머스타드 옐로 fabric color, a student reading a book, work-from-home office corner, laptop on a low table, high overhead bird's-eye angle looking down, Korean home aesthetic, photorealistic, high-end interior photography, soft natural shadows, 8k, advertising quality, leave clean negative space at the top for a text overlay","logo, brand text, watermark, deformed limbs, extra fingers, low quality, blurry text, distorted face, cluttered, oversaturated, plastic look, duplicate furniture, broken perspective",pending,
yg_0915,팟엑스,Pod X,before_after,비포·애프터,혼자 살기 전 → 혼자 살고 난 후의 거실,캠핑·차박 텐트 안,반려묘와 함께,초근접 텍스처 클로즈업,코발트 블루,4:5,1080x1350,피드 세로,"A premium oversized bean bag sofa (확장형 듀얼 라이너 빈백, 몸 굴곡에 반응하는 분절 패널), 코발트 블루 fabric color, a person with a cat curled up nearby, inside a camping tent / car-camping setup, lantern light, extreme macro close-up of plush fabric texture, shallow depth of field, Korean home aesthetic, photorealistic, high-end interior photography, soft natural shadows, 8k, advertising quality, leave clean negative space at the top for a text overlay","logo, brand text, watermark, deformed limbs, extra fingers, low quality, blurry text, distorted face, cluttered, oversaturated, plastic look, duplicate furniture, broken perspective",pending,
yg_0916,키즈,Kids,fomo_scarcity,FOMO·희소성,다들 이미 거실에 하나씩 들였대요,캠핑·차박 텐트 안,시니어 부모님,로우앵글 임팩트,딥 네이비,4:5,1080x1350,피드 세로,"A premium oversized bean bag sofa (유아·아동 안전 인증 소형 빈백, 밝은 컬러), 딥 네이비 fabric color, an elderly parent resting comfortably, inside a camping tent / car-camping setup, lantern light, dramatic low angle, product looks grand and inviting, Korean home aesthetic, photorealistic, high-end interior photography, soft natural shadows, 8k, advertising quality, leave clean negative space at the top for a text overlay","logo, brand text, watermark, deformed limbs, extra fingers, low quality, blurry text, distorted face, cluttered, oversaturated, plastic look, duplicate furniture, broken perspective",pending,
yg_0917,온돌,Ondol,price_value,가치·합리화,비싸 보이지만 1평도 안 차지,발코니·테라스,재택근무 직장인,로우앵글 임팩트,차콜 그레이,4:5,1080x1350,피드 세로,"A premium oversized bean bag sofa (겨울 발열 커버형 빈백, 전기요 호환), 차콜 그레이 fabric color, a remote worker taking a break, apartment balcony with plants and city view, dramatic low angle, product looks grand and inviting, Korean home aesthetic, photorealistic, high-end interior photography, soft natural shadows, 8k, advertising quality, leave clean negative space at the top for a text overlay","logo, brand text, watermark, deformed limbs, extra fingers, low quality, blurry text, distorted face, cluttered, oversaturated, plastic look, duplicate furniture, broken perspective",pending,
yg_0918,키즈,Kids,fomo_scarcity,FOMO·희소성,지금 안 보면 다음은 내년,키즈룸,시니어 부모님,라이프스타일 와이드,오트밀 화이트,4:5,1080x1350,피드 세로,"A premium oversized bean bag sofa (유아·아동 안전 인증 소형 빈백, 밝은 컬러), 오트밀 화이트 fabric color, an elderly parent resting comfortably, bright kids room with toys, playful pastel palette, wide lifestyle editorial shot, natural light, lived-in feel, Korean home aesthetic, photorealistic, high-end interior photography, soft natural shadows, 8k, advertising quality, leave clean negative space at the top for a text overlay","logo, brand text, watermark, deformed limbs, extra fingers, low quality, blurry text, distorted face, cluttered, oversaturated, plastic look, duplicate furniture, broken perspective",pending,
yg_0919,팟엑스,Pod X,pattern_interrupt,패턴 인터럽트,"잠깐, 저 사람 지금 소파 안으로 빨려 들어감",펜션·풀빌라 거실,제품 단독(인물 없음),파스텔 팝 컬러블록,라벤더,1:1,1080x1080,피드 정방,"A premium oversized bean bag sofa (확장형 듀얼 라이너 빈백, 몸 굴곡에 반응하는 분절 패널), 라벤더 fabric color, vacation pension living room, premium resort vibe, pastel pop color-block background, playful graphic style, Korean home aesthetic, photorealistic, high-end interior photography, soft natural shadows, 8k, advertising quality, leave clean negative space at the top for a text overlay","logo, brand text, watermark, deformed limbs, extra fingers, low quality, blurry text, distorted face, cluttered, oversaturated, plastic look, duplicate furniture, broken perspective",pending,
yg_0920,라운저,Lounger,humor_relatable,유머·공감,주말의 나: 요기보와 한 몸,햇살 드는 거실 창가,반려견과 집사,오버헤드 부감,코발트 블루,9:16,1080x1920,릴스/스토리,"A premium oversized bean bag sofa (등받이가 높은 1인 라운지형 빈백, 독서·휴식용), 코발트 블루 fabric color, a person with a small dog cuddling, sunlit living room by a large window, soft daylight, high overhead bird's-eye angle looking down, Korean home aesthetic, photorealistic, high-end interior photography, soft natural shadows, 8k, advertising quality, leave clean negative space at the top for a text overlay","logo, brand text, watermark, deformed limbs, extra fingers, low quality, blurry text, distorted face, cluttered, oversaturated, plastic look, duplicate furniture, broken perspective",pending,
yg_0921,키즈,Kids,pattern_interrupt,패턴 인터럽트,이런 식으로 앉는 거 처음 봄,감성 카페 라운지,제품 단독(인물 없음),골든아워 시네마틱,더스티 핑크,4:5,1080x1350,피드 세로,"A premium oversized bean bag sofa (유아·아동 안전 인증 소형 빈백, 밝은 컬러), 더스티 핑크 fabric color, trendy cafe lounge interior, warm wood tones, golden hour cinematic lighting, warm glow, film look, Korean home aesthetic, photorealistic, high-end interior photography, soft natural shadows, 8k, advertising quality, leave clean negative space at the top for a text overlay","logo, brand text, watermark, deformed limbs, extra fingers, low quality, blurry text, distorted face, cluttered, oversaturated, plastic look, duplicate furniture, broken perspective",pending,
yg_0922,라운저,Lounger,before_after,비포·애프터,소파 있을 때 vs 요기보 들인 후,햇살 드는 거실 창가,제품 단독(인물 없음),로우앵글 임팩트,오트밀 화이트,4:5,1080x1350,피드 세로,"A premium oversized bean bag sofa (등받이가 높은 1인 라운지형 빈백, 독서·휴식용), 오트밀 화이트 fabric color, sunlit living room by a large window, soft daylight, dramatic low angle, product looks grand and inviting, Korean home aesthetic, photorealistic, high-end interior photography, soft natural shadows, 8k, advertising quality, leave clean negative space at the top for a text overlay","logo, brand text, watermark, deformed limbs, extra fingers, low quality, blurry text, distorted face, cluttered, oversaturated, plastic look, duplicate furniture, broken perspective",pending,
yg_0923,더블,Double,season_hook,시즌·타이밍,"이사 시즌, 소파 대신 이것",키즈룸,반려묘와 함께,탑다운 플랫레이,딥 네이비,1:1,1080x1080,피드 정방,"A premium oversized bean bag sofa (맥스 2배 폭의 초대형 빈백, 커플·가족용 침대 겸용), 딥 네이비 fabric color, a person with a cat curled up nearby, bright kids room with toys, playful pastel palette, top-down flat lay composition, neatly arranged, Korean home aesthetic, photorealistic, high-end interior photography, soft natural shadows, 8k, advertising quality, leave clean negative space at the top for a text overlay","logo, brand text, watermark, deformed limbs, extra fingers, low quality, blurry text, distorted face, cluttered, oversaturated, plastic look, duplicate furniture, broken perspective",pending,
yg_0924,라운저,Lounger,price_value,가치·합리화,비싸 보이지만 1평도 안 차지,감성 카페 라운지,20대 1인 가구 여성,스플릿 비교 컷,차콜 그레이,4:5,1080x1350,피드 세로,"A premium oversized bean bag sofa (등받이가 높은 1인 라운지형 빈백, 독서·휴식용), 차콜 그레이 fabric color, a young woman in her 20s living alone, relaxed, trendy cafe lounge interior, warm wood tones, split-screen before/after comparison layout, Korean home aesthetic, photorealistic, high-end interior photography, soft natural shadows, 8k, advertising quality, leave clean negative space at the top for a text overlay","logo, brand text, watermark, deformed limbs, extra fingers, low quality, blurry text, distorted face, cluttered, oversaturated, plastic look, duplicate furniture, broken perspective",pending,
yg_0925,키즈,Kids,asmr_sensory,감각·ASMR,"이 촉감, 화면으로도 느껴지나요?",겨울 러그 깔린 마루,게이머 청년,스플릿 비교 컷,오트밀 화이트,4:5,1080x1350,피드 세로,"A premium oversized bean bag sofa (유아·아동 안전 인증 소형 빈백, 밝은 컬러), 오트밀 화이트 fabric color, a young gamer with a controller, winter living room with rug, cozy ondol floor warmth, split-screen before/after comparison layout, Korean home aesthetic, photorealistic, high-end interior photography, soft natural shadows, 8k, advertising quality, leave clean negative space at the top for a text overlay","logo, brand text, watermark, deformed limbs, extra fingers, low quality, blurry text, distorted face, cluttered, oversaturated, plastic look, duplicate furniture, broken perspective",pending,
yg_0926,드롭,Drop,fomo_scarcity,FOMO·희소성,지금 안 보면 다음은 내년,햇살 드는 거실 창가,제품 단독(인물 없음),라이프스타일 와이드,크림 베이지,1:1,1080x1080,피드 정방,"A premium oversized bean bag sofa (물방울 형태의 빈백 스툴, 발받침·보조 좌석용), 크림 베이지 fabric color, sunlit living room by a large window, soft daylight, wide lifestyle editorial shot, natural light, lived-in feel, Korean home aesthetic, photorealistic, high-end interior photography, soft natural shadows, 8k, advertising quality, leave clean negative space at the top for a text overlay","logo, brand text, watermark, deformed limbs, extra fingers, low quality, blurry text, distorted face, cluttered, oversaturated, plastic look, duplicate furniture, broken perspective",pending,
yg_0927,미디,Midi,season_hook,시즌·타이밍,환절기 허리에게 주는 선물,키즈룸,반려견과 집사,탑다운 플랫레이,테라코타,9:16,1080x1920,릴스/스토리,"A premium oversized bean bag sofa (맥스의 컴팩트 버전, 청소년·소형 공간용 중형 빈백), 테라코타 fabric color, a person with a small dog cuddling, bright kids room with toys, playful pastel palette, top-down flat lay composition, neatly arranged, Korean home aesthetic, photorealistic, high-end interior photography, soft natural shadows, 8k, advertising quality, leave clean negative space at the top for a text overlay","logo, brand text, watermark, deformed limbs, extra fingers, low quality, blurry text, distorted face, cluttered, oversaturated, plastic look, duplicate furniture, broken perspective",pending,
yg_0928,미니,Mini,aspiration,동경·라이프스타일,내가 꿈꾸던 거실은 이런 거였어,겨울 러그 깔린 마루,20대 1인 가구 여성,골든아워 시네마틱,크림 베이지,1:1,1080x1080,피드 정방,"A premium oversized bean bag sofa (1인용 소형 빈백, 가볍고 어디든 옮기는 컴팩트 사이즈), 크림 베이지 fabric color, a young woman in her 20s living alone, relaxed, winter living room with rug, cozy ondol floor warmth, golden hour cinematic lighting, warm glow, film look, Korean home aesthetic, photorealistic, high-end interior photography, soft natural shadows, 8k, advertising quality, leave clean negative space at the top for a text overlay","logo, brand text, watermark, deformed limbs, extra fingers, low quality, blurry text, distorted face, cluttered, oversaturated, plastic look, duplicate furniture, broken perspective",pending,
yg_0929,미디,Midi,pattern_interrupt,패턴 인터럽트,이 자세 실화냐,미니멀 화이트 스튜디오,책 읽는 학생,미니멀 제품 히어로,코발트 블루,1:1,1080x1080,피드 정방,"A premium oversized bean bag sofa (맥스의 컴팩트 버전, 청소년·소형 공간용 중형 빈백), 코발트 블루 fabric color, a student reading a book, clean white photo studio, seamless backdrop, minimal product hero shot, soft gradient backdrop, studio light, Korean home aesthetic, photorealistic, high-end interior photography, soft natural shadows, 8k, advertising quality, leave clean negative space at the top for a text overlay","logo, brand text, watermark, deformed limbs, extra fingers, low quality, blurry text, distorted face, cluttered, oversaturated, plastic look, duplicate furniture, broken perspective",pending,
yg_0930,미니,Mini,problem_agitate,문제 자극,소파에서 자고 일어나면 허리 아픈 당신에게,감성 카페 라운지,제품 단독(인물 없음),골든아워 시네마틱,올리브 그린,4:5,1080x1350,피드 세로,"A premium oversized bean bag sofa (1인용 소형 빈백, 가볍고 어디든 옮기는 컴팩트 사이즈), 올리브 그린 fabric color, trendy cafe lounge interior, warm wood tones, golden hour cinematic lighting, warm glow, film look, Korean home aesthetic, photorealistic, high-end interior photography, soft natural shadows, 8k, advertising quality, leave clean negative space at the top for a text overlay","logo, brand text, watermark, deformed limbs, extra fingers, low quality, blurry text, distorted face, cluttered, oversaturated, plastic look, duplicate furniture, broken perspective",pending,
yg_0931,더블,Double,before_after,비포·애프터,소파 있을 때 vs 요기보 들인 후,키즈룸,책 읽는 학생,다크 무드 라이팅,코발트 블루,9:16,1080x1920,릴스/스토리,"A premium oversized bean bag sofa (맥스 2배 폭의 초대형 빈백, 커플·가족용 침대 겸용), 코발트 블루 fabric color, a student reading a book, bright kids room with toys, playful pastel palette, dark moody lighting with a single warm light source, Korean home aesthetic, photorealistic, high-end interior photography, soft natural shadows, 8k, advertising quality, leave clean negative space at the top for a text overlay","logo, brand text, watermark, deformed limbs, extra fingers, low quality, blurry text, distorted face, cluttered, oversaturated, plastic look, duplicate furniture, broken perspective",pending,
yg_0932,팟엑스,Pod X,transformation,변신·다용도,"1개로 5가지 자세, 직접 보세요",펜션·풀빌라 거실,제품 단독(인물 없음),미니멀 제품 히어로,올리브 그린,4:5,1080x1350,피드 세로,"A premium oversized bean bag sofa (확장형 듀얼 라이너 빈백, 몸 굴곡에 반응하는 분절 패널), 올리브 그린 fabric color, vacation pension living room, premium resort vibe, minimal product hero shot, soft gradient backdrop, studio light, Korean home aesthetic, photorealistic, high-end interior photography, soft natural shadows, 8k, advertising quality, leave clean negative space at the top for a text overlay","logo, brand text, watermark, deformed limbs, extra fingers, low quality, blurry text, distorted face, cluttered, oversaturated, plastic look, duplicate furniture, broken perspective",pending,
yg_0933,키즈,Kids,transformation,변신·다용도,"1개로 5가지 자세, 직접 보세요",햇살 드는 거실 창가,게이머 청년,다크 무드 라이팅,더스티 핑크,9:16,1080x1920,릴스/스토리,"A premium oversized bean bag sofa (유아·아동 안전 인증 소형 빈백, 밝은 컬러), 더스티 핑크 fabric color, a young gamer with a controller, sunlit living room by a large window, soft daylight, dark moody lighting with a single warm light source, Korean home aesthetic, photorealistic, high-end interior photography, soft natural shadows, 8k, advertising quality, leave clean negative space at the top for a text overlay","logo, brand text, watermark, deformed limbs, extra fingers, low quality, blurry text, distorted face, cluttered, oversaturated, plastic look, duplicate furniture, broken perspective",pending,
yg_0934,더블,Double,asmr_sensory,감각·ASMR,손이 닿는 순간 멈추는 마법의 촉감,재택 홈오피스,친구들 홈파티,골든아워 시네마틱,오트밀 화이트,1:1,1080x1080,피드 정방,"A premium oversized bean bag sofa (맥스 2배 폭의 초대형 빈백, 커플·가족용 침대 겸용), 오트밀 화이트 fabric color, a few friends hanging out, casual home party, work-from-home office corner, laptop on a low table, golden hour cinematic lighting, warm glow, film look, Korean home aesthetic, photorealistic, high-end interior photography, soft natural shadows, 8k, advertising quality, leave clean negative space at the top for a text overlay","logo, brand text, watermark, deformed limbs, extra fingers, low quality, blurry text, distorted face, cluttered, oversaturated, plastic look, duplicate furniture, broken perspective",pending,
yg_0935,드롭,Drop,social_proof,사회적 증거,1인 가구가 가장 많이 산 가구 1위,서재 책장 앞,게이머 청년,라이프스타일 와이드,오트밀 화이트,9:16,1080x1920,릴스/스토리,"A premium oversized bean bag sofa (물방울 형태의 빈백 스툴, 발받침·보조 좌석용), 오트밀 화이트 fabric color, a young gamer with a controller, home library nook in front of bookshelves, wide lifestyle editorial shot, natural light, lived-in feel, Korean home aesthetic, photorealistic, high-end interior photography, soft natural shadows, 8k, advertising quality, leave clean negative space at the top for a text overlay","logo, brand text, watermark, deformed limbs, extra fingers, low quality, blurry text, distorted face, cluttered, oversaturated, plastic look, duplicate furniture, broken perspective",pending,
yg_0936,플로어,Floor,season_hook,시즌·타이밍,"이사 시즌, 소파 대신 이것",한강 피크닉 잔디,아이와 부모 가족,한 손 스케일 비교,테라코타,9:16,1080x1920,릴스/스토리,"A premium oversized bean bag sofa (좌식 문화 맞춤 초저높이 빈백), 테라코타 fabric color, a parent and a child playing, Hangang river park lawn picnic, outdoor daytime, hand or person for scale, emphasizing size and softness, Korean home aesthetic, photorealistic, high-end interior photography, soft natural shadows, 8k, advertising quality, leave clean negative space at the top for a text overlay","logo, brand text, watermark, deformed limbs, extra fingers, low quality, blurry text, distorted face, cluttered, oversaturated, plastic look, duplicate furniture, broken perspective",pending,
yg_0937,피라미드,Pyramid,season_hook,시즌·타이밍,"이사 시즌, 소파 대신 이것",한강 피크닉 잔디,다정한 커플,골든아워 시네마틱,딥 네이비,1:1,1080x1080,피드 정방,"A premium oversized bean bag sofa (삼각 쿠션형 빈백, 등·허리 받침용 보조 쿠션), 딥 네이비 fabric color, a cozy couple lounging together, Hangang river park lawn picnic, outdoor daytime, golden hour cinematic lighting, warm glow, film look, Korean home aesthetic, photorealistic, high-end interior photography, soft natural shadows, 8k, advertising quality, leave clean negative space at the top for a text overlay","logo, brand text, watermark, deformed limbs, extra fingers, low quality, blurry text, distorted face, cluttered, oversaturated, plastic look, duplicate furniture, broken perspective",pending,
yg_0938,맥스,Max,asmr_sensory,감각·ASMR,"오늘 밤, 여기로 사라지고 싶다",햇살 드는 거실 창가,책 읽는 학생,라이프스타일 와이드,차콜 그레이,1:1,1080x1080,피드 정방,"A premium oversized bean bag sofa (6피트 풀사이즈 빈백 소파, 1인이 완전히 누울 수 있는 길이), 차콜 그레이 fabric color, a student reading a book, sunlit living room by a large window, soft daylight, wide lifestyle editorial shot, natural light, lived-in feel, Korean home aesthetic, photorealistic, high-end interior photography, soft natural shadows, 8k, advertising quality, leave clean negative space at the top for a text overlay","logo, brand text, watermark, deformed limbs, extra fingers, low quality, blurry text, distorted face, cluttered, oversaturated, plastic look, duplicate furniture, broken perspective",pending,
yg_0939,플로어,Floor,social_proof,사회적 증거,1인 가구가 가장 많이 산 가구 1위,게이밍 셋업 방,제품 단독(인물 없음),스플릿 비교 컷,테라코타,4:5,1080x1350,피드 세로,"A premium oversized bean bag sofa (좌식 문화 맞춤 초저높이 빈백), 테라코타 fabric color, gaming room with RGB lights and a desk setup, split-screen before/after comparison layout, Korean home aesthetic, photorealistic, high-end interior photography, soft natural shadows, 8k, advertising quality, leave clean negative space at the top for a text overlay","logo, brand text, watermark, deformed limbs, extra fingers, low quality, blurry text, distorted face, cluttered, oversaturated, plastic look, duplicate furniture, broken perspective",pending,
yg_0940,맥스,Max,humor_relatable,유머·공감,약속 취소되자마자 향한 곳,아늑한 원룸,20대 1인 가구 여성,로우앵글 임팩트,오트밀 화이트,1:1,1080x1080,피드 정방,"A premium oversized bean bag sofa (6피트 풀사이즈 빈백 소파, 1인이 완전히 누울 수 있는 길이), 오트밀 화이트 fabric color, a young woman in her 20s living alone, relaxed, cozy compact studio apartment, minimal Korean interior, dramatic low angle, product looks grand and inviting, Korean home aesthetic, photorealistic, high-end interior photography, soft natural shadows, 8k, advertising quality, leave clean negative space at the top for a text overlay","logo, brand text, watermark, deformed limbs, extra fingers, low quality, blurry text, distorted face, cluttered, oversaturated, plastic look, duplicate furniture, broken perspective",pending,
yg_0941,슬림,Slim,price_value,가치·합리화,"10년 쓰는 소파, 커버만 갈면 새것",아늑한 원룸,재택근무 직장인,로우앵글 임팩트,머스타드 옐로,1:1,1080x1080,피드 정방,"A premium oversized bean bag sofa (좁은 폭의 빈백, 1인 라운지 체어 형태), 머스타드 옐로 fabric color, a remote worker taking a break, cozy compact studio apartment, minimal Korean interior, dramatic low angle, product looks grand and inviting, Korean home aesthetic, photorealistic, high-end interior photography, soft natural shadows, 8k, advertising quality, leave clean negative space at the top for a text overlay","logo, brand text, watermark, deformed limbs, extra fingers, low quality, blurry text, distorted face, cluttered, oversaturated, plastic look, duplicate furniture, broken perspective",pending,
yg_0942,미니,Mini,asmr_sensory,감각·ASMR,무중력으로 가라앉는 30초,한강 피크닉 잔디,다정한 커플,스플릿 비교 컷,코발트 블루,1:1,1080x1080,피드 정방,"A premium oversized bean bag sofa (1인용 소형 빈백, 가볍고 어디든 옮기는 컴팩트 사이즈), 코발트 블루 fabric color, a cozy couple lounging together, Hangang river park lawn picnic, outdoor daytime, split-screen before/after comparison layout, Korean home aesthetic, photorealistic, high-end interior photography, soft natural shadows, 8k, advertising quality, leave clean negative space at the top for a text overlay","logo, brand text, watermark, deformed limbs, extra fingers, low quality, blurry text, distorted face, cluttered, oversaturated, plastic look, duplicate furniture, broken perspective",pending,
yg_0943,프라임,Prime,season_hook,시즌·타이밍,환절기 허리에게 주는 선물,키즈룸,게이머 청년,미니멀 제품 히어로,올리브 그린,4:5,1080x1350,피드 세로,"A premium oversized bean bag sofa (슬림한 등받이형 빈백, 의자처럼 세워 앉기 좋은 형태), 올리브 그린 fabric color, a young gamer with a controller, bright kids room with toys, playful pastel palette, minimal product hero shot, soft gradient backdrop, studio light, Korean home aesthetic, photorealistic, high-end interior photography, soft natural shadows, 8k, advertising quality, leave clean negative space at the top for a text overlay","logo, brand text, watermark, deformed limbs, extra fingers, low quality, blurry text, distorted face, cluttered, oversaturated, plastic look, duplicate furniture, broken perspective",pending,
yg_0944,프라임,Prime,fomo_scarcity,FOMO·희소성,"올여름 품절 1순위, 미리 보세요",미니멀 화이트 스튜디오,20대 1인 가구 여성,미니멀 제품 히어로,더스티 핑크,4:5,1080x1350,피드 세로,"A premium oversized bean bag sofa (슬림한 등받이형 빈백, 의자처럼 세워 앉기 좋은 형태), 더스티 핑크 fabric color, a young woman in her 20s living alone, relaxed, clean white photo studio, seamless backdrop, minimal product hero shot, soft gradient backdrop, studio light, Korean home aesthetic, photorealistic, high-end interior photography, soft natural shadows, 8k, advertising quality, leave clean negative space at the top for a text overlay","logo, brand text, watermark, deformed limbs, extra fingers, low quality, blurry text, distorted face, cluttered, oversaturated, plastic look, duplicate furniture, broken perspective",pending,
yg_0945,드롭,Drop,fomo_scarcity,FOMO·희소성,"올여름 품절 1순위, 미리 보세요",무드등 켜진 밤 침실,낮잠 자는 사람,라이프스타일 와이드,테라코타,1:1,1080x1080,피드 정방,"A premium oversized bean bag sofa (물방울 형태의 빈백 스툴, 발받침·보조 좌석용), 테라코타 fabric color, a person napping, eyes closed, blissful, dim bedroom at night with warm mood lighting, wide lifestyle editorial shot, natural light, lived-in feel, Korean home aesthetic, photorealistic, high-end interior photography, soft natural shadows, 8k, advertising quality, leave clean negative space at the top for a text overlay","logo, brand text, watermark, deformed limbs, extra fingers, low quality, blurry text, distorted face, cluttered, oversaturated, plastic look, duplicate furniture, broken perspective",pending,
yg_0946,서포트,Support,before_after,비포·애프터,퇴근 전 vs 퇴근 후 내 모습,펜션·풀빌라 거실,낮잠 자는 사람,라이프스타일 와이드,라벤더,9:16,1080x1920,릴스/스토리,"A premium oversized bean bag sofa (U자형 받침 쿠션, 빈백과 결합해 리클라이너로 변신), 라벤더 fabric color, a person napping, eyes closed, blissful, vacation pension living room, premium resort vibe, wide lifestyle editorial shot, natural light, lived-in feel, Korean home aesthetic, photorealistic, high-end interior photography, soft natural shadows, 8k, advertising quality, leave clean negative space at the top for a text overlay","logo, brand text, watermark, deformed limbs, extra fingers, low quality, blurry text, distorted face, cluttered, oversaturated, plastic look, duplicate furniture, broken perspective",pending,
yg_0947,팟,Pod,humor_relatable,유머·공감,결국 가족 모두가 노리는 자리,펜션·풀빌라 거실,재택근무 직장인,다크 무드 라이팅,차콜 그레이,4:5,1080x1350,피드 세로,"A premium oversized bean bag sofa (둥근 1인 의자형 빈백, 감싸는 듯한 곡선 실루엣), 차콜 그레이 fabric color, a remote worker taking a break, vacation pension living room, premium resort vibe, dark moody lighting with a single warm light source, Korean home aesthetic, photorealistic, high-end interior photography, soft natural shadows, 8k, advertising quality, leave clean negative space at the top for a text overlay","logo, brand text, watermark, deformed limbs, extra fingers, low quality, blurry text, distorted face, cluttered, oversaturated, plastic look, duplicate furniture, broken perspective",pending,
yg_0948,프라임,Prime,asmr_sensory,감각·ASMR,손이 닿는 순간 멈추는 마법의 촉감,감성 카페 라운지,제품 단독(인물 없음),스플릿 비교 컷,딥 네이비,9:16,1080x1920,릴스/스토리,"A premium oversized bean bag sofa (슬림한 등받이형 빈백, 의자처럼 세워 앉기 좋은 형태), 딥 네이비 fabric color, trendy cafe lounge interior, warm wood tones, split-screen before/after comparison layout, Korean home aesthetic, photorealistic, high-end interior photography, soft natural shadows, 8k, advertising quality, leave clean negative space at the top for a text overlay","logo, brand text, watermark, deformed limbs, extra fingers, low quality, blurry text, distorted face, cluttered, oversaturated, plastic look, duplicate furniture, broken perspective",pending,
yg_0949,미디,Midi,season_hook,시즌·타이밍,"연말, 가족이 모이는 새 중심",펜션·풀빌라 거실,20대 1인 가구 여성,초근접 텍스처 클로즈업,올리브 그린,4:5,1080x1350,피드 세로,"A premium oversized bean bag sofa (맥스의 컴팩트 버전, 청소년·소형 공간용 중형 빈백), 올리브 그린 fabric color, a young woman in her 20s living alone, relaxed, vacation pension living room, premium resort vibe, extreme macro close-up of plush fabric texture, shallow depth of field, Korean home aesthetic, photorealistic, high-end interior photography, soft natural shadows, 8k, advertising quality, leave clean negative space at the top for a text overlay","logo, brand text, watermark, deformed limbs, extra fingers, low quality, blurry text, distorted face, cluttered, oversaturated, plastic look, duplicate furniture, broken perspective",pending,
yg_0950,피라미드,Pyramid,transformation,변신·다용도,"1개로 5가지 자세, 직접 보세요",감성 카페 라운지,20대 1인 가구 여성,오버헤드 부감,코발트 블루,9:16,1080x1920,릴스/스토리,"A premium oversized bean bag sofa (삼각 쿠션형 빈백, 등·허리 받침용 보조 쿠션), 코발트 블루 fabric color, a young woman in her 20s living alone, relaxed, trendy cafe lounge interior, warm wood tones, high overhead bird's-eye angle looking down, Korean home aesthetic, photorealistic, high-end interior photography, soft natural shadows, 8k, advertising quality, leave clean negative space at the top for a text overlay","logo, brand text, watermark, deformed limbs, extra fingers, low quality, blurry text, distorted face, cluttered, oversaturated, plastic look, duplicate furniture, broken perspective",pending,
yg_0951,서포트,Support,price_value,가치·합리화,"10년 쓰는 소파, 커버만 갈면 새것",미니멀 화이트 스튜디오,재택근무 직장인,오버헤드 부감,딥 네이비,9:16,1080x1920,릴스/스토리,"A premium oversized bean bag sofa (U자형 받침 쿠션, 빈백과 결합해 리클라이너로 변신), 딥 네이비 fabric color, a remote worker taking a break, clean white photo studio, seamless backdrop, high overhead bird's-eye angle looking down, Korean home aesthetic, photorealistic, high-end interior photography, soft natural shadows, 8k, advertising quality, leave clean negative space at the top for a text overlay","logo, brand text, watermark, deformed limbs, extra fingers, low quality, blurry text, distorted face, cluttered, oversaturated, plastic look, duplicate furniture, broken perspective",pending,
yg_0952,온돌,Ondol,asmr_sensory,감각·ASMR,무중력으로 가라앉는 30초,감성 카페 라운지,시니어 부모님,골든아워 시네마틱,올리브 그린,9:16,1080x1920,릴스/스토리,"A premium oversized bean bag sofa (겨울 발열 커버형 빈백, 전기요 호환), 올리브 그린 fabric color, an elderly parent resting comfortably, trendy cafe lounge interior, warm wood tones, golden hour cinematic lighting, warm glow, film look, Korean home aesthetic, photorealistic, high-end interior photography, soft natural shadows, 8k, advertising quality, leave clean negative space at the top for a text overlay","logo, brand text, watermark, deformed limbs, extra fingers, low quality, blurry text, distorted face, cluttered, oversaturated, plastic look, duplicate furniture, broken perspective",pending,
yg_0953,더블,Double,season_hook,시즌·타이밍,"이사 시즌, 소파 대신 이것",펜션·풀빌라 거실,재택근무 직장인,골든아워 시네마틱,더스티 핑크,4:5,1080x1350,피드 세로,"A premium oversized bean bag sofa (맥스 2배 폭의 초대형 빈백, 커플·가족용 침대 겸용), 더스티 핑크 fabric color, a remote worker taking a break, vacation pension living room, premium resort vibe, golden hour cinematic lighting, warm glow, film look, Korean home aesthetic, photorealistic, high-end interior photography, soft natural shadows, 8k, advertising quality, leave clean negative space at the top for a text overlay","logo, brand text, watermark, deformed limbs, extra fingers, low quality, blurry text, distorted face, cluttered, oversaturated, plastic look, duplicate furniture, broken perspective",pending,
yg_0954,플로어,Floor,fomo_scarcity,FOMO·희소성,지금 안 보면 다음은 내년,펜션·풀빌라 거실,아이와 부모 가족,탑다운 플랫레이,딥 네이비,9:16,1080x1920,릴스/스토리,"A premium oversized bean bag sofa (좌식 문화 맞춤 초저높이 빈백), 딥 네이비 fabric color, a parent and a child playing, vacation pension living room, premium resort vibe, top-down flat lay composition, neatly arranged, Korean home aesthetic, photorealistic, high-end interior photography, soft natural shadows, 8k, advertising quality, leave clean negative space at the top for a text overlay","logo, brand text, watermark, deformed limbs, extra fingers, low quality, blurry text, distorted face, cluttered, oversaturated, plastic look, duplicate furniture, broken perspective",pending,
yg_0955,팟,Pod,fomo_scarcity,FOMO·희소성,다들 이미 거실에 하나씩 들였대요,한강 피크닉 잔디,책 읽는 학생,라이프스타일 와이드,코발트 블루,4:5,1080x1350,피드 세로,"A premium oversized bean bag sofa (둥근 1인 의자형 빈백, 감싸는 듯한 곡선 실루엣), 코발트 블루 fabric color, a student reading a book, Hangang river park lawn picnic, outdoor daytime, wide lifestyle editorial shot, natural light, lived-in feel, Korean home aesthetic, photorealistic, high-end interior photography, soft natural shadows, 8k, advertising quality, leave clean negative space at the top for a text overlay","logo, brand text, watermark, deformed limbs, extra fingers, low quality, blurry text, distorted face, cluttered, oversaturated, plastic look, duplicate furniture, broken perspective",pending,
yg_0956,플로어,Floor,price_value,가치·합리화,"10년 쓰는 소파, 커버만 갈면 새것",게이밍 셋업 방,다정한 커플,초근접 텍스처 클로즈업,딥 네이비,1:1,1080x1080,피드 정방,"A premium oversized bean bag sofa (좌식 문화 맞춤 초저높이 빈백), 딥 네이비 fabric color, a cozy couple lounging together, gaming room with RGB lights and a desk setup, extreme macro close-up of plush fabric texture, shallow depth of field, Korean home aesthetic, photorealistic, high-end interior photography, soft natural shadows, 8k, advertising quality, leave clean negative space at the top for a text overlay","logo, brand text, watermark, deformed limbs, extra fingers, low quality, blurry text, distorted face, cluttered, oversaturated, plastic look, duplicate furniture, broken perspective",pending,
yg_0957,팟엑스,Pod X,pattern_interrupt,패턴 인터럽트,끝까지 안 보면 손해,캠핑·차박 텐트 안,재택근무 직장인,오버헤드 부감,코발트 블루,9:16,1080x1920,릴스/스토리,"A premium oversized bean bag sofa (확장형 듀얼 라이너 빈백, 몸 굴곡에 반응하는 분절 패널), 코발트 블루 fabric color, a remote worker taking a break, inside a camping tent / car-camping setup, lantern light, high overhead bird's-eye angle looking down, Korean home aesthetic, photorealistic, high-end interior photography, soft natural shadows, 8k, advertising quality, leave clean negative space at the top for a text overlay","logo, brand text, watermark, deformed limbs, extra fingers, low quality, blurry text, distorted face, cluttered, oversaturated, plastic look, duplicate furniture, broken perspective",pending,
yg_0958,플로어,Floor,curiosity_gap,호기심 갭,이걸 본 사람들이 소파를 버렸습니다,햇살 드는 거실 창가,반려견과 집사,초근접 텍스처 클로즈업,딥 네이비,9:16,1080x1920,릴스/스토리,"A premium oversized bean bag sofa (좌식 문화 맞춤 초저높이 빈백), 딥 네이비 fabric color, a person with a small dog cuddling, sunlit living room by a large window, soft daylight, extreme macro close-up of plush fabric texture, shallow depth of field, Korean home aesthetic, photorealistic, high-end interior photography, soft natural shadows, 8k, advertising quality, leave clean negative space at the top for a text overlay","logo, brand text, watermark, deformed limbs, extra fingers, low quality, blurry text, distorted face, cluttered, oversaturated, plastic look, duplicate furniture, broken perspective",pending,
yg_0959,슬림,Slim,problem_agitate,문제 자극,"게이밍 의자, 오래 앉으면 배기지 않나요?",미니멀 화이트 스튜디오,친구들 홈파티,파스텔 팝 컬러블록,코발트 블루,1:1,1080x1080,피드 정방,"A premium oversized bean bag sofa (좁은 폭의 빈백, 1인 라운지 체어 형태), 코발트 블루 fabric color, a few friends hanging out, casual home party, clean white photo studio, seamless backdrop, pastel pop color-block background, playful graphic style, Korean home aesthetic, photorealistic, high-end interior photography, soft natural shadows, 8k, advertising quality, leave clean negative space at the top for a text overlay","logo, brand text, watermark, deformed limbs, extra fingers, low quality, blurry text, distorted face, cluttered, oversaturated, plastic look, duplicate furniture, broken perspective",pending,
yg_0960,펫,Pet,before_after,비포·애프터,딱딱한 거실 → 3초 만에 라운지로,한강 피크닉 잔디,반려묘와 함께,푹 꺼지는 모션 블러,딥 네이비,4:5,1080x1350,피드 세로,"A premium oversized bean bag sofa (방수·항균·발톱 저항 커버의 반려동물용 빈백), 딥 네이비 fabric color, a person with a cat curled up nearby, Hangang river park lawn picnic, outdoor daytime, motion-blur of a body sinking into the bean bag, dynamic, Korean home aesthetic, photorealistic, high-end interior photography, soft natural shadows, 8k, advertising quality, leave clean negative space at the top for a text overlay","logo, brand text, watermark, deformed limbs, extra fingers, low quality, blurry text, distorted face, cluttered, oversaturated, plastic look, duplicate furniture, broken perspective",pending,
yg_0961,온돌,Ondol,season_hook,시즌·타이밍,"장마철, 집이 가장 좋아지는 이유",햇살 드는 거실 창가,낮잠 자는 사람,로우앵글 임팩트,테라코타,1:1,1080x1080,피드 정방,"A premium oversized bean bag sofa (겨울 발열 커버형 빈백, 전기요 호환), 테라코타 fabric color, a person napping, eyes closed, blissful, sunlit living room by a large window, soft daylight, dramatic low angle, product looks grand and inviting, Korean home aesthetic, photorealistic, high-end interior photography, soft natural shadows, 8k, advertising quality, leave clean negative space at the top for a text overlay","logo, brand text, watermark, deformed limbs, extra fingers, low quality, blurry text, distorted face, cluttered, oversaturated, plastic look, duplicate furniture, broken perspective",pending,
yg_0962,미디,Midi,curiosity_gap,호기심 갭,이걸 본 사람들이 소파를 버렸습니다,무드등 켜진 밤 침실,친구들 홈파티,초근접 텍스처 클로즈업,차콜 그레이,9:16,1080x1920,릴스/스토리,"A premium oversized bean bag sofa (맥스의 컴팩트 버전, 청소년·소형 공간용 중형 빈백), 차콜 그레이 fabric color, a few friends hanging out, casual home party, dim bedroom at night with warm mood lighting, extreme macro close-up of plush fabric texture, shallow depth of field, Korean home aesthetic, photorealistic, high-end interior photography, soft natural shadows, 8k, advertising quality, leave clean negative space at the top for a text overlay","logo, brand text, watermark, deformed limbs, extra fingers, low quality, blurry text, distorted face, cluttered, oversaturated, plastic look, duplicate furniture, broken perspective",pending,
yg_0963,미니,Mini,humor_relatable,유머·공감,강아지에게 자리 뺏긴 1인,아늑한 원룸,재택근무 직장인,라이프스타일 와이드,오트밀 화이트,1:1,1080x1080,피드 정방,"A premium oversized bean bag sofa (1인용 소형 빈백, 가볍고 어디든 옮기는 컴팩트 사이즈), 오트밀 화이트 fabric color, a remote worker taking a break, cozy compact studio apartment, minimal Korean interior, wide lifestyle editorial shot, natural light, lived-in feel, Korean home aesthetic, photorealistic, high-end interior photography, soft natural shadows, 8k, advertising quality, leave clean negative space at the top for a text overlay","logo, brand text, watermark, deformed limbs, extra fingers, low quality, blurry text, distorted face, cluttered, oversaturated, plastic look, duplicate furniture, broken perspective",pending,
yg_0964,팟엑스,Pod X,asmr_sensory,감각·ASMR,무중력으로 가라앉는 30초,미니멀 화이트 스튜디오,아이와 부모 가족,미니멀 제품 히어로,머스타드 옐로,9:16,1080x1920,릴스/스토리,"A premium oversized bean bag sofa (확장형 듀얼 라이너 빈백, 몸 굴곡에 반응하는 분절 패널), 머스타드 옐로 fabric color, a parent and a child playing, clean white photo studio, seamless backdrop, minimal product hero shot, soft gradient backdrop, studio light, Korean home aesthetic, photorealistic, high-end interior photography, soft natural shadows, 8k, advertising quality, leave clean negative space at the top for a text overlay","logo, brand text, watermark, deformed limbs, extra fingers, low quality, blurry text, distorted face, cluttered, oversaturated, plastic look, duplicate furniture, broken perspective",pending,
yg_0965,슬림,Slim,season_hook,시즌·타이밍,환절기 허리에게 주는 선물,감성 카페 라운지,시니어 부모님,탑다운 플랫레이,테라코타,4:5,1080x1350,피드 세로,"A premium oversized bean bag sofa (좁은 폭의 빈백, 1인 라운지 체어 형태), 테라코타 fabric color, an elderly parent resting comfortably, trendy cafe lounge interior, warm wood tones, top-down flat lay composition, neatly arranged, Korean home aesthetic, photorealistic, high-end interior photography, soft natural shadows, 8k, advertising quality, leave clean negative space at the top for a text overlay","logo, brand text, watermark, deformed limbs, extra fingers, low quality, blurry text, distorted face, cluttered, oversaturated, plastic look, duplicate furniture, broken perspective",pending,
yg_0966,미니,Mini,social_proof,사회적 증거,연예인 자취방에 다 있다는 그것,아늑한 원룸,재택근무 직장인,스플릿 비교 컷,머스타드 옐로,4:5,1080x1350,피드 세로,"A premium oversized bean bag sofa (1인용 소형 빈백, 가볍고 어디든 옮기는 컴팩트 사이즈), 머스타드 옐로 fabric color, a remote worker taking a break, cozy compact studio apartment, minimal Korean interior, split-screen before/after comparison layout, Korean home aesthetic, photorealistic, high-end interior photography, soft natural shadows, 8k, advertising quality, leave clean negative space at the top for a text overlay","logo, brand text, watermark, deformed limbs, extra fingers, low quality, blurry text, distorted face, cluttered, oversaturated, plastic look, duplicate furniture, broken perspective",pending,
yg_0967,허기보,Hugibo,aspiration,동경·라이프스타일,"남의 집 같던 그 무드, 우리집에",무드등 켜진 밤 침실,낮잠 자는 사람,푹 꺼지는 모션 블러,딥 네이비,4:5,1080x1350,피드 세로,"A premium oversized bean bag sofa (끌어안는 바디필로우형 빈백, 수면·포옹감 강조), 딥 네이비 fabric color, a person napping, eyes closed, blissful, dim bedroom at night with warm mood lighting, motion-blur of a body sinking into the bean bag, dynamic, Korean home aesthetic, photorealistic, high-end interior photography, soft natural shadows, 8k, advertising quality, leave clean negative space at the top for a text overlay","logo, brand text, watermark, deformed limbs, extra fingers, low quality, blurry text, distorted face, cluttered, oversaturated, plastic look, duplicate furniture, broken perspective",pending,
yg_0968,슬림,Slim,season_hook,시즌·타이밍,"장마철, 집이 가장 좋아지는 이유",감성 카페 라운지,책 읽는 학생,탑다운 플랫레이,코발트 블루,4:5,1080x1350,피드 세로,"A premium oversized bean bag sofa (좁은 폭의 빈백, 1인 라운지 체어 형태), 코발트 블루 fabric color, a student reading a book, trendy cafe lounge interior, warm wood tones, top-down flat lay composition, neatly arranged, Korean home aesthetic, photorealistic, high-end interior photography, soft natural shadows, 8k, advertising quality, leave clean negative space at the top for a text overlay","logo, brand text, watermark, deformed limbs, extra fingers, low quality, blurry text, distorted face, cluttered, oversaturated, plastic look, duplicate furniture, broken perspective",pending,
yg_0969,맥스,Max,curiosity_gap,호기심 갭,이게 소파라고? 끝까지 보면 놀람,무드등 켜진 밤 침실,재택근무 직장인,한 손 스케일 비교,올리브 그린,9:16,1080x1920,릴스/스토리,"A premium oversized bean bag sofa (6피트 풀사이즈 빈백 소파, 1인이 완전히 누울 수 있는 길이), 올리브 그린 fabric color, a remote worker taking a break, dim bedroom at night with warm mood lighting, hand or person for scale, emphasizing size and softness, Korean home aesthetic, photorealistic, high-end interior photography, soft natural shadows, 8k, advertising quality, leave clean negative space at the top for a text overlay","logo, brand text, watermark, deformed limbs, extra fingers, low quality, blurry text, distorted face, cluttered, oversaturated, plastic look, duplicate furniture, broken perspective",pending,
yg_0970,온돌,Ondol,price_value,가치·합리화,버리는 소파 vs 평생 가는 소파,무드등 켜진 밤 침실,아이와 부모 가족,탑다운 플랫레이,라벤더,9:16,1080x1920,릴스/스토리,"A premium oversized bean bag sofa (겨울 발열 커버형 빈백, 전기요 호환), 라벤더 fabric color, a parent and a child playing, dim bedroom at night with warm mood lighting, top-down flat lay composition, neatly arranged, Korean home aesthetic, photorealistic, high-end interior photography, soft natural shadows, 8k, advertising quality, leave clean negative space at the top for a text overlay","logo, brand text, watermark, deformed limbs, extra fingers, low quality, blurry text, distorted face, cluttered, oversaturated, plastic look, duplicate furniture, broken perspective",pending,
yg_0971,미니 K,Mini K,problem_agitate,문제 자극,소파에서 자고 일어나면 허리 아픈 당신에게,무드등 켜진 밤 침실,반려묘와 함께,한 손 스케일 비교,오트밀 화이트,4:5,1080x1350,피드 세로,"A premium oversized bean bag sofa (원룸·15평 이하 전용 초소형 빈백), 오트밀 화이트 fabric color, a person with a cat curled up nearby, dim bedroom at night with warm mood lighting, hand or person for scale, emphasizing size and softness, Korean home aesthetic, photorealistic, high-end interior photography, soft natural shadows, 8k, advertising quality, leave clean negative space at the top for a text overlay","logo, brand text, watermark, deformed limbs, extra fingers, low quality, blurry text, distorted face, cluttered, oversaturated, plastic look, duplicate furniture, broken perspective",pending,
yg_0972,온돌,Ondol,humor_relatable,유머·공감,결국 가족 모두가 노리는 자리,아늑한 원룸,친구들 홈파티,스플릿 비교 컷,머스타드 옐로,4:5,1080x1350,피드 세로,"A premium oversized bean bag sofa (겨울 발열 커버형 빈백, 전기요 호환), 머스타드 옐로 fabric color, a few friends hanging out, casual home party, cozy compact studio apartment, minimal Korean interior, split-screen before/after comparison layout, Korean home aesthetic, photorealistic, high-end interior photography, soft natural shadows, 8k, advertising quality, leave clean negative space at the top for a text overlay","logo, brand text, watermark, deformed limbs, extra fingers, low quality, blurry text, distorted face, cluttered, oversaturated, plastic look, duplicate furniture, broken perspective",pending,
yg_0973,펫,Pet,problem_agitate,문제 자극,소파에서 자고 일어나면 허리 아픈 당신에게,게이밍 셋업 방,재택근무 직장인,오버헤드 부감,오트밀 화이트,9:16,1080x1920,릴스/스토리,"A premium oversized bean bag sofa (방수·항균·발톱 저항 커버의 반려동물용 빈백), 오트밀 화이트 fabric color, a remote worker taking a break, gaming room with RGB lights and a desk setup, high overhead bird's-eye angle looking down, Korean home aesthetic, photorealistic, high-end interior photography, soft natural shadows, 8k, advertising quality, leave clean negative space at the top for a text overlay","logo, brand text, watermark, deformed limbs, extra fingers, low quality, blurry text, distorted face, cluttered, oversaturated, plastic look, duplicate furniture, broken perspective",pending,
yg_0974,펫,Pet,aspiration,동경·라이프스타일,"이런 주말, 가져본 적 있나요",게이밍 셋업 방,낮잠 자는 사람,파스텔 팝 컬러블록,올리브 그린,4:5,1080x1350,피드 세로,"A premium oversized bean bag sofa (방수·항균·발톱 저항 커버의 반려동물용 빈백), 올리브 그린 fabric color, a person napping, eyes closed, blissful, gaming room with RGB lights and a desk setup, pastel pop color-block background, playful graphic style, Korean home aesthetic, photorealistic, high-end interior photography, soft natural shadows, 8k, advertising quality, leave clean negative space at the top for a text overlay","logo, brand text, watermark, deformed limbs, extra fingers, low quality, blurry text, distorted face, cluttered, oversaturated, plastic look, duplicate furniture, broken perspective",pending,
yg_0975,팟,Pod,asmr_sensory,감각·ASMR,손이 닿는 순간 멈추는 마법의 촉감,미니멀 화이트 스튜디오,다정한 커플,파스텔 팝 컬러블록,코발트 블루,4:5,1080x1350,피드 세로,"A premium oversized bean bag sofa (둥근 1인 의자형 빈백, 감싸는 듯한 곡선 실루엣), 코발트 블루 fabric color, a cozy couple lounging together, clean white photo studio, seamless backdrop, pastel pop color-block background, playful graphic style, Korean home aesthetic, photorealistic, high-end interior photography, soft natural shadows, 8k, advertising quality, leave clean negative space at the top for a text overlay","logo, brand text, watermark, deformed limbs, extra fingers, low quality, blurry text, distorted face, cluttered, oversaturated, plastic look, duplicate furniture, broken perspective",pending,
yg_0976,미니,Mini,season_hook,시즌·타이밍,환절기 허리에게 주는 선물,햇살 드는 거실 창가,20대 1인 가구 여성,파스텔 팝 컬러블록,올리브 그린,4:5,1080x1350,피드 세로,"A premium oversized bean bag sofa (1인용 소형 빈백, 가볍고 어디든 옮기는 컴팩트 사이즈), 올리브 그린 fabric color, a young woman in her 20s living alone, relaxed, sunlit living room by a large window, soft daylight, pastel pop color-block background, playful graphic style, Korean home aesthetic, photorealistic, high-end interior photography, soft natural shadows, 8k, advertising quality, leave clean negative space at the top for a text overlay","logo, brand text, watermark, deformed limbs, extra fingers, low quality, blurry text, distorted face, cluttered, oversaturated, plastic look, duplicate furniture, broken perspective",pending,
yg_0977,미니 K,Mini K,fomo_scarcity,FOMO·희소성,"이 컬러, 곧 사라집니다",발코니·테라스,반려묘와 함께,다크 무드 라이팅,차콜 그레이,4:5,1080x1350,피드 세로,"A premium oversized bean bag sofa (원룸·15평 이하 전용 초소형 빈백), 차콜 그레이 fabric color, a person with a cat curled up nearby, apartment balcony with plants and city view, dark moody lighting with a single warm light source, Korean home aesthetic, photorealistic, high-end interior photography, soft natural shadows, 8k, advertising quality, leave clean negative space at the top for a text overlay","logo, brand text, watermark, deformed limbs, extra fingers, low quality, blurry text, distorted face, cluttered, oversaturated, plastic look, duplicate furniture, broken perspective",pending,
yg_0978,펫,Pet,before_after,비포·애프터,혼자 살기 전 → 혼자 살고 난 후의 거실,무드등 켜진 밤 침실,20대 1인 가구 여성,다크 무드 라이팅,차콜 그레이,4:5,1080x1350,피드 세로,"A premium oversized bean bag sofa (방수·항균·발톱 저항 커버의 반려동물용 빈백), 차콜 그레이 fabric color, a young woman in her 20s living alone, relaxed, dim bedroom at night with warm mood lighting, dark moody lighting with a single warm light source, Korean home aesthetic, photorealistic, high-end interior photography, soft natural shadows, 8k, advertising quality, leave clean negative space at the top for a text overlay","logo, brand text, watermark, deformed limbs, extra fingers, low quality, blurry text, distorted face, cluttered, oversaturated, plastic look, duplicate furniture, broken perspective",pending,
yg_0979,팟엑스,Pod X,price_value,가치·합리화,버리는 소파 vs 평생 가는 소파,키즈룸,반려묘와 함께,로우앵글 임팩트,머스타드 옐로,4:5,1080x1350,피드 세로,"A premium oversized bean bag sofa (확장형 듀얼 라이너 빈백, 몸 굴곡에 반응하는 분절 패널), 머스타드 옐로 fabric color, a person with a cat curled up nearby, bright kids room with toys, playful pastel palette, dramatic low angle, product looks grand and inviting, Korean home aesthetic, photorealistic, high-end interior photography, soft natural shadows, 8k, advertising quality, leave clean negative space at the top for a text overlay","logo, brand text, watermark, deformed limbs, extra fingers, low quality, blurry text, distorted face, cluttered, oversaturated, plastic look, duplicate furniture, broken perspective",pending,
yg_0980,피라미드,Pyramid,problem_agitate,문제 자극,"비싼 소파, 커버는 왜 못 빨까?",미니멀 화이트 스튜디오,재택근무 직장인,골든아워 시네마틱,차콜 그레이,4:5,1080x1350,피드 세로,"A premium oversized bean bag sofa (삼각 쿠션형 빈백, 등·허리 받침용 보조 쿠션), 차콜 그레이 fabric color, a remote worker taking a break, clean white photo studio, seamless backdrop, golden hour cinematic lighting, warm glow, film look, Korean home aesthetic, photorealistic, high-end interior photography, soft natural shadows, 8k, advertising quality, leave clean negative space at the top for a text overlay","logo, brand text, watermark, deformed limbs, extra fingers, low quality, blurry text, distorted face, cluttered, oversaturated, plastic look, duplicate furniture, broken perspective",pending,
yg_0981,미니 K,Mini K,problem_agitate,문제 자극,원룸이라 소파는 포기했다고요?,캠핑·차박 텐트 안,아이와 부모 가족,라이프스타일 와이드,오트밀 화이트,9:16,1080x1920,릴스/스토리,"A premium oversized bean bag sofa (원룸·15평 이하 전용 초소형 빈백), 오트밀 화이트 fabric color, a parent and a child playing, inside a camping tent / car-camping setup, lantern light, wide lifestyle editorial shot, natural light, lived-in feel, Korean home aesthetic, photorealistic, high-end interior photography, soft natural shadows, 8k, advertising quality, leave clean negative space at the top for a text overlay","logo, brand text, watermark, deformed limbs, extra fingers, low quality, blurry text, distorted face, cluttered, oversaturated, plastic look, duplicate furniture, broken perspective",pending,
yg_0982,더블,Double,transformation,변신·다용도,"1개로 5가지 자세, 직접 보세요",무드등 켜진 밤 침실,아이와 부모 가족,로우앵글 임팩트,크림 베이지,9:16,1080x1920,릴스/스토리,"A premium oversized bean bag sofa (맥스 2배 폭의 초대형 빈백, 커플·가족용 침대 겸용), 크림 베이지 fabric color, a parent and a child playing, dim bedroom at night with warm mood lighting, dramatic low angle, product looks grand and inviting, Korean home aesthetic, photorealistic, high-end interior photography, soft natural shadows, 8k, advertising quality, leave clean negative space at the top for a text overlay","logo, brand text, watermark, deformed limbs, extra fingers, low quality, blurry text, distorted face, cluttered, oversaturated, plastic look, duplicate furniture, broken perspective",pending,
yg_0983,허기보,Hugibo,before_after,비포·애프터,소파 있을 때 vs 요기보 들인 후,키즈룸,제품 단독(인물 없음),푹 꺼지는 모션 블러,올리브 그린,4:5,1080x1350,피드 세로,"A premium oversized bean bag sofa (끌어안는 바디필로우형 빈백, 수면·포옹감 강조), 올리브 그린 fabric color, bright kids room with toys, playful pastel palette, motion-blur of a body sinking into the bean bag, dynamic, Korean home aesthetic, photorealistic, high-end interior photography, soft natural shadows, 8k, advertising quality, leave clean negative space at the top for a text overlay","logo, brand text, watermark, deformed limbs, extra fingers, low quality, blurry text, distorted face, cluttered, oversaturated, plastic look, duplicate furniture, broken perspective",pending,
yg_0984,피라미드,Pyramid,before_after,비포·애프터,딱딱한 거실 → 3초 만에 라운지로,햇살 드는 거실 창가,제품 단독(인물 없음),로우앵글 임팩트,올리브 그린,4:5,1080x1350,피드 세로,"A premium oversized bean bag sofa (삼각 쿠션형 빈백, 등·허리 받침용 보조 쿠션), 올리브 그린 fabric color, sunlit living room by a large window, soft daylight, dramatic low angle, product looks grand and inviting, Korean home aesthetic, photorealistic, high-end interior photography, soft natural shadows, 8k, advertising quality, leave clean negative space at the top for a text overlay","logo, brand text, watermark, deformed limbs, extra fingers, low quality, blurry text, distorted face, cluttered, oversaturated, plastic look, duplicate furniture, broken perspective",pending,
yg_0985,슬림,Slim,pattern_interrupt,패턴 인터럽트,끝까지 안 보면 손해,키즈룸,책 읽는 학생,탑다운 플랫레이,테라코타,4:5,1080x1350,피드 세로,"A premium oversized bean bag sofa (좁은 폭의 빈백, 1인 라운지 체어 형태), 테라코타 fabric color, a student reading a book, bright kids room with toys, playful pastel palette, top-down flat lay composition, neatly arranged, Korean home aesthetic, photorealistic, high-end interior photography, soft natural shadows, 8k, advertising quality, leave clean negative space at the top for a text overlay","logo, brand text, watermark, deformed limbs, extra fingers, low quality, blurry text, distorted face, cluttered, oversaturated, plastic look, duplicate furniture, broken perspective",pending,
yg_0986,미니,Mini,season_hook,시즌·타이밍,"이사 시즌, 소파 대신 이것",감성 카페 라운지,다정한 커플,로우앵글 임팩트,테라코타,4:5,1080x1350,피드 세로,"A premium oversized bean bag sofa (1인용 소형 빈백, 가볍고 어디든 옮기는 컴팩트 사이즈), 테라코타 fabric color, a cozy couple lounging together, trendy cafe lounge interior, warm wood tones, dramatic low angle, product looks grand and inviting, Korean home aesthetic, photorealistic, high-end interior photography, soft natural shadows, 8k, advertising quality, leave clean negative space at the top for a text overlay","logo, brand text, watermark, deformed limbs, extra fingers, low quality, blurry text, distorted face, cluttered, oversaturated, plastic look, duplicate furniture, broken perspective",pending,
yg_0987,미니 K,Mini K,aspiration,동경·라이프스타일,퇴근하고 싶어지는 집의 비밀,키즈룸,아이와 부모 가족,로우앵글 임팩트,코발트 블루,4:5,1080x1350,피드 세로,"A premium oversized bean bag sofa (원룸·15평 이하 전용 초소형 빈백), 코발트 블루 fabric color, a parent and a child playing, bright kids room with toys, playful pastel palette, dramatic low angle, product looks grand and inviting, Korean home aesthetic, photorealistic, high-end interior photography, soft natural shadows, 8k, advertising quality, leave clean negative space at the top for a text overlay","logo, brand text, watermark, deformed limbs, extra fingers, low quality, blurry text, distorted face, cluttered, oversaturated, plastic look, duplicate furniture, broken perspective",pending,
yg_0988,맥스,Max,price_value,가치·합리화,"10년 쓰는 소파, 커버만 갈면 새것",캠핑·차박 텐트 안,제품 단독(인물 없음),푹 꺼지는 모션 블러,더스티 핑크,9:16,1080x1920,릴스/스토리,"A premium oversized bean bag sofa (6피트 풀사이즈 빈백 소파, 1인이 완전히 누울 수 있는 길이), 더스티 핑크 fabric color, inside a camping tent / car-camping setup, lantern light, motion-blur of a body sinking into the bean bag, dynamic, Korean home aesthetic, photorealistic, high-end interior photography, soft natural shadows, 8k, advertising quality, leave clean negative space at the top for a text overlay","logo, brand text, watermark, deformed limbs, extra fingers, low quality, blurry text, distorted face, cluttered, oversaturated, plastic look, duplicate furniture, broken perspective",pending,
yg_0989,팟엑스,Pod X,humor_relatable,유머·공감,강아지에게 자리 뺏긴 1인,무드등 켜진 밤 침실,반려묘와 함께,초근접 텍스처 클로즈업,딥 네이비,4:5,1080x1350,피드 세로,"A premium oversized bean bag sofa (확장형 듀얼 라이너 빈백, 몸 굴곡에 반응하는 분절 패널), 딥 네이비 fabric color, a person with a cat curled up nearby, dim bedroom at night with warm mood lighting, extreme macro close-up of plush fabric texture, shallow depth of field, Korean home aesthetic, photorealistic, high-end interior photography, soft natural shadows, 8k, advertising quality, leave clean negative space at the top for a text overlay","logo, brand text, watermark, deformed limbs, extra fingers, low quality, blurry text, distorted face, cluttered, oversaturated, plastic look, duplicate furniture, broken perspective",pending,
yg_0990,온돌,Ondol,price_value,가치·합리화,비싸 보이지만 1평도 안 차지,미니멀 화이트 스튜디오,시니어 부모님,초근접 텍스처 클로즈업,라벤더,9:16,1080x1920,릴스/스토리,"A premium oversized bean bag sofa (겨울 발열 커버형 빈백, 전기요 호환), 라벤더 fabric color, an elderly parent resting comfortably, clean white photo studio, seamless backdrop, extreme macro close-up of plush fabric texture, shallow depth of field, Korean home aesthetic, photorealistic, high-end interior photography, soft natural shadows, 8k, advertising quality, leave clean negative space at the top for a text overlay","logo, brand text, watermark, deformed limbs, extra fingers, low quality, blurry text, distorted face, cluttered, oversaturated, plastic look, duplicate furniture, broken perspective",pending,
yg_0991,온돌,Ondol,price_value,가치·합리화,비싸 보이지만 1평도 안 차지,겨울 러그 깔린 마루,재택근무 직장인,다크 무드 라이팅,테라코타,4:5,1080x1350,피드 세로,"A premium oversized bean bag sofa (겨울 발열 커버형 빈백, 전기요 호환), 테라코타 fabric color, a remote worker taking a break, winter living room with rug, cozy ondol floor warmth, dark moody lighting with a single warm light source, Korean home aesthetic, photorealistic, high-end interior photography, soft natural shadows, 8k, advertising quality, leave clean negative space at the top for a text overlay","logo, brand text, watermark, deformed limbs, extra fingers, low quality, blurry text, distorted face, cluttered, oversaturated, plastic look, duplicate furniture, broken perspective",pending,
yg_0992,펫,Pet,curiosity_gap,호기심 갭,왜 다들 침대를 두고 여기서 잘까?,한강 피크닉 잔디,제품 단독(인물 없음),미니멀 제품 히어로,크림 베이지,9:16,1080x1920,릴스/스토리,"A premium oversized bean bag sofa (방수·항균·발톱 저항 커버의 반려동물용 빈백), 크림 베이지 fabric color, Hangang river park lawn picnic, outdoor daytime, minimal product hero shot, soft gradient backdrop, studio light, Korean home aesthetic, photorealistic, high-end interior photography, soft natural shadows, 8k, advertising quality, leave clean negative space at the top for a text overlay","logo, brand text, watermark, deformed limbs, extra fingers, low quality, blurry text, distorted face, cluttered, oversaturated, plastic look, duplicate furniture, broken perspective",pending,
yg_0993,라운저,Lounger,problem_agitate,문제 자극,원룸이라 소파는 포기했다고요?,펜션·풀빌라 거실,재택근무 직장인,초근접 텍스처 클로즈업,올리브 그린,4:5,1080x1350,피드 세로,"A premium oversized bean bag sofa (등받이가 높은 1인 라운지형 빈백, 독서·휴식용), 올리브 그린 fabric color, a remote worker taking a break, vacation pension living room, premium resort vibe, extreme macro close-up of plush fabric texture, shallow depth of field, Korean home aesthetic, photorealistic, high-end interior photography, soft natural shadows, 8k, advertising quality, leave clean negative space at the top for a text overlay","logo, brand text, watermark, deformed limbs, extra fingers, low quality, blurry text, distorted face, cluttered, oversaturated, plastic look, duplicate furniture, broken perspective",pending,
yg_0994,플로어,Floor,humor_relatable,유머·공감,강아지에게 자리 뺏긴 1인,한강 피크닉 잔디,반려묘와 함께,초근접 텍스처 클로즈업,코발트 블루,4:5,1080x1350,피드 세로,"A premium oversized bean bag sofa (좌식 문화 맞춤 초저높이 빈백), 코발트 블루 fabric color, a person with a cat curled up nearby, Hangang river park lawn picnic, outdoor daytime, extreme macro close-up of plush fabric texture, shallow depth of field, Korean home aesthetic, photorealistic, high-end interior photography, soft natural shadows, 8k, advertising quality, leave clean negative space at the top for a text overlay","logo, brand text, watermark, deformed limbs, extra fingers, low quality, blurry text, distorted face, cluttered, oversaturated, plastic look, duplicate furniture, broken perspective",pending,
yg_0995,서포트,Support,before_after,비포·애프터,어제의 허리 vs 오늘의 허리,미니멀 화이트 스튜디오,반려견과 집사,파스텔 팝 컬러블록,딥 네이비,1:1,1080x1080,피드 정방,"A premium oversized bean bag sofa (U자형 받침 쿠션, 빈백과 결합해 리클라이너로 변신), 딥 네이비 fabric color, a person with a small dog cuddling, clean white photo studio, seamless backdrop, pastel pop color-block background, playful graphic style, Korean home aesthetic, photorealistic, high-end interior photography, soft natural shadows, 8k, advertising quality, leave clean negative space at the top for a text overlay","logo, brand text, watermark, deformed limbs, extra fingers, low quality, blurry text, distorted face, cluttered, oversaturated, plastic look, duplicate furniture, broken perspective",pending,
yg_0996,프라임,Prime,transformation,변신·다용도,"소파였다가, 침대였다가, 의자였다가",한강 피크닉 잔디,반려견과 집사,오버헤드 부감,올리브 그린,9:16,1080x1920,릴스/스토리,"A premium oversized bean bag sofa (슬림한 등받이형 빈백, 의자처럼 세워 앉기 좋은 형태), 올리브 그린 fabric color, a person with a small dog cuddling, Hangang river park lawn picnic, outdoor daytime, high overhead bird's-eye angle looking down, Korean home aesthetic, photorealistic, high-end interior photography, soft natural shadows, 8k, advertising quality, leave clean negative space at the top for a text overlay","logo, brand text, watermark, deformed limbs, extra fingers, low quality, blurry text, distorted face, cluttered, oversaturated, plastic look, duplicate furniture, broken perspective",pending,
yg_0997,드롭,Drop,price_value,가치·합리화,"10년 쓰는 소파, 커버만 갈면 새것",감성 카페 라운지,시니어 부모님,로우앵글 임팩트,차콜 그레이,1:1,1080x1080,피드 정방,"A premium oversized bean bag sofa (물방울 형태의 빈백 스툴, 발받침·보조 좌석용), 차콜 그레이 fabric color, an elderly parent resting comfortably, trendy cafe lounge interior, warm wood tones, dramatic low angle, product looks grand and inviting, Korean home aesthetic, photorealistic, high-end interior photography, soft natural shadows, 8k, advertising quality, leave clean negative space at the top for a text overlay","logo, brand text, watermark, deformed limbs, extra fingers, low quality, blurry text, distorted face, cluttered, oversaturated, plastic look, duplicate furniture, broken perspective",pending,
yg_0998,피라미드,Pyramid,price_value,가치·합리화,버리는 소파 vs 평생 가는 소파,햇살 드는 거실 창가,시니어 부모님,파스텔 팝 컬러블록,딥 네이비,4:5,1080x1350,피드 세로,"A premium oversized bean bag sofa (삼각 쿠션형 빈백, 등·허리 받침용 보조 쿠션), 딥 네이비 fabric color, an elderly parent resting comfortably, sunlit living room by a large window, soft daylight, pastel pop color-block background, playful graphic style, Korean home aesthetic, photorealistic, high-end interior photography, soft natural shadows, 8k, advertising quality, leave clean negative space at the top for a text overlay","logo, brand text, watermark, deformed limbs, extra fingers, low quality, blurry text, distorted face, cluttered, oversaturated, plastic look, duplicate furniture, broken perspective",pending,
yg_0999,서포트,Support,social_proof,사회적 증거,1인 가구가 가장 많이 산 가구 1위,키즈룸,반려묘와 함께,초근접 텍스처 클로즈업,더스티 핑크,4:5,1080x1350,피드 세로,"A premium oversized bean bag sofa (U자형 받침 쿠션, 빈백과 결합해 리클라이너로 변신), 더스티 핑크 fabric color, a person with a cat curled up nearby, bright kids room with toys, playful pastel palette, extreme macro close-up of plush fabric texture, shallow depth of field, Korean home aesthetic, photorealistic, high-end interior photography, soft natural shadows, 8k, advertising quality, leave clean negative space at the top for a text overlay","logo, brand text, watermark, deformed limbs, extra fingers, low quality, blurry text, distorted face, cluttered, oversaturated, plastic look, duplicate furniture, broken perspective",pending,
yg_1000,펫,Pet,price_value,가치·합리화,"10년 쓰는 소파, 커버만 갈면 새것",아늑한 원룸,시니어 부모님,한 손 스케일 비교,크림 베이지,9:16,1080x1920,릴스/스토리,"A premium oversized bean bag sofa (방수·항균·발톱 저항 커버의 반려동물용 빈백), 크림 베이지 fabric color, an elderly parent resting comfortably, cozy compact studio apartment, minimal Korean interior, hand or person for scale, emphasizing size and softness, Korean home aesthetic, photorealistic, high-end interior photography, soft natural shadows, 8k, advertising quality, leave clean negative space at the top for a text overlay","logo, brand text, watermark, deformed limbs, extra fingers, low quality, blurry text, distorted face, cluttered, oversaturated, plastic look, duplicate furniture, broken perspective",pending,
